VMONTH,VDAYR,ARRTIME,AGE,IMMEDR,PAINSCALE,LOV,ADMITHOS,BOARD,WAITTIME
9,3,868,44,0.0,0.0,72.0,0,1.0,34.0
9,4,332,46,3.0,5.0,113.0,0,1.0,109.0
9,4,998,19,0.0,3.0,145.0,0,1.0,64.0
9,5,614,65,2.0,3.0,204.0,1,1.0,14.0
10,1,940,36,0.0,5.0,113.0,0,1.0,6.0
10,2,1254,9,2.0,0.0,772.0,0,1.0,6.0
10,3,453,66,0.0,5.0,218.0,0,1.0,28.0
10,3,1039,5,0.0,0.0,160.0,0,1.0,37.0
10,4,906,53,3.0,10.0,272.0,0,1.0,161.0
10,5,1149,24,2.0,0.0,366.0,0,1.0,92.0
10,6,817,60,3.0,8.0,381.0,0,1.0,181.0
10,6,1069,44,4.0,0.0,102.0,0,1.0,37.0
10,1,1328,20,4.0,8.0,266.0,0,1.0,158.0
10,2,424,60,4.0,7.0,265.0,0,1.0,102.0
10,1,1328,20,4.0,8.0,266.0,0,1.0,158.0
10,2,424,60,4.0,7.0,265.0,0,1.0,102.0
10,2,738,44,3.0,4.0,355.0,0,1.0,69.0
10,2,1005,58,3.0,5.0,352.0,0,1.0,29.0
10,3,474,84,3.0,1.0,155.0,0,1.0,29.0
10,3,1373,43,3.0,8.0,67.0,0,1.0,31.0
10,4,600,88,4.0,0.0,108.0,0,1.0,23.0
10,5,1190,48,4.0,7.0,99.0,0,1.0,38.0
10,7,684,56,3.0,8.0,97.0,0,1.0,71.0
10,7,1009,50,3.0,4.0,223.0,0,1.0,64.0
10,7,1307,22,4.0,6.0,74.0,0,1.0,7.0
10,2,599,24,3.0,7.0,172.0,0,1.0,3.0
10,2,864,73,3.0,6.0,627.0,1,1.0,0.0
10,2,1345,23,4.0,6.0,337.0,0,1.0,0.0
10,3,431,62,3.0,5.0,579.0,0,1.0,0.0
10,3,790,48,3.0,0.0,225.0,0,1.0,0.0
10,3,1050,31,4.0,0.0,364.0,0,1.0,0.0
10,3,1228,52,2.0,0.0,187.0,0,1.0,1.0
10,4,241,16,3.0,6.0,156.0,0,1.0,23.0
10,4,597,78,3.0,0.0,285.0,1,1.0,81.0
10,4,920,70,3.0,9.0,513.0,1,1.0,62.0
10,5,434,35,3.0,10.0,949.0,1,1.0,0.0
10,5,772,75,3.0,5.0,462.0,1,1.0,4.0
10,5,785,11,3.0,8.0,212.0,0,1.0,4.0
10,5,1044,15,4.0,4.0,153.0,0,1.0,7.0
10,5,1232,37,4.0,9.0,302.0,0,1.0,15.0
10,6,1292,80,3.0,0.0,203.0,0,1.0,8.0
10,7,891,36,3.0,9.0,311.0,0,1.0,11.0
10,7,1320,25,4.0,6.0,326.0,0,1.0,0.0
10,1,587,19,3.0,10.0,331.0,0,1.0,0.0
10,2,515,6,4.0,4.0,168.0,0,1.0,0.0
10,2,744,57,3.0,3.0,380.0,0,1.0,0.0
10,2,942,54,3.0,10.0,635.0,0,1.0,0.0
10,2,1279,14,3.0,8.0,377.0,0,1.0,0.0
11,3,452,29,3.0,0.0,286.0,0,1.0,0.0
11,3,698,51,3.0,5.0,559.0,1,1.0,0.0
11,3,1023,88,2.0,8.0,368.0,1,1.0,0.0
11,4,860,69,3.0,0.0,396.0,1,1.0,6.0
11,5,1,20,4.0,8.0,266.0,0,1.0,12.0
11,5,661,76,4.0,7.0,129.0,0,1.0,9.0
11,5,950,34,3.0,0.0,383.0,0,1.0,12.0
11,6,56,89,3.0,4.0,288.0,0,1.0,27.0
11,6,679,64,3.0,7.0,368.0,0,1.0,12.0
11,6,832,0,3.0,6.0,336.0,0,1.0,42.0
11,7,1176,30,4.0,4.0,315.0,0,1.0,14.0
11,2,45,66,3.0,9.0,410.0,1,1.0,18.0
11,2,821,40,3.0,0.0,279.0,0,1.0,8.0
11,3,481,87,3.0,6.0,621.0,0,1.0,12.0
11,3,762,33,3.0,8.0,590.0,1,1.0,9.0
11,3,1266,25,3.0,10.0,298.0,0,1.0,55.0
11,4,1422,2,4.0,0.0,102.0,0,1.0,8.0
11,6,313,64,3.0,8.0,106.0,0,1.0,6.0
11,6,708,76,4.0,5.0,245.0,0,1.0,10.0
11,6,1011,70,3.0,3.0,518.0,1,1.0,49.0
11,7,588,79,3.0,0.0,226.0,0,1.0,7.0
11,7,973,19,4.0,5.0,149.0,0,1.0,5.0
11,1,437,22,3.0,8.0,98.0,0,1.0,10.0
11,1,1074,48,3.0,9.0,291.0,0,1.0,28.0
11,2,896,75,3.0,6.0,363.0,0,1.0,20.0
11,3,174,28,4.0,10.0,50.0,0,1.0,12.0
11,3,665,18,3.0,2.0,233.0,0,1.0,19.0
11,3,900,69,3.0,10.0,430.0,0,1.0,26.0
11,3,1232,75,2.0,0.0,288.0,1,1.0,17.0
11,4,470,1,4.0,0.0,198.0,0,1.0,14.0
11,4,768,70,3.0,7.0,414.0,1,1.0,2.0
11,4,1091,58,3.0,10.0,456.0,0,1.0,4.0
11,5,596,41,3.0,6.0,447.0,1,1.0,3.0
11,5,1161,14,2.0,0.0,223.0,0,1.0,7.0
11,5,1345,56,4.0,8.0,257.0,0,1.0,100.0
11,6,607,26,3.0,8.0,346.0,0,1.0,5.0
11,6,941,51,3.0,8.0,221.0,0,1.0,5.0
11,7,739,12,3.0,10.0,520.0,0,1.0,21.0
11,1,931,79,3.0,5.0,457.0,0,1.0,2.0
11,1,1291,35,3.0,7.0,211.0,0,1.0,19.0
11,1,1335,36,3.0,10.0,310.0,1,1.0,5.0
11,1,1407,5,3.0,9.0,148.0,0,1.0,14.0
10,2,19,70,7.0,7.0,339.0,0,2.0,284.0
10,2,514,56,7.0,6.0,314.0,0,2.0,6.0
10,2,909,23,7.0,4.0,55.0,0,2.0,26.0
10,3,547,38,7.0,4.0,260.0,0,2.0,13.0
10,1,468,77,7.0,5.0,175.0,0,2.0,140.0
10,2,218,40,7.0,5.0,85.0,0,2.0,32.0
10,2,595,53,7.0,10.0,591.0,0,2.0,80.0
11,3,81,29,7.0,7.0,318.0,0,2.0,59.0
11,3,738,54,7.0,4.0,475.0,1,2.0,17.0
11,5,576,25,7.0,8.0,295.0,0,2.0,221.0
11,6,405,53,7.0,4.0,255.0,0,2.0,35.0
11,7,87,33,7.0,4.0,278.0,0,2.0,23.0
11,1,780,33,7.0,4.0,172.0,0,2.0,25.0
11,2,98,28,7.0,6.0,247.0,0,2.0,17.0
11,2,414,68,7.0,5.0,459.0,0,2.0,43.0
11,3,823,73,7.0,0.0,272.0,0,2.0,37.0
11,4,88,25,7.0,3.0,154.0,0,2.0,22.0
11,4,507,35,7.0,8.0,305.0,0,2.0,23.0
11,5,45,25,7.0,0.0,168.0,0,2.0,25.0
11,6,62,39,7.0,0.0,75.0,0,2.0,23.0
11,7,535,45,7.0,8.0,275.0,0,2.0,13.0
11,7,898,25,7.0,0.0,191.0,0,2.0,22.0
11,7,1408,19,7.0,2.0,133.0,0,2.0,66.0
11,1,108,25,7.0,0.0,63.0,0,2.0,17.0
11,1,767,27,7.0,3.0,326.0,0,2.0,23.0
11,2,465,34,7.0,8.0,192.0,0,2.0,10.0
11,3,55,26,7.0,6.0,109.0,0,2.0,20.0
11,5,72,49,7.0,4.0,169.0,0,2.0,28.0
11,5,571,70,7.0,6.0,213.0,0,2.0,34.0
11,5,757,41,7.0,0.0,282.0,0,2.0,28.0
11,5,1037,36,7.0,5.0,113.0,0,2.0,53.0
11,6,455,36,7.0,0.0,289.0,0,2.0,40.0
11,7,584,49,7.0,10.0,130.0,0,2.0,36.0
10,2,623,6,7.0,2.0,49.0,0,2.0,22.0
11,3,525,17,7.0,5.0,122.0,0,2.0,75.0
11,4,682,12,7.0,8.0,183.0,0,2.0,68.0
9,2,719,68,3.0,0.0,1924.0,0,1.0,93.0
9,3,895,28,3.0,9.0,224.0,0,1.0,117.0
9,5,694,77,2.0,0.0,1020.0,1,1.0,184.0
9,5,1357,80,3.0,8.0,213.0,0,1.0,130.0
10,3,295,54,3.0,6.0,235.0,1,1.0,41.0
10,1,1002,67,5.0,7.0,163.0,0,1.0,90.0
10,2,618,55,3.0,7.0,349.0,0,1.0,81.0
10,2,1258,88,2.0,4.0,767.0,1,1.0,88.0
10,1,903,43,2.0,5.0,388.0,0,1.0,6.0
10,3,676,37,3.0,8.0,102.0,0,1.0,20.0
10,4,1437,33,3.0,10.0,372.0,0,1.0,128.0
10,6,1260,80,4.0,0.0,534.0,0,1.0,59.0
10,1,1302,62,3.0,0.0,217.0,0,1.0,134.0
9,5,565,1,3.0,8.0,251.0,0,1.0,7.0
9,6,1215,9,3.0,0.0,981.0,0,1.0,52.0
10,3,820,39,3.0,10.0,403.0,0,1.0,26.0
10,4,1237,55,3.0,3.0,652.0,0,1.0,29.0
10,6,606,11,3.0,9.0,276.0,0,1.0,160.0
10,7,938,6,5.0,0.0,300.0,0,1.0,113.0
10,1,718,2,3.0,0.0,75.0,0,1.0,9.0
10,1,1372,3,4.0,9.0,79.0,0,1.0,51.0
3,2,1190,48,3.0,5.0,295.0,0,1.0,272.0
3,4,700,39,2.0,9.0,205.0,0,1.0,12.0
3,6,1401,46,2.0,7.0,215.0,0,1.0,5.0
3,1,1010,32,3.0,3.0,175.0,0,1.0,63.0
3,2,358,20,3.0,0.0,260.0,0,1.0,15.0
3,3,25,45,2.0,0.0,251.0,0,1.0,2.0
3,3,1299,43,3.0,7.0,145.0,0,1.0,19.0
3,4,971,58,4.0,2.0,155.0,0,1.0,66.0
3,5,961,31,4.0,0.0,31.0,0,1.0,9.0
3,2,611,83,4.0,6.0,64.0,0,1.0,16.0
3,2,1022,37,5.0,0.0,94.0,0,1.0,29.0
3,3,583,29,4.0,3.0,152.0,0,1.0,97.0
3,3,1063,31,3.0,0.0,341.0,0,1.0,145.0
3,4,743,27,3.0,4.0,184.0,0,1.0,35.0
3,4,1326,34,4.0,8.0,95.0,0,1.0,17.0
3,5,995,48,3.0,8.0,250.0,0,1.0,81.0
3,6,819,84,3.0,4.0,120.0,0,1.0,28.0
3,6,1403,39,4.0,0.0,238.0,0,1.0,7.0
3,7,908,82,3.0,8.0,250.0,0,1.0,5.0
3,1,562,51,4.0,10.0,44.0,0,1.0,14.0
3,1,1107,51,4.0,5.0,178.0,0,1.0,4.0
3,2,998,49,5.0,9.0,205.0,0,1.0,16.0
3,3,908,51,4.0,0.0,36.0,0,1.0,7.0
3,4,598,69,4.0,0.0,205.0,0,1.0,69.0
3,4,1216,76,3.0,0.0,157.0,0,1.0,36.0
3,5,1052,40,4.0,0.0,83.0,0,1.0,38.0
3,6,864,67,3.0,4.0,141.0,0,1.0,31.0
3,7,663,64,4.0,8.0,67.0,0,1.0,28.0
3,7,1191,2,4.0,2.0,106.0,0,1.0,23.0
3,1,882,75,3.0,0.0,219.0,0,1.0,22.0
3,2,1317,6,4.0,7.0,201.0,0,1.0,1.0
3,4,773,2,4.0,2.0,49.0,0,1.0,25.0
3,6,500,17,3.0,8.0,302.0,0,1.0,3.0
3,7,1073,4,4.0,0.0,340.0,0,1.0,166.0
3,2,732,21,3.0,5.0,229.0,0,1.0,24.0
3,3,1432,7,4.0,5.0,163.0,0,1.0,104.0
3,5,1378,5,3.0,0.0,47.0,0,1.0,7.0
3,2,828,3,2.0,0.0,276.0,0,1.0,24.0
3,4,490,13,4.0,3.0,272.0,0,1.0,20.0
3,5,1280,7,4.0,8.0,348.0,0,1.0,159.0
4,7,791,16,3.0,7.0,244.0,0,1.0,41.0
4,3,1231,1,3.0,0.0,278.0,0,1.0,159.0
4,5,888,4,4.0,5.0,167.0,0,1.0,6.0
4,7,747,1,3.0,0.0,168.0,0,1.0,33.0
9,2,669,88,5.0,0.0,381.0,0,1.0,0.0
9,2,1147,43,4.0,9.0,108.0,0,1.0,0.0
9,4,1268,23,4.0,0.0,1501.0,0,1.0,0.0
9,5,519,51,4.0,10.0,1165.0,1,1.0,0.0
9,2,750,82,2.0,0.0,701.0,1,1.0,0.0
9,5,920,76,3.0,7.0,257.0,1,1.0,0.0
10,7,722,34,5.0,0.0,106.0,0,1.0,0.0
10,1,1333,65,2.0,0.0,2259.0,1,1.0,0.0
10,1,1235,18,3.0,6.0,288.0,0,1.0,0.0
10,2,946,91,2.0,0.0,248.0,0,1.0,0.0
10,4,87,51,4.0,6.0,248.0,0,1.0,0.0
10,4,363,22,2.0,10.0,288.0,0,1.0,0.0
10,5,706,17,3.0,3.0,282.0,0,1.0,0.0
10,5,485,50,4.0,0.0,136.0,0,1.0,0.0
10,6,778,55,2.0,0.0,109.0,0,1.0,0.0
10,6,521,75,2.0,3.0,1093.0,0,1.0,0.0
10,7,866,60,2.0,6.0,205.0,0,1.0,0.0
10,1,1080,19,3.0,4.0,104.0,0,1.0,0.0
10,2,640,51,2.0,6.0,783.0,1,1.0,0.0
10,2,1085,32,3.0,3.0,267.0,0,1.0,0.0
10,3,1130,73,4.0,5.0,312.0,0,1.0,0.0
10,4,699,38,3.0,5.0,238.0,0,1.0,0.0
10,4,1191,46,3.0,10.0,257.0,0,1.0,0.0
10,5,774,85,2.0,0.0,476.0,0,1.0,0.0
10,6,854,23,5.0,8.0,499.0,0,1.0,0.0
10,7,847,60,2.0,4.0,342.0,0,1.0,0.0
10,1,71,31,3.0,9.0,280.0,0,1.0,0.0
10,1,1080,59,2.0,10.0,171.0,1,1.0,0.0
10,2,682,80,5.0,5.0,53.0,0,1.0,0.0
10,2,1061,79,3.0,0.0,785.0,0,1.0,0.0
10,4,483,30,4.0,4.0,143.0,0,1.0,0.0
10,6,612,69,3.0,4.0,469.0,0,1.0,0.0
10,6,1213,23,2.0,3.0,190.0,0,1.0,0.0
10,7,998,82,3.0,6.0,440.0,0,1.0,0.0
10,1,934,74,2.0,0.0,201.0,0,1.0,0.0
10,1,1249,51,3.0,5.0,161.0,0,1.0,0.0
9,3,647,5,0.0,6.0,186.0,0,1.0,3.0
9,5,1345,2,3.0,0.0,205.0,0,1.0,0.0
10,5,877,11,3.0,0.0,166.0,0,1.0,0.0
10,6,220,16,2.0,10.0,384.0,1,1.0,0.0
10,7,1079,12,3.0,5.0,223.0,0,1.0,0.0
10,2,1200,0,3.0,0.0,189.0,0,1.0,0.0
10,7,1323,17,3.0,8.0,267.0,0,1.0,0.0
10,3,1059,11,2.0,0.0,217.0,0,1.0,0.0
10,1,45,8,3.0,10.0,109.0,0,1.0,0.0
10,1,541,3,2.0,0.0,445.0,0,1.0,0.0
2,2,641,13,3.0,3.0,123.0,0,1.0,14.0
2,2,813,18,3.0,6.0,381.0,0,1.0,12.0
2,2,1049,14,2.0,0.0,232.0,0,1.0,30.0
2,3,695,17,2.0,7.0,269.0,0,1.0,17.0
2,3,1136,2,4.0,0.0,147.0,0,1.0,12.0
2,4,1244,19,3.0,0.0,357.0,0,1.0,45.0
2,4,972,4,3.0,2.0,86.0,0,1.0,13.0
2,4,1211,16,2.0,5.0,258.0,0,1.0,12.0
2,5,848,15,3.0,0.0,479.0,0,1.0,6.0
2,5,1141,1,4.0,0.0,131.0,0,1.0,14.0
2,6,552,0,4.0,0.0,260.0,0,1.0,4.0
2,6,752,7,2.0,0.0,418.0,0,1.0,156.0
2,6,1035,0,4.0,0.0,61.0,0,1.0,6.0
2,7,667,19,3.0,0.0,247.0,0,1.0,11.0
2,1,467,2,4.0,8.0,94.0,0,1.0,0.0
2,1,769,19,4.0,1.0,54.0,0,1.0,8.0
2,1,1080,0,3.0,0.0,108.0,0,1.0,15.0
2,2,795,7,3.0,3.0,387.0,0,1.0,41.0
2,2,1066,4,3.0,0.0,291.0,0,1.0,18.0
2,4,694,4,3.0,0.0,187.0,0,1.0,10.0
2,4,1185,16,3.0,0.0,163.0,0,1.0,8.0
2,5,619,16,4.0,6.0,81.0,0,1.0,13.0
2,5,880,4,4.0,0.0,121.0,0,1.0,7.0
2,5,1278,0,3.0,0.0,137.0,0,1.0,18.0
2,6,543,16,3.0,7.0,556.0,0,1.0,12.0
2,6,965,1,4.0,0.0,53.0,0,1.0,15.0
2,6,1388,16,4.0,5.0,197.0,0,1.0,6.0
2,7,780,12,4.0,9.0,103.0,0,1.0,96.0
2,1,834,13,3.0,4.0,124.0,0,1.0,18.0
2,1,1075,2,4.0,4.0,106.0,0,1.0,19.0
2,2,619,8,3.0,4.0,579.0,0,1.0,10.0
3,3,1059,16,4.0,6.0,163.0,0,1.0,4.0
3,3,1411,6,4.0,0.0,337.0,0,1.0,7.0
3,4,851,1,3.0,3.0,156.0,0,1.0,9.0
3,4,1175,0,2.0,0.0,190.0,0,1.0,12.0
3,5,654,19,4.0,9.0,335.0,0,1.0,13.0
3,5,934,0,3.0,0.0,201.0,0,1.0,5.0
3,5,1318,15,2.0,0.0,749.0,0,1.0,49.0
3,6,125,2,4.0,0.0,184.0,0,1.0,3.0
3,6,732,2,4.0,0.0,241.0,0,1.0,12.0
3,6,983,18,3.0,0.0,342.0,0,1.0,16.0
3,6,1152,13,4.0,0.0,160.0,0,1.0,8.0
3,6,1384,2,3.0,0.0,243.0,0,1.0,11.0
3,7,542,1,4.0,0.0,416.0,0,1.0,12.0
3,7,795,13,3.0,8.0,138.0,0,1.0,2.0
3,7,987,16,2.0,0.0,2743.0,0,1.0,8.0
3,7,1367,13,3.0,0.0,121.0,0,1.0,10.0
3,1,916,12,4.0,4.0,144.0,0,1.0,10.0
3,1,1162,1,2.0,0.0,276.0,0,1.0,6.0
3,2,884,1,4.0,0.0,310.0,0,1.0,15.0
3,2,1437,1,3.0,0.0,131.0,0,1.0,25.0
3,3,896,19,4.0,0.0,1684.0,0,1.0,24.0
3,3,1362,14,3.0,2.0,158.0,0,1.0,5.0
3,4,1193,13,3.0,0.0,242.0,0,1.0,52.0
3,5,126,2,3.0,0.0,166.0,0,1.0,24.0
3,5,589,16,4.0,0.0,169.0,0,1.0,6.0
3,5,1186,0,3.0,0.0,323.0,0,1.0,10.0
3,6,284,15,3.0,0.0,49.0,0,1.0,11.0
3,6,711,16,4.0,0.0,118.0,0,1.0,9.0
3,6,975,20,4.0,0.0,64.0,0,1.0,22.0
3,6,1143,3,4.0,0.0,124.0,0,1.0,46.0
3,6,1329,9,4.0,4.0,292.0,0,1.0,33.0
3,7,1020,3,3.0,0.0,237.0,0,1.0,7.0
3,7,1221,8,4.0,7.0,116.0,0,1.0,14.0
3,1,741,2,3.0,0.0,222.0,0,1.0,22.0
3,1,994,0,4.0,0.0,207.0,0,1.0,17.0
1,7,839,18,7.0,7.0,166.0,0,2.0,161.0
6,3,635,23,0.0,7.0,156.0,0,1.0,14.0
6,4,696,55,4.0,10.0,96.0,0,1.0,4.0
6,5,768,57,4.0,5.0,110.0,0,1.0,26.0
6,4,1018,39,3.0,8.0,285.0,0,1.0,9.0
6,5,602,34,4.0,10.0,65.0,0,1.0,5.0
6,5,1326,7,4.0,0.0,231.0,0,1.0,158.0
4,7,992,49,7.0,9.0,100.0,1,1.0,6.0
7,2,257,55,3.0,6.0,974.0,0,1.0,65.0
7,3,201,67,4.0,6.0,920.0,0,1.0,86.0
7,4,441,69,4.0,5.0,882.0,0,1.0,117.0
7,5,751,55,4.0,7.0,617.0,1,1.0,46.0
7,2,322,71,4.0,8.0,946.0,0,1.0,75.0
7,3,631,59,4.0,8.0,560.0,1,1.0,73.0
7,4,1247,74,4.0,6.0,1043.0,0,1.0,32.0
7,6,248,74,4.0,3.0,986.0,1,1.0,69.0
7,7,1180,72,4.0,6.0,1030.0,1,1.0,49.0
7,2,1357,76,4.0,6.0,1003.0,0,1.0,14.0
7,4,1242,61,3.0,4.0,1595.0,0,1.0,57.0
7,6,1238,79,3.0,5.0,1112.0,0,1.0,34.0
7,7,1181,53,3.0,2.0,519.0,0,1.0,36.0
7,3,77,73,3.0,4.0,1102.0,0,1.0,41.0
7,5,1195,71,3.0,5.0,684.0,0,1.0,23.0
7,7,74,54,3.0,6.0,1099.0,0,1.0,56.0
7,5,1249,74,3.0,5.0,1309.0,0,1.0,38.0
7,7,1190,59,3.0,5.0,1119.0,1,1.0,24.0
7,2,679,8,1.0,0.0,148.0,0,1.0,76.0
7,3,861,8,2.0,0.0,167.0,0,1.0,28.0
7,2,1018,49,2.0,6.0,1293.0,1,1.0,14.0
7,3,1119,34,3.0,7.0,2541.0,1,1.0,12.0
7,2,697,42,3.0,5.0,241.0,0,1.0,35.0
7,3,877,41,3.0,6.0,416.0,1,1.0,12.0
7,2,781,38,3.0,5.0,270.0,0,1.0,23.0
7,5,1123,23,3.0,6.0,829.0,1,1.0,26.0
7,2,138,56,3.0,0.0,915.0,1,1.0,29.0
7,2,764,58,3.0,0.0,510.0,0,1.0,55.0
7,2,77,58,3.0,0.0,861.0,1,1.0,52.0
7,2,1192,53,3.0,0.0,802.0,0,1.0,78.0
7,5,648,43,3.0,0.0,352.0,0,1.0,44.0
7,1,1339,55,3.0,0.0,742.0,0,1.0,57.0
7,1,209,43,2.0,0.0,724.0,0,1.0,33.0
1,2,1277,64,2.0,0.0,373.0,1,1.0,10.0
1,2,1140,70,3.0,8.0,803.0,0,1.0,438.0
1,5,1335,90,3.0,9.0,241.0,1,1.0,6.0
1,5,938,36,3.0,6.0,136.0,1,1.0,136.0
1,1,676,40,3.0,7.0,226.0,0,1.0,64.0
1,1,1113,41,3.0,10.0,329.0,0,1.0,95.0
1,7,1189,38,4.0,0.0,122.0,0,1.0,71.0
1,1,168,37,4.0,7.0,90.0,0,1.0,52.0
1,1,1404,56,4.0,0.0,185.0,0,1.0,76.0
1,2,547,34,3.0,2.0,337.0,0,1.0,67.0
1,2,1014,19,3.0,7.0,316.0,0,1.0,22.0
1,3,44,58,3.0,6.0,1240.0,1,1.0,230.0
1,5,951,36,3.0,6.0,393.0,0,1.0,112.0
1,6,1078,66,4.0,9.0,298.0,0,1.0,220.0
1,7,201,61,2.0,10.0,185.0,0,1.0,41.0
1,7,1047,80,4.0,10.0,238.0,0,1.0,24.0
1,1,657,81,3.0,10.0,3161.0,1,1.0,15.0
1,1,1044,76,3.0,7.0,1485.0,0,1.0,20.0
12,5,172,43,3.0,9.0,311.0,0,1.0,18.0
6,2,1128,79,2.0,2.0,208.0,1,1.0,10.0
6,2,405,61,3.0,7.0,90.0,0,1.0,8.0
6,3,637,62,3.0,0.0,545.0,1,1.0,2.0
6,3,852,30,3.0,8.0,167.0,0,1.0,2.0
6,3,1065,53,5.0,3.0,89.0,0,1.0,6.0
6,3,1263,66,3.0,5.0,149.0,0,1.0,22.0
6,3,412,57,3.0,10.0,483.0,1,1.0,3.0
6,4,809,15,2.0,0.0,476.0,0,1.0,5.0
6,4,1259,31,2.0,4.0,38.0,0,1.0,14.0
6,5,761,36,3.0,0.0,124.0,0,1.0,12.0
6,5,927,66,3.0,10.0,141.0,0,1.0,11.0
6,5,1156,56,4.0,8.0,34.0,0,1.0,3.0
6,6,427,58,3.0,7.0,130.0,0,1.0,8.0
6,6,647,79,3.0,10.0,102.0,0,1.0,16.0
6,6,844,73,3.0,7.0,138.0,0,1.0,7.0
6,6,1203,25,3.0,8.0,102.0,0,1.0,14.0
6,6,181,34,3.0,7.0,172.0,0,1.0,9.0
6,7,637,46,3.0,0.0,138.0,0,1.0,2.0
6,7,841,72,4.0,4.0,46.0,0,1.0,8.0
6,7,1046,64,3.0,10.0,98.0,0,1.0,16.0
6,7,1330,24,2.0,0.0,795.0,0,1.0,7.0
6,1,554,29,5.0,0.0,86.0,0,1.0,29.0
6,1,717,67,4.0,4.0,67.0,0,1.0,8.0
6,1,833,15,2.0,10.0,105.0,0,1.0,24.0
6,1,1144,25,2.0,0.0,175.0,0,1.0,4.0
6,1,177,66,4.0,5.0,57.0,0,1.0,4.0
6,1,494,76,3.0,9.0,1641.0,0,1.0,54.0
6,2,637,1,3.0,0.0,113.0,0,1.0,11.0
6,2,913,91,4.0,0.0,46.0,0,1.0,6.0
6,2,1107,37,2.0,4.0,38.0,0,1.0,10.0
6,2,22,59,5.0,0.0,27.0,0,1.0,1.0
6,3,593,46,2.0,8.0,484.0,1,1.0,0.0
6,3,923,82,3.0,0.0,371.0,1,1.0,3.0
6,3,1185,18,4.0,8.0,26.0,0,1.0,9.0
6,3,33,56,4.0,5.0,101.0,0,1.0,37.0
6,4,993,69,3.0,5.0,89.0,0,1.0,52.0
6,4,1167,6,3.0,2.0,81.0,0,1.0,59.0
6,4,125,2,5.0,0.0,1491.0,0,1.0,1.0
6,5,71,39,4.0,10.0,40.0,0,1.0,0.0
6,5,563,60,4.0,2.0,89.0,0,1.0,40.0
6,5,746,84,3.0,9.0,96.0,0,1.0,15.0
6,5,1108,60,4.0,10.0,31.0,0,1.0,6.0
6,6,375,25,2.0,10.0,276.0,1,1.0,47.0
6,6,676,69,2.0,0.0,415.0,1,1.0,37.0
6,6,1002,23,3.0,7.0,67.0,0,1.0,6.0
6,7,257,84,4.0,0.0,121.0,0,1.0,13.0
6,7,615,30,5.0,0.0,22.0,0,1.0,5.0
6,7,891,79,4.0,0.0,44.0,0,1.0,11.0
6,7,1104,17,3.0,0.0,90.0,0,1.0,3.0
6,1,548,81,3.0,6.0,343.0,0,1.0,3.0
6,1,1033,37,5.0,6.0,38.0,0,1.0,10.0
6,1,1140,54,3.0,8.0,148.0,0,1.0,44.0
6,2,595,51,3.0,6.0,156.0,0,1.0,11.0
6,2,762,82,3.0,0.0,164.0,0,1.0,64.0
6,2,830,81,3.0,0.0,109.0,0,1.0,2.0
6,2,652,52,3.0,5.0,254.0,0,1.0,36.0
6,2,481,72,3.0,0.0,145.0,0,1.0,17.0
6,3,415,44,4.0,4.0,38.0,0,1.0,6.0
6,3,874,63,4.0,0.0,60.0,0,1.0,18.0
6,3,1138,10,4.0,4.0,55.0,0,1.0,21.0
6,3,1302,52,4.0,9.0,90.0,0,1.0,18.0
6,4,543,62,4.0,9.0,153.0,0,1.0,8.0
6,4,950,61,3.0,5.0,71.0,0,1.0,3.0
6,4,1269,15,4.0,6.0,18.0,0,1.0,3.0
6,5,835,72,4.0,2.0,141.0,0,1.0,32.0
6,5,1112,82,3.0,10.0,60.0,0,1.0,3.0
6,6,406,66,4.0,1.0,154.0,0,1.0,1.0
6,6,689,33,3.0,3.0,192.0,0,1.0,13.0
6,6,913,71,3.0,0.0,282.0,1,1.0,9.0
6,6,1179,61,3.0,4.0,132.0,0,1.0,6.0
6,7,472,84,3.0,10.0,289.0,0,1.0,3.0
6,7,631,44,3.0,8.0,203.0,0,1.0,12.0
6,7,884,71,3.0,0.0,249.0,0,1.0,77.0
6,7,1045,81,4.0,8.0,103.0,0,1.0,29.0
6,7,1378,50,4.0,5.0,72.0,0,1.0,5.0
6,1,530,60,3.0,4.0,161.0,0,1.0,6.0
6,1,779,2,3.0,0.0,251.0,0,1.0,23.0
6,1,1209,29,4.0,5.0,61.0,0,1.0,25.0
6,2,530,42,3.0,0.0,74.0,0,1.0,21.0
6,2,663,67,2.0,0.0,526.0,0,1.0,4.0
6,2,792,88,3.0,0.0,175.0,0,1.0,19.0
6,2,1020,63,3.0,7.0,1387.0,1,1.0,9.0
6,2,1376,60,3.0,0.0,134.0,0,1.0,17.0
6,3,564,66,4.0,8.0,148.0,0,1.0,9.0
6,3,765,31,3.0,0.0,102.0,0,1.0,0.0
6,3,887,84,3.0,0.0,1282.0,1,1.0,17.0
6,3,1130,52,4.0,0.0,27.0,0,1.0,5.0
6,4,394,55,4.0,7.0,127.0,0,1.0,14.0
6,4,587,46,3.0,10.0,189.0,0,1.0,18.0
6,4,915,84,4.0,7.0,198.0,0,1.0,4.0
6,4,1122,91,3.0,0.0,171.0,0,1.0,15.0
6,5,379,71,3.0,4.0,271.0,0,1.0,15.0
6,5,563,54,3.0,8.0,1567.0,1,1.0,2.0
6,5,761,83,4.0,10.0,218.0,0,1.0,43.0
6,5,1285,2,4.0,0.0,99.0,0,1.0,18.0
7,6,686,38,3.0,7.0,28.0,0,1.0,6.0
7,6,1082,69,3.0,0.0,181.0,0,1.0,3.0
7,7,499,18,4.0,3.0,163.0,0,1.0,3.0
7,7,655,73,3.0,3.0,222.0,0,1.0,16.0
7,1,1409,21,3.0,1.0,65.0,0,1.0,2.0
4,2,665,35,3.0,6.0,172.0,0,1.0,6.0
4,2,1061,63,2.0,8.0,1027.0,0,1.0,0.0
4,3,687,77,3.0,2.0,609.0,0,1.0,0.0
4,3,902,47,3.0,6.0,1676.0,0,1.0,2.0
4,3,1153,9,4.0,0.0,70.0,0,1.0,1.0
4,4,776,58,2.0,0.0,287.0,1,1.0,0.0
4,4,1141,41,3.0,7.0,221.0,0,1.0,0.0
4,5,62,52,3.0,2.0,163.0,0,1.0,0.0
4,5,915,94,4.0,0.0,352.0,1,1.0,4.0
4,6,650,53,2.0,0.0,608.0,1,1.0,0.0
4,6,1115,56,2.0,7.0,545.0,1,1.0,0.0
4,7,1182,94,3.0,0.0,449.0,1,1.0,0.0
4,1,276,40,3.0,0.0,466.0,0,1.0,0.0
4,1,1088,59,3.0,6.0,298.0,0,1.0,0.0
4,2,63,63,3.0,2.0,258.0,0,1.0,0.0
4,2,832,57,3.0,6.0,198.0,0,1.0,0.0
4,3,479,69,2.0,6.0,628.0,0,1.0,0.0
4,3,732,75,3.0,4.0,323.0,1,1.0,0.0
4,3,934,73,2.0,0.0,234.0,1,1.0,0.0
4,3,1126,61,3.0,0.0,361.0,1,1.0,0.0
4,3,1350,46,2.0,6.0,325.0,0,1.0,0.0
4,4,561,35,3.0,0.0,164.0,1,1.0,0.0
4,5,1391,74,3.0,0.0,391.0,0,1.0,0.0
4,6,861,23,4.0,4.0,124.0,0,1.0,0.0
4,6,1297,81,3.0,10.0,240.0,1,1.0,0.0
4,7,461,78,2.0,7.0,302.0,0,1.0,0.0
4,7,752,68,2.0,10.0,584.0,1,1.0,0.0
4,7,1160,85,2.0,0.0,420.0,0,1.0,0.0
4,1,724,50,3.0,0.0,267.0,0,1.0,0.0
4,1,1177,51,3.0,7.0,293.0,0,1.0,0.0
4,2,58,29,2.0,0.0,393.0,1,1.0,0.0
4,2,800,56,2.0,0.0,441.0,0,1.0,0.0
4,2,1215,60,3.0,2.0,516.0,0,1.0,0.0
4,3,707,58,3.0,0.0,179.0,0,1.0,0.0
4,3,976,31,2.0,8.0,411.0,1,1.0,0.0
4,4,596,15,2.0,10.0,739.0,0,1.0,0.0
4,4,839,68,2.0,4.0,264.0,0,1.0,0.0
4,2,188,75,2.0,0.0,1110.0,1,1.0,0.0
4,5,1080,90,3.0,7.0,205.0,1,1.0,0.0
4,5,1329,53,2.0,0.0,260.0,1,1.0,0.0
4,6,786,23,3.0,6.0,360.0,0,1.0,0.0
4,6,1203,24,3.0,0.0,271.0,1,1.0,0.0
4,7,792,49,2.0,9.0,345.0,1,1.0,0.0
4,7,1035,79,2.0,7.0,197.0,0,1.0,1.0
4,7,1365,31,3.0,5.0,4.0,0,1.0,0.0
5,1,577,30,3.0,0.0,318.0,1,1.0,0.0
5,1,840,21,4.0,0.0,114.0,0,1.0,0.0
5,2,662,36,2.0,0.0,344.0,1,1.0,0.0
5,2,827,51,2.0,7.0,500.0,0,1.0,0.0
5,2,1339,60,2.0,9.0,310.0,1,1.0,0.0
5,3,528,41,2.0,8.0,311.0,1,1.0,0.0
5,3,1105,52,2.0,9.0,1249.0,0,1.0,0.0
5,3,1372,62,2.0,8.0,897.0,1,1.0,0.0
5,4,506,37,3.0,0.0,69.0,1,1.0,0.0
5,4,808,24,3.0,0.0,159.0,0,1.0,0.0
5,5,180,64,2.0,8.0,624.0,1,1.0,0.0
5,5,870,81,4.0,5.0,288.0,0,1.0,0.0
5,5,1073,53,3.0,8.0,359.0,0,1.0,0.0
5,5,1343,25,3.0,6.0,403.0,0,1.0,0.0
9,2,868,34,2.0,8.0,405.0,0,1.0,7.0
9,2,1430,35,3.0,2.0,303.0,0,1.0,46.0
9,5,1127,24,4.0,7.0,230.0,0,1.0,76.0
9,5,753,41,3.0,5.0,127.0,0,1.0,24.0
9,6,414,66,4.0,9.0,51.0,0,1.0,19.0
9,6,951,63,3.0,0.0,344.0,0,1.0,100.0
10,1,577,57,4.0,3.0,62.0,0,1.0,4.0
10,2,858,49,3.0,5.0,280.0,0,1.0,42.0
10,2,682,41,2.0,0.0,153.0,0,1.0,38.0
10,3,99,23,3.0,4.0,849.0,0,1.0,673.0
10,4,1143,34,3.0,3.0,457.0,0,1.0,59.0
10,4,648,43,3.0,0.0,490.0,0,1.0,54.0
10,5,634,27,4.0,6.0,241.0,0,1.0,47.0
10,6,620,63,3.0,0.0,128.0,0,1.0,32.0
10,6,798,59,3.0,10.0,530.0,0,1.0,80.0
10,7,299,44,3.0,0.0,103.0,0,1.0,17.0
10,1,1292,32,3.0,10.0,216.0,0,1.0,13.0
10,1,968,33,4.0,2.0,177.0,0,1.0,63.0
10,2,1175,39,4.0,6.0,71.0,0,1.0,41.0
10,3,916,53,3.0,5.0,210.0,0,1.0,52.0
10,4,1064,39,3.0,0.0,77.0,0,1.0,2.0
10,5,327,45,4.0,7.0,174.0,0,1.0,111.0
10,6,878,32,3.0,4.0,161.0,0,1.0,28.0
10,7,1174,27,4.0,3.0,117.0,0,1.0,50.0
9,5,1269,17,3.0,5.0,299.0,1,1.0,9.0
10,1,1278,57,2.0,6.0,210.0,1,1.0,7.0
10,2,823,21,4.0,6.0,257.0,0,1.0,84.0
10,3,1239,32,4.0,8.0,93.0,0,1.0,62.0
10,4,724,27,4.0,5.0,116.0,0,1.0,43.0
10,3,942,29,3.0,5.0,147.0,0,1.0,46.0
10,5,731,64,3.0,6.0,166.0,0,1.0,86.0
10,6,549,32,5.0,0.0,65.0,0,1.0,30.0
10,7,635,65,3.0,5.0,377.0,0,1.0,20.0
10,1,538,94,3.0,5.0,250.0,0,1.0,45.0
9,2,835,6,4.0,6.0,219.0,0,1.0,3.0
9,2,175,4,3.0,0.0,98.0,0,1.0,8.0
9,3,734,19,3.0,0.0,73.0,0,1.0,2.0
9,4,555,6,4.0,2.0,78.0,0,1.0,41.0
9,4,896,1,4.0,0.0,173.0,0,1.0,48.0
9,5,1185,9,3.0,6.0,320.0,0,1.0,137.0
9,5,706,19,3.0,7.0,203.0,0,1.0,2.0
9,5,1042,9,4.0,0.0,164.0,0,1.0,5.0
9,6,537,14,3.0,0.0,201.0,0,1.0,3.0
9,6,1117,8,4.0,0.0,107.0,0,1.0,1.0
10,7,977,4,4.0,0.0,103.0,0,1.0,13.0
10,2,1143,3,4.0,0.0,79.0,0,1.0,54.0
10,3,1140,12,4.0,3.0,319.0,0,1.0,11.0
10,4,609,0,5.0,0.0,140.0,0,1.0,60.0
10,4,1045,5,4.0,0.0,230.0,0,1.0,201.0
10,5,156,15,3.0,0.0,776.0,0,1.0,17.0
10,5,1348,19,4.0,4.0,72.0,0,1.0,10.0
10,6,1009,15,4.0,6.0,119.0,0,1.0,3.0
10,6,1301,5,3.0,8.0,188.0,0,1.0,25.0
10,7,1045,15,4.0,0.0,82.0,0,1.0,5.0
10,1,694,5,4.0,0.0,31.0,0,1.0,1.0
10,3,1011,13,4.0,5.0,131.0,0,1.0,9.0
10,4,186,7,4.0,8.0,156.0,0,1.0,42.0
10,4,704,6,4.0,6.0,260.0,0,1.0,89.0
10,4,1231,9,3.0,7.0,64.0,0,1.0,11.0
10,5,1241,18,3.0,4.0,379.0,0,1.0,29.0
10,6,747,9,4.0,2.0,219.0,0,1.0,41.0
10,6,1174,4,4.0,0.0,148.0,0,1.0,86.0
9,2,638,6,3.0,10.0,141.0,1,1.0,4.0
10,4,1391,4,3.0,0.0,214.0,1,1.0,18.0
10,1,930,19,3.0,6.0,87.0,0,1.0,2.0
10,7,1069,1,3.0,0.0,188.0,0,1.0,3.0
10,7,384,13,3.0,0.0,324.0,0,1.0,16.0
10,6,1002,16,4.0,0.0,140.0,0,1.0,2.0
10,5,1324,6,3.0,0.0,202.0,0,1.0,31.0
10,5,471,3,4.0,0.0,174.0,0,1.0,57.0
10,5,1028,14,3.0,6.0,263.0,0,1.0,124.0
4,2,1215,27,3.0,0.0,257.0,0,1.0,0.0
4,4,1326,22,3.0,4.0,99.0,0,1.0,36.0
5,2,1087,74,3.0,0.0,293.0,1,1.0,125.0
5,6,991,58,3.0,8.0,141.0,0,1.0,2.0
5,1,976,72,3.0,9.0,153.0,0,1.0,1.0
4,6,591,54,3.0,3.0,248.0,0,1.0,95.0
4,7,1306,63,2.0,4.0,121.0,0,1.0,12.0
4,6,1279,23,4.0,0.0,202.0,0,1.0,0.0
4,2,549,27,3.0,7.0,245.0,0,1.0,34.0
4,6,856,76,3.0,0.0,192.0,0,1.0,118.0
4,4,1309,46,3.0,8.0,230.0,0,1.0,114.0
5,3,578,72,3.0,0.0,226.0,0,1.0,34.0
4,5,1248,37,3.0,7.0,395.0,0,1.0,240.0
4,5,659,22,3.0,4.0,221.0,0,1.0,166.0
4,6,774,70,3.0,2.0,85.0,0,1.0,61.0
5,4,1102,63,4.0,4.0,244.0,0,1.0,99.0
4,2,551,90,3.0,0.0,428.0,0,1.0,132.0
4,3,506,12,4.0,9.0,145.0,0,1.0,64.0
4,2,1332,54,3.0,2.0,125.0,0,1.0,76.0
4,1,619,33,4.0,7.0,477.0,0,1.0,91.0
4,6,1233,16,3.0,5.0,947.0,0,1.0,88.0
4,3,1003,15,4.0,0.0,280.0,0,1.0,1.0
5,4,884,76,3.0,4.0,134.0,1,1.0,2.0
4,3,1344,17,4.0,7.0,148.0,0,1.0,120.0
4,2,1047,22,3.0,7.0,286.0,0,1.0,139.0
4,3,1083,26,4.0,8.0,407.0,0,1.0,102.0
4,3,781,33,5.0,3.0,83.0,0,1.0,20.0
4,2,734,56,3.0,8.0,149.0,0,1.0,1.0
5,7,398,51,3.0,10.0,164.0,0,1.0,4.0
4,1,193,1,4.0,0.0,172.0,0,1.0,105.0
4,4,691,27,3.0,0.0,452.0,0,1.0,2.0
5,6,630,18,5.0,0.0,74.0,0,1.0,0.0
4,6,1320,17,3.0,9.0,494.0,1,1.0,126.0
4,2,503,54,4.0,4.0,62.0,0,1.0,21.0
5,1,167,8,4.0,0.0,107.0,0,1.0,58.0
4,5,773,78,4.0,10.0,482.0,0,1.0,386.0
5,3,816,36,3.0,0.0,303.0,0,1.0,85.0
4,7,1402,63,3.0,0.0,215.0,0,1.0,83.0
4,2,534,92,3.0,10.0,364.0,1,1.0,36.0
4,5,1374,32,3.0,7.0,336.0,0,1.0,120.0
4,3,998,31,3.0,4.0,384.0,0,1.0,309.0
5,5,1066,42,3.0,9.0,115.0,0,1.0,92.0
4,4,980,87,2.0,0.0,187.0,0,1.0,7.0
4,3,373,40,4.0,7.0,149.0,0,1.0,102.0
4,2,993,50,4.0,6.0,250.0,0,1.0,218.0
4,5,1120,43,3.0,8.0,328.0,0,1.0,81.0
5,4,691,28,3.0,0.0,165.0,0,1.0,22.0
4,4,980,34,3.0,3.0,176.0,0,1.0,81.0
5,6,545,0,4.0,0.0,111.0,0,1.0,59.0
4,6,785,68,3.0,0.0,168.0,1,1.0,7.0
4,7,422,59,3.0,0.0,87.0,0,1.0,30.0
5,2,1273,52,3.0,7.0,490.0,0,1.0,172.0
4,3,625,24,3.0,0.0,143.0,0,1.0,43.0
4,4,51,40,3.0,0.0,173.0,0,1.0,7.0
5,1,872,73,3.0,4.0,162.0,0,1.0,59.0
4,5,288,29,4.0,8.0,30.0,0,1.0,25.0
5,2,889,41,3.0,8.0,334.0,0,1.0,117.0
4,2,1345,77,3.0,0.0,230.0,0,1.0,218.0
5,1,566,44,4.0,9.0,79.0,0,1.0,19.0
4,1,1053,20,3.0,6.0,217.0,0,1.0,157.0
4,5,986,82,3.0,0.0,312.0,0,1.0,126.0
5,6,989,0,3.0,5.0,329.0,1,1.0,168.0
5,5,397,57,3.0,7.0,350.0,0,1.0,13.0
4,5,1028,77,3.0,3.0,99.0,0,1.0,0.0
4,3,612,66,3.0,0.0,96.0,0,1.0,14.0
5,1,1425,33,3.0,9.0,324.0,0,1.0,7.0
4,4,731,79,3.0,8.0,67.0,1,1.0,0.0
4,2,155,34,3.0,0.0,160.0,0,1.0,11.0
4,2,1006,50,3.0,3.0,209.0,0,1.0,170.0
4,1,593,83,3.0,7.0,207.0,1,1.0,10.0
4,6,1041,88,3.0,8.0,61.0,0,1.0,2.0
4,7,1185,7,4.0,0.0,70.0,0,1.0,17.0
4,6,433,40,3.0,7.0,194.0,0,1.0,16.0
4,5,1291,9,3.0,0.0,92.0,1,1.0,0.0
5,5,1415,24,4.0,5.0,116.0,0,1.0,77.0
4,7,728,34,3.0,0.0,235.0,0,1.0,0.0
5,7,504,22,3.0,10.0,348.0,1,1.0,35.0
4,4,299,80,3.0,3.0,91.0,0,1.0,6.0
5,1,753,42,3.0,6.0,97.0,0,1.0,16.0
4,7,278,36,3.0,9.0,213.0,0,1.0,24.0
4,5,551,77,3.0,10.0,608.0,1,1.0,0.0
4,6,452,81,3.0,4.0,134.0,1,1.0,9.0
5,3,1079,45,3.0,5.0,298.0,1,1.0,124.0
4,3,671,48,1.0,0.0,260.0,1,1.0,37.0
4,4,922,82,2.0,0.0,155.0,1,1.0,8.0
4,2,512,79,3.0,0.0,126.0,1,1.0,6.0
4,3,49,69,3.0,2.0,648.0,1,1.0,1.0
2,4,1289,25,4.0,8.0,232.0,0,1.0,41.0
2,3,581,82,3.0,0.0,404.0,1,1.0,55.0
2,7,1063,68,2.0,0.0,307.0,0,1.0,34.0
3,5,1041,15,3.0,0.0,141.0,0,1.0,3.0
3,3,1308,25,3.0,8.0,194.0,0,1.0,69.0
2,4,393,48,3.0,5.0,424.0,0,1.0,3.0
2,2,528,34,3.0,7.0,137.0,0,1.0,5.0
2,5,1097,89,3.0,0.0,249.0,0,1.0,27.0
2,5,579,44,3.0,5.0,149.0,0,1.0,58.0
2,6,1334,58,1.0,0.0,81.0,0,1.0,0.0
3,7,367,7,3.0,2.0,60.0,0,1.0,2.0
2,4,1148,80,2.0,0.0,206.0,0,1.0,47.0
3,6,1165,41,3.0,8.0,362.0,0,1.0,2.0
3,7,486,79,3.0,0.0,453.0,0,1.0,4.0
3,1,432,43,3.0,0.0,240.0,0,1.0,5.0
3,3,648,87,3.0,10.0,222.0,0,1.0,21.0
2,2,11,35,3.0,5.0,83.0,0,1.0,33.0
2,2,933,48,3.0,0.0,221.0,0,1.0,91.0
3,5,985,31,3.0,10.0,111.0,0,1.0,5.0
3,2,723,40,3.0,8.0,502.0,0,1.0,29.0
2,3,944,59,3.0,0.0,208.0,0,1.0,158.0
3,1,1275,16,2.0,10.0,210.0,0,1.0,13.0
3,6,548,17,3.0,3.0,162.0,0,1.0,17.0
3,6,1148,51,3.0,0.0,165.0,0,1.0,8.0
3,4,1121,64,3.0,7.0,97.0,0,1.0,5.0
3,2,678,74,3.0,3.0,23.0,1,1.0,6.0
2,2,542,72,2.0,0.0,374.0,0,1.0,2.0
2,6,102,44,3.0,7.0,169.0,0,1.0,53.0
2,2,1437,45,3.0,7.0,209.0,0,1.0,17.0
3,1,1318,23,3.0,0.0,243.0,0,1.0,99.0
3,1,1399,8,3.0,9.0,293.0,0,1.0,76.0
3,4,562,43,2.0,3.0,166.0,0,1.0,10.0
3,5,678,82,3.0,1.0,98.0,0,1.0,26.0
2,4,646,45,3.0,10.0,193.0,0,1.0,11.0
3,7,1016,14,2.0,7.0,206.0,0,1.0,70.0
3,6,836,51,3.0,6.0,155.0,0,1.0,87.0
3,5,1048,24,3.0,7.0,101.0,0,1.0,12.0
2,7,1081,39,3.0,3.0,256.0,0,1.0,9.0
2,1,1011,53,3.0,2.0,213.0,0,1.0,2.0
2,3,1362,64,3.0,7.0,71.0,0,1.0,9.0
2,2,1070,29,3.0,0.0,153.0,0,1.0,0.0
3,1,1072,11,3.0,5.0,592.0,0,1.0,287.0
3,3,754,17,3.0,0.0,251.0,0,1.0,82.0
3,4,1380,75,3.0,10.0,221.0,0,1.0,10.0
2,5,1316,22,3.0,1.0,196.0,0,1.0,0.0
2,5,507,67,3.0,6.0,76.0,0,1.0,14.0
3,1,1279,17,2.0,2.0,159.0,0,1.0,16.0
3,4,1085,20,3.0,8.0,136.0,0,1.0,3.0
2,7,596,82,3.0,0.0,192.0,0,1.0,14.0
2,7,773,61,3.0,10.0,164.0,0,1.0,7.0
3,6,760,79,3.0,0.0,274.0,0,1.0,17.0
2,5,427,71,3.0,3.0,116.0,0,1.0,10.0
2,3,415,9,3.0,0.0,538.0,0,1.0,26.0
2,1,1422,5,3.0,0.0,96.0,0,1.0,9.0
2,5,1215,20,3.0,5.0,115.0,0,1.0,17.0
2,3,925,34,3.0,8.0,228.0,0,1.0,86.0
2,2,877,82,3.0,9.0,404.0,0,1.0,12.0
3,1,593,45,3.0,9.0,353.0,1,1.0,97.0
2,1,386,42,3.0,0.0,71.0,0,1.0,8.0
2,1,1297,8,3.0,8.0,95.0,0,1.0,17.0
2,6,2,75,3.0,3.0,132.0,0,1.0,4.0
3,6,1123,85,3.0,4.0,226.0,0,1.0,112.0
2,1,1365,84,2.0,9.0,161.0,1,1.0,2.0
3,3,663,16,3.0,7.0,105.0,1,1.0,30.0
2,7,629,90,3.0,0.0,305.0,1,1.0,1.0
2,7,632,86,2.0,0.0,243.0,1,1.0,8.0
2,4,351,37,3.0,0.0,328.0,1,1.0,100.0
6,2,367,34,3.0,4.0,310.0,0,1.0,4.0
6,2,775,9,4.0,9.0,324.0,0,1.0,23.0
6,2,1159,15,2.0,0.0,189.0,0,1.0,0.0
6,3,405,93,3.0,0.0,191.0,0,1.0,3.0
6,3,890,25,3.0,5.0,394.0,0,1.0,10.0
6,4,1172,89,3.0,9.0,343.0,0,1.0,11.0
6,5,527,31,4.0,7.0,70.0,0,1.0,33.0
6,5,940,57,4.0,10.0,88.0,0,1.0,51.0
6,6,1134,23,3.0,4.0,218.0,0,1.0,5.0
6,7,657,94,3.0,9.0,284.0,0,1.0,14.0
6,7,1173,10,3.0,8.0,364.0,0,1.0,69.0
6,2,1045,32,4.0,0.0,215.0,0,1.0,1.0
6,3,901,29,3.0,0.0,247.0,0,1.0,0.0
6,3,1350,45,3.0,0.0,300.0,0,1.0,216.0
6,5,833,20,2.0,0.0,548.0,0,1.0,0.0
6,6,1216,9,4.0,0.0,78.0,0,1.0,18.0
6,1,181,33,3.0,1.0,114.0,0,1.0,1.0
6,2,959,30,3.0,8.0,320.0,0,1.0,17.0
6,2,1397,38,3.0,0.0,383.0,0,1.0,310.0
6,4,641,71,2.0,0.0,324.0,0,1.0,10.0
6,5,952,31,4.0,0.0,68.0,0,1.0,8.0
6,1,631,82,3.0,0.0,276.0,0,1.0,14.0
6,2,464,47,2.0,0.0,319.0,0,1.0,27.0
6,2,864,22,3.0,5.0,222.0,0,1.0,4.0
6,3,605,11,2.0,6.0,117.0,0,1.0,15.0
6,3,1013,67,3.0,8.0,104.0,0,1.0,11.0
6,4,36,32,3.0,5.0,352.0,0,1.0,243.0
6,4,739,30,3.0,10.0,712.0,0,1.0,20.0
6,4,1078,66,2.0,0.0,81.0,0,1.0,53.0
6,5,1276,23,2.0,0.0,224.0,0,1.0,29.0
3,2,506,53,3.0,0.0,192.0,0,1.0,13.0
3,2,703,27,3.0,7.0,150.0,0,1.0,2.0
3,2,1331,0,0.0,4.0,104.0,0,1.0,7.0
3,3,549,49,3.0,10.0,295.0,0,1.0,13.0
3,3,872,43,3.0,0.0,212.0,1,1.0,12.0
3,4,1092,35,3.0,0.0,276.0,0,1.0,15.0
3,5,1422,32,4.0,0.0,814.0,0,1.0,9.0
3,6,592,64,3.0,0.0,257.0,0,1.0,18.0
3,6,774,51,2.0,10.0,236.0,0,1.0,18.0
3,6,1303,1,4.0,0.0,131.0,0,1.0,13.0
3,7,1033,34,3.0,8.0,304.0,0,1.0,5.0
3,1,63,19,3.0,5.0,222.0,0,1.0,7.0
3,2,574,70,4.0,10.0,107.0,0,1.0,6.0
3,2,1133,85,3.0,0.0,315.0,0,1.0,9.0
3,3,499,57,4.0,8.0,90.0,0,1.0,6.0
3,3,835,72,3.0,6.0,102.0,0,1.0,11.0
3,3,1125,40,3.0,10.0,207.0,0,1.0,25.0
3,3,1407,56,3.0,6.0,268.0,0,1.0,8.0
3,4,721,79,3.0,0.0,233.0,0,1.0,15.0
3,4,1020,40,3.0,10.0,208.0,0,1.0,3.0
3,5,119,56,3.0,7.0,211.0,0,1.0,2.0
3,5,695,63,3.0,7.0,735.0,1,1.0,9.0
3,5,870,81,3.0,8.0,287.0,0,1.0,15.0
3,5,1376,0,4.0,0.0,72.0,0,1.0,6.0
3,6,670,59,2.0,5.0,267.0,0,1.0,11.0
3,6,1136,76,2.0,0.0,233.0,1,1.0,8.0
3,6,1360,63,3.0,9.0,52.0,0,1.0,9.0
3,7,660,38,3.0,0.0,179.0,0,1.0,8.0
3,7,1109,33,2.0,0.0,103.0,0,1.0,12.0
3,1,14,22,3.0,0.0,235.0,0,1.0,6.0
3,1,685,64,3.0,7.0,193.0,1,1.0,11.0
3,1,979,60,3.0,9.0,337.0,0,1.0,4.0
3,1,1204,29,2.0,6.0,136.0,0,1.0,10.0
3,2,531,9,3.0,2.0,131.0,0,1.0,5.0
3,2,1090,16,2.0,0.0,211.0,0,1.0,15.0
3,2,1438,60,3.0,0.0,117.0,0,1.0,4.0
3,3,724,43,3.0,10.0,166.0,0,1.0,9.0
3,3,1026,22,2.0,0.0,1281.0,0,1.0,21.0
3,3,1403,19,3.0,3.0,120.0,0,1.0,8.0
3,4,642,94,3.0,6.0,350.0,0,1.0,12.0
3,4,903,84,4.0,0.0,351.0,0,1.0,12.0
3,4,1127,83,3.0,0.0,348.0,1,1.0,20.0
3,5,368,71,3.0,10.0,288.0,0,1.0,6.0
3,5,757,76,3.0,10.0,260.0,1,1.0,6.0
3,5,1137,40,3.0,3.0,361.0,0,1.0,93.0
4,6,426,49,4.0,9.0,56.0,0,1.0,5.0
4,6,801,79,3.0,0.0,196.0,1,1.0,6.0
4,6,1150,81,3.0,0.0,212.0,0,1.0,5.0
4,7,328,74,3.0,8.0,291.0,1,1.0,10.0
4,7,777,87,3.0,10.0,192.0,0,1.0,12.0
4,7,1195,21,3.0,4.0,90.0,0,1.0,4.0
4,1,764,94,4.0,9.0,249.0,1,1.0,12.0
4,1,1084,61,3.0,0.0,115.0,1,1.0,12.0
4,2,402,54,3.0,8.0,197.0,0,1.0,5.0
4,2,709,56,3.0,0.0,160.0,0,1.0,12.0
4,2,1422,64,3.0,0.0,253.0,0,1.0,10.0
4,3,686,71,2.0,0.0,398.0,1,1.0,7.0
4,3,962,8,4.0,0.0,133.0,0,1.0,14.0
4,4,495,43,2.0,0.0,664.0,1,1.0,13.0
4,4,810,17,4.0,8.0,171.0,0,1.0,12.0
4,4,1363,40,3.0,5.0,272.0,0,1.0,5.0
4,5,600,88,3.0,2.0,280.0,0,1.0,13.0
4,5,1356,19,4.0,8.0,50.0,0,1.0,5.0
4,6,726,46,3.0,8.0,99.0,0,1.0,12.0
4,7,422,61,4.0,9.0,110.0,0,1.0,6.0
4,7,921,50,3.0,0.0,66.0,0,1.0,9.0
4,1,57,19,4.0,3.0,39.0,0,1.0,7.0
4,1,1033,52,3.0,5.0,102.0,0,1.0,8.0
3,2,585,56,3.0,5.0,321.0,0,1.0,25.0
3,3,1330,31,3.0,0.0,225.0,0,1.0,15.0
3,4,966,46,4.0,0.0,88.0,0,1.0,8.0
3,5,787,62,3.0,0.0,222.0,0,1.0,23.0
3,6,43,4,4.0,0.0,68.0,0,1.0,39.0
3,7,1407,29,4.0,2.0,188.0,0,1.0,6.0
3,1,1054,49,4.0,5.0,34.0,0,1.0,20.0
3,2,1100,83,3.0,9.0,219.0,0,1.0,7.0
3,3,731,71,3.0,5.0,266.0,0,1.0,17.0
3,4,537,46,2.0,4.0,161.0,0,1.0,18.0
3,6,1436,17,4.0,9.0,63.0,0,1.0,5.0
3,7,1412,15,4.0,0.0,48.0,0,1.0,6.0
3,1,1140,67,4.0,8.0,119.0,0,1.0,4.0
4,3,270,70,4.0,3.0,86.0,0,1.0,8.0
8,2,117,56,2.0,8.0,197.0,0,1.0,68.0
8,2,489,45,4.0,7.0,255.0,0,1.0,60.0
8,2,828,25,4.0,9.0,231.0,0,1.0,103.0
8,2,944,45,3.0,10.0,364.0,0,1.0,292.0
8,2,1274,52,3.0,0.0,411.0,0,1.0,255.0
8,3,579,44,3.0,5.0,217.0,0,1.0,37.0
8,3,681,75,3.0,4.0,302.0,0,1.0,203.0
8,3,933,37,4.0,9.0,172.0,0,1.0,133.0
8,3,1035,25,3.0,5.0,314.0,0,1.0,276.0
8,4,1066,32,2.0,0.0,251.0,0,1.0,12.0
8,4,823,69,4.0,7.0,152.0,0,1.0,115.0
8,4,1084,18,4.0,5.0,108.0,0,1.0,84.0
9,5,557,43,3.0,2.0,161.0,0,1.0,34.0
9,5,674,19,3.0,10.0,239.0,0,1.0,132.0
9,5,1011,84,3.0,3.0,226.0,0,1.0,94.0
9,6,283,38,4.0,9.0,439.0,0,1.0,170.0
9,6,1007,37,4.0,10.0,263.0,0,1.0,6.0
9,6,1331,45,3.0,0.0,396.0,0,1.0,46.0
9,7,1429,55,2.0,7.0,378.0,0,1.0,72.0
9,1,503,23,3.0,4.0,210.0,0,1.0,51.0
9,1,1421,25,3.0,10.0,358.0,0,1.0,69.0
9,2,924,46,3.0,5.0,301.0,0,1.0,14.0
9,2,1158,31,3.0,0.0,432.0,0,1.0,201.0
9,2,1331,10,4.0,8.0,414.0,0,1.0,254.0
9,3,1102,82,3.0,0.0,223.0,0,1.0,1.0
9,4,499,79,3.0,8.0,384.0,0,1.0,12.0
9,4,944,86,3.0,9.0,197.0,0,1.0,37.0
9,4,1163,35,4.0,8.0,142.0,0,1.0,46.0
9,5,29,55,2.0,10.0,450.0,0,1.0,112.0
9,5,624,25,3.0,3.0,405.0,0,1.0,164.0
9,5,914,20,3.0,9.0,441.0,0,1.0,227.0
9,7,633,86,2.0,8.0,590.0,0,1.0,20.0
9,7,877,62,3.0,7.0,190.0,0,1.0,25.0
9,7,914,77,4.0,1.0,307.0,0,1.0,251.0
9,1,557,60,3.0,9.0,120.0,0,1.0,60.0
9,1,825,17,3.0,2.0,140.0,0,1.0,64.0
9,2,198,43,3.0,7.0,120.0,0,1.0,20.0
9,3,456,43,3.0,7.0,195.0,0,1.0,88.0
9,3,756,62,2.0,0.0,153.0,1,1.0,6.0
9,3,900,71,3.0,10.0,326.0,0,1.0,157.0
9,3,1185,48,3.0,9.0,356.0,0,1.0,134.0
9,4,779,54,2.0,0.0,233.0,0,1.0,152.0
9,4,714,62,4.0,10.0,407.0,0,1.0,334.0
9,5,49,71,3.0,8.0,597.0,0,1.0,379.0
9,5,629,34,3.0,10.0,609.0,0,1.0,281.0
9,5,1178,83,2.0,0.0,542.0,0,1.0,12.0
9,5,1361,41,3.0,8.0,818.0,0,1.0,439.0
9,6,1082,36,3.0,0.0,320.0,0,1.0,185.0
9,6,1294,42,3.0,6.0,780.0,0,1.0,635.0
9,7,583,65,3.0,8.0,318.0,0,1.0,89.0
9,7,672,72,3.0,2.0,394.0,0,1.0,216.0
9,7,1101,39,2.0,8.0,316.0,0,1.0,4.0
9,1,348,73,3.0,0.0,424.0,0,1.0,24.0
9,2,504,35,3.0,7.0,493.0,0,1.0,158.0
9,2,645,32,5.0,7.0,319.0,0,1.0,246.0
9,2,1392,53,2.0,3.0,319.0,0,1.0,187.0
9,3,550,17,3.0,7.0,394.0,0,1.0,25.0
9,3,750,57,3.0,10.0,214.0,0,1.0,109.0
9,3,855,70,3.0,7.0,288.0,0,1.0,154.0
9,4,148,16,4.0,7.0,191.0,0,1.0,128.0
9,4,945,72,3.0,8.0,616.0,0,1.0,301.0
9,5,278,77,3.0,0.0,98.0,0,1.0,54.0
9,5,676,34,3.0,0.0,171.0,0,1.0,14.0
9,5,603,52,3.0,7.0,392.0,0,1.0,293.0
9,5,883,18,3.0,0.0,767.0,0,1.0,589.0
9,6,398,46,2.0,8.0,305.0,0,1.0,88.0
9,6,1105,33,4.0,10.0,209.0,0,1.0,107.0
9,7,1247,18,4.0,8.0,388.0,0,1.0,96.0
9,1,700,67,3.0,5.0,318.0,0,1.0,32.0
9,1,1217,45,3.0,9.0,144.0,0,1.0,62.0
3,4,700,92,3.0,7.0,344.0,0,2.0,5.0
3,4,526,78,3.0,10.0,272.0,0,2.0,10.0
3,5,1345,91,3.0,0.0,522.0,0,2.0,4.0
3,5,873,67,3.0,4.0,159.0,1,2.0,3.0
3,5,703,26,3.0,8.0,183.0,0,2.0,9.0
3,6,973,72,2.0,8.0,347.0,1,2.0,1.0
3,7,909,84,3.0,3.0,1906.0,0,2.0,1.0
3,7,720,61,3.0,3.0,492.0,0,2.0,4.0
3,7,382,68,2.0,8.0,206.0,0,2.0,5.0
3,1,1036,66,3.0,0.0,273.0,0,2.0,1.0
3,2,1435,31,3.0,9.0,275.0,0,2.0,42.0
3,2,1152,14,2.0,0.0,1375.0,0,2.0,2.0
3,2,980,7,2.0,0.0,173.0,0,2.0,29.0
3,2,124,40,4.0,10.0,391.0,0,2.0,4.0
3,3,1123,18,3.0,7.0,227.0,0,2.0,63.0
3,3,832,61,3.0,9.0,329.0,0,2.0,104.0
3,3,540,13,3.0,4.0,153.0,0,2.0,5.0
3,4,1299,41,3.0,9.0,185.0,0,2.0,5.0
3,4,992,16,4.0,4.0,173.0,0,2.0,8.0
3,4,701,19,3.0,7.0,122.0,0,2.0,34.0
3,4,523,74,3.0,10.0,66.0,0,2.0,12.0
3,5,1421,48,2.0,4.0,222.0,1,2.0,5.0
3,5,912,25,3.0,10.0,499.0,0,2.0,3.0
3,6,1070,36,3.0,8.0,201.0,0,2.0,16.0
3,6,667,36,3.0,9.0,303.0,0,2.0,21.0
3,6,533,64,3.0,8.0,158.0,0,2.0,5.0
3,7,1055,43,5.0,5.0,1537.0,0,2.0,29.0
3,7,649,44,2.0,10.0,474.0,0,2.0,16.0
3,7,394,31,4.0,7.0,926.0,0,2.0,5.0
3,1,1228,54,3.0,6.0,2689.0,0,2.0,1.0
3,1,920,19,4.0,7.0,98.0,0,2.0,15.0
3,1,209,71,3.0,3.0,371.0,0,2.0,1.0
3,2,922,38,4.0,5.0,109.0,0,2.0,5.0
3,2,387,30,3.0,10.0,417.0,0,2.0,2.0
3,3,1042,31,4.0,7.0,277.0,0,2.0,2.0
3,3,810,51,3.0,8.0,159.0,0,2.0,4.0
3,3,424,30,3.0,6.0,584.0,0,2.0,4.0
3,4,1159,26,2.0,1.0,180.0,0,2.0,11.0
3,4,1006,62,3.0,3.0,109.0,1,2.0,13.0
3,4,617,10,4.0,2.0,165.0,0,2.0,8.0
3,5,1439,41,3.0,8.0,121.0,0,2.0,11.0
3,5,1158,35,4.0,7.0,145.0,0,2.0,12.0
3,5,659,48,4.0,5.0,176.0,0,2.0,36.0
4,6,1014,68,2.0,7.0,184.0,0,2.0,1.0
4,6,824,28,3.0,5.0,194.0,0,2.0,12.0
4,6,626,50,4.0,10.0,178.0,0,2.0,6.0
4,7,1282,30,4.0,2.0,779.0,0,2.0,4.0
4,7,968,91,3.0,10.0,172.0,0,2.0,9.0
4,7,801,37,3.0,6.0,181.0,0,2.0,16.0
4,1,1359,40,5.0,2.0,146.0,0,2.0,24.0
4,4,265,86,3.0,1.0,83.0,0,2.0,37.0
4,6,1253,51,4.0,10.0,232.0,0,2.0,30.0
4,6,1144,9,4.0,2.0,276.0,0,2.0,14.0
4,6,388,35,3.0,6.0,439.0,0,2.0,40.0
4,7,899,51,4.0,1.0,264.0,0,2.0,5.0
4,1,895,24,4.0,2.0,115.0,0,2.0,15.0
4,1,664,15,3.0,3.0,152.0,0,2.0,22.0
4,1,74,75,3.0,5.0,289.0,1,2.0,2.0
2,1,733,75,2.0,9.0,342.0,1,1.0,28.0
2,1,948,40,2.0,7.0,227.0,1,1.0,22.0
2,7,1223,83,3.0,0.0,1179.0,0,1.0,21.0
2,7,1373,57,3.0,0.0,322.0,0,1.0,11.0
2,7,629,50,2.0,9.0,471.0,0,1.0,20.0
2,7,1115,87,2.0,0.0,540.0,1,1.0,5.0
2,6,1042,49,3.0,4.0,313.0,0,1.0,27.0
5,2,1161,36,3.0,3.0,168.0,0,1.0,2.0
6,5,963,23,3.0,10.0,282.0,0,1.0,0.0
5,3,808,61,3.0,2.0,99.0,0,1.0,48.0
5,1,8,55,3.0,3.0,266.0,0,1.0,0.0
6,5,1079,39,2.0,8.0,410.0,0,1.0,31.0
5,2,634,57,3.0,10.0,304.0,0,1.0,0.0
5,3,1217,35,3.0,10.0,394.0,1,1.0,0.0
5,5,1378,19,3.0,2.0,354.0,0,1.0,180.0
5,2,418,53,3.0,7.0,106.0,0,1.0,51.0
5,1,301,12,4.0,6.0,225.0,0,1.0,125.0
6,5,626,64,3.0,7.0,448.0,0,1.0,90.0
5,3,561,40,3.0,9.0,406.0,0,1.0,17.0
5,5,354,61,3.0,8.0,221.0,0,1.0,0.0
5,3,497,68,3.0,8.0,123.0,0,1.0,17.0
5,3,1203,9,4.0,6.0,269.0,0,1.0,250.0
6,6,389,19,4.0,6.0,186.0,0,1.0,81.0
5,2,966,40,3.0,5.0,230.0,0,1.0,4.0
5,4,634,46,3.0,3.0,485.0,0,1.0,0.0
6,6,8,30,3.0,4.0,55.0,1,1.0,54.0
5,5,1068,73,2.0,0.0,257.0,0,1.0,38.0
5,5,735,4,4.0,0.0,245.0,0,1.0,0.0
5,5,885,30,3.0,10.0,1799.0,1,1.0,207.0
6,7,1352,40,4.0,6.0,172.0,0,1.0,97.0
6,1,187,12,5.0,0.0,43.0,0,1.0,0.0
5,7,1047,29,4.0,10.0,443.0,0,1.0,137.0
5,1,1179,26,3.0,8.0,107.0,0,1.0,32.0
5,2,1150,36,3.0,7.0,188.0,0,1.0,187.0
5,7,789,46,4.0,0.0,322.0,0,1.0,136.0
6,4,73,23,3.0,7.0,303.0,0,1.0,152.0
5,6,692,6,4.0,0.0,81.0,0,1.0,30.0
5,4,903,31,3.0,0.0,534.0,0,1.0,0.0
5,2,1316,11,3.0,7.0,486.0,0,1.0,293.0
5,5,378,0,3.0,0.0,346.0,0,1.0,12.0
6,7,461,43,3.0,4.0,110.0,0,1.0,11.0
5,3,491,30,3.0,7.0,164.0,0,1.0,112.0
5,3,735,75,3.0,5.0,442.0,0,1.0,1.0
5,5,228,27,3.0,7.0,342.0,0,1.0,205.0
5,7,714,42,3.0,9.0,181.0,0,1.0,104.0
5,4,1004,65,3.0,6.0,325.0,0,1.0,27.0
6,6,845,78,3.0,5.0,203.0,0,1.0,7.0
6,4,1251,37,3.0,9.0,301.0,0,1.0,100.0
5,2,1381,79,3.0,10.0,1018.0,1,1.0,17.0
5,3,1070,53,4.0,8.0,398.0,0,1.0,161.0
5,1,1402,21,3.0,3.0,191.0,0,1.0,7.0
5,2,601,26,4.0,8.0,309.0,0,1.0,229.0
5,4,698,34,3.0,5.0,194.0,0,1.0,0.0
5,4,201,3,2.0,0.0,927.0,0,1.0,15.0
5,6,1225,20,4.0,6.0,344.0,0,1.0,223.0
6,6,1413,61,2.0,8.0,132.0,1,1.0,5.0
5,6,93,71,3.0,2.0,114.0,1,1.0,27.0
5,1,642,67,4.0,6.0,107.0,0,1.0,18.0
5,4,133,13,3.0,8.0,232.0,0,1.0,9.0
5,1,893,52,4.0,8.0,89.0,0,1.0,28.0
5,5,1261,20,4.0,9.0,105.0,0,1.0,23.0
5,1,1205,29,4.0,6.0,210.0,0,1.0,157.0
5,2,1048,1,5.0,0.0,203.0,0,1.0,0.0
5,3,850,39,2.0,2.0,325.0,0,1.0,198.0
5,3,797,40,3.0,5.0,213.0,0,1.0,1.0
5,7,1148,66,4.0,10.0,161.0,0,1.0,17.0
5,6,1296,52,3.0,8.0,132.0,1,1.0,8.0
5,1,997,42,3.0,8.0,156.0,0,1.0,117.0
5,6,992,37,3.0,5.0,1091.0,0,1.0,199.0
5,1,1395,25,3.0,8.0,397.0,0,1.0,3.0
5,6,767,20,4.0,4.0,185.0,0,1.0,46.0
5,5,896,28,3.0,8.0,410.0,0,1.0,277.0
5,3,640,2,4.0,6.0,193.0,0,1.0,10.0
5,6,258,31,3.0,8.0,322.0,0,1.0,5.0
5,7,750,27,4.0,10.0,151.0,0,1.0,74.0
5,4,1304,6,4.0,0.0,83.0,0,1.0,0.0
5,7,738,86,2.0,5.0,342.0,1,1.0,18.0
6,5,1177,60,2.0,0.0,273.0,0,1.0,2.0
5,4,93,34,2.0,5.0,230.0,0,1.0,215.0
5,6,1031,3,4.0,0.0,22.0,0,1.0,0.0
5,6,1207,91,3.0,0.0,89.0,0,1.0,15.0
5,4,1272,42,2.0,9.0,348.0,0,1.0,9.0
6,6,1178,76,3.0,6.0,318.0,0,1.0,0.0
5,3,1134,32,3.0,9.0,324.0,0,1.0,301.0
6,7,863,30,3.0,5.0,279.0,0,1.0,85.0
6,4,772,49,3.0,9.0,493.0,0,1.0,393.0
5,1,298,20,4.0,0.0,444.0,0,1.0,0.0
5,2,375,45,4.0,0.0,114.0,0,1.0,21.0
5,1,680,34,3.0,8.0,391.0,0,1.0,26.0
5,7,695,64,3.0,3.0,386.0,1,1.0,221.0
2,2,483,39,0.0,4.0,244.0,0,1.0,9.0
2,2,985,73,0.0,7.0,309.0,0,1.0,18.0
2,4,923,54,0.0,8.0,151.0,0,1.0,5.0
2,2,665,18,0.0,2.0,1010.0,0,1.0,727.0
2,5,751,15,0.0,6.0,79.0,0,1.0,6.0
2,5,931,39,0.0,6.0,49.0,0,1.0,0.0
2,6,981,64,0.0,9.0,77.0,0,1.0,6.0
2,2,519,79,0.0,5.0,69.0,0,1.0,1.0
2,2,535,66,0.0,0.0,414.0,0,1.0,11.0
2,7,824,76,0.0,8.0,256.0,0,1.0,10.0
2,2,524,48,0.0,6.0,128.0,0,1.0,2.0
3,7,564,63,0.0,6.0,215.0,0,1.0,2.0
3,3,21,58,0.0,6.0,253.0,0,1.0,3.0
5,2,470,59,3.0,0.0,282.0,0,1.0,16.0
5,2,936,30,3.0,7.0,206.0,1,1.0,26.0
5,2,1212,30,4.0,2.0,190.0,0,1.0,20.0
5,3,617,8,3.0,4.0,317.0,0,1.0,4.0
5,3,836,21,3.0,0.0,273.0,0,1.0,15.0
5,3,1176,76,4.0,4.0,228.0,0,1.0,5.0
5,4,135,36,3.0,7.0,369.0,0,1.0,32.0
5,4,957,39,2.0,10.0,990.0,0,1.0,17.0
5,4,1233,23,3.0,8.0,1269.0,0,1.0,21.0
5,5,528,1,3.0,5.0,108.0,0,1.0,11.0
5,5,722,55,2.0,10.0,657.0,0,1.0,87.0
5,5,1201,67,4.0,0.0,249.0,0,1.0,39.0
5,6,738,75,2.0,8.0,437.0,1,1.0,22.0
5,6,1300,0,4.0,8.0,506.0,0,1.0,25.0
5,7,900,70,2.0,0.0,281.0,0,1.0,12.0
5,7,1197,7,3.0,5.0,105.0,0,1.0,3.0
5,1,486,43,3.0,10.0,211.0,0,1.0,3.0
5,1,930,58,3.0,6.0,441.0,0,1.0,3.0
5,1,1382,43,3.0,0.0,493.0,0,1.0,13.0
5,2,812,59,4.0,3.0,1608.0,0,1.0,137.0
5,2,1052,38,3.0,0.0,1104.0,1,1.0,5.0
5,2,1383,26,4.0,0.0,472.0,0,1.0,88.0
5,3,798,67,3.0,5.0,383.0,0,1.0,136.0
5,3,992,29,3.0,7.0,270.0,0,1.0,70.0
5,3,1295,30,3.0,0.0,259.0,0,1.0,2.0
5,4,595,38,3.0,6.0,165.0,0,1.0,6.0
5,4,990,53,3.0,5.0,304.0,0,1.0,44.0
5,4,1268,16,2.0,0.0,247.0,0,1.0,13.0
5,5,628,57,3.0,10.0,365.0,0,1.0,1.0
5,6,36,69,2.0,10.0,992.0,0,1.0,6.0
5,6,649,47,3.0,0.0,335.0,0,1.0,27.0
5,7,657,23,4.0,5.0,169.0,0,1.0,14.0
5,7,995,9,3.0,0.0,91.0,0,1.0,6.0
5,1,51,28,3.0,0.0,398.0,0,1.0,16.0
5,1,949,68,3.0,9.0,93.0,1,1.0,25.0
5,1,1331,26,2.0,7.0,262.0,0,1.0,9.0
5,2,871,79,2.0,6.0,281.0,0,1.0,12.0
5,2,1110,25,2.0,0.0,168.0,0,1.0,28.0
5,3,64,56,3.0,10.0,341.0,0,1.0,54.0
5,3,682,59,3.0,2.0,238.0,1,1.0,58.0
5,3,917,94,3.0,7.0,227.0,0,1.0,55.0
5,4,457,68,3.0,0.0,187.0,0,1.0,13.0
5,4,712,59,3.0,7.0,460.0,0,1.0,28.0
5,4,949,37,3.0,5.0,289.0,0,1.0,37.0
5,4,1187,20,4.0,0.0,140.0,0,1.0,18.0
5,5,1091,45,3.0,10.0,439.0,0,1.0,36.0
5,6,145,28,2.0,0.0,303.0,0,1.0,11.0
5,6,739,48,3.0,8.0,576.0,0,1.0,12.0
5,6,956,77,3.0,4.0,265.0,0,1.0,13.0
5,7,537,73,3.0,9.0,256.0,0,1.0,36.0
5,7,823,26,2.0,6.0,217.0,0,1.0,12.0
5,7,1143,11,3.0,0.0,75.0,0,1.0,3.0
5,1,271,66,3.0,5.0,452.0,0,1.0,2.0
5,1,759,30,4.0,0.0,155.0,0,1.0,17.0
5,1,1095,49,3.0,0.0,175.0,1,1.0,11.0
5,2,624,75,4.0,0.0,267.0,0,1.0,29.0
6,4,494,37,2.0,3.0,121.0,0,1.0,46.0
6,4,739,33,3.0,10.0,634.0,0,1.0,8.0
5,3,1195,63,2.0,3.0,302.0,1,1.0,57.0
6,4,948,30,2.0,0.0,393.0,1,1.0,19.0
6,4,1259,19,3.0,0.0,195.0,0,1.0,7.0
6,5,558,12,3.0,5.0,272.0,0,1.0,131.0
6,5,1110,20,3.0,8.0,296.0,0,1.0,4.0
6,6,190,66,3.0,10.0,264.0,0,1.0,16.0
6,6,686,21,4.0,0.0,153.0,0,1.0,6.0
6,6,978,87,2.0,0.0,342.0,1,1.0,29.0
6,6,1323,16,3.0,6.0,248.0,0,1.0,45.0
6,7,612,77,3.0,0.0,250.0,1,1.0,17.0
6,7,958,29,3.0,10.0,201.0,0,1.0,49.0
6,7,1276,45,3.0,7.0,856.0,0,1.0,124.0
6,1,610,68,2.0,7.0,444.0,1,1.0,24.0
6,1,983,75,3.0,6.0,243.0,0,1.0,16.0
6,1,1344,17,4.0,3.0,311.0,0,1.0,14.0
3,3,848,24,3.0,10.0,125.0,0,1.0,78.0
3,6,1080,60,3.0,8.0,101.0,1,1.0,3.0
3,5,793,22,3.0,0.0,213.0,0,1.0,61.0
3,2,823,85,2.0,7.0,112.0,1,1.0,1.0
3,6,953,56,3.0,7.0,133.0,0,1.0,89.0
3,4,502,71,3.0,0.0,15.0,0,1.0,8.0
3,3,564,69,3.0,0.0,280.0,1,1.0,8.0
3,2,587,46,3.0,0.0,252.0,0,1.0,8.0
3,5,675,23,3.0,0.0,189.0,0,1.0,35.0
3,7,883,55,3.0,4.0,229.0,0,1.0,62.0
3,6,1243,30,3.0,7.0,335.0,0,1.0,62.0
3,7,243,36,3.0,4.0,57.0,0,1.0,9.0
4,3,483,69,3.0,7.0,204.0,0,1.0,7.0
4,4,1357,23,3.0,8.0,83.0,0,1.0,11.0
3,4,915,80,3.0,1.0,276.0,0,1.0,168.0
3,1,448,21,3.0,6.0,44.0,0,1.0,7.0
3,5,877,56,3.0,9.0,242.0,0,1.0,122.0
3,7,1228,25,3.0,5.0,313.0,0,1.0,105.0
4,2,1206,74,3.0,0.0,44.0,0,1.0,0.0
4,5,709,43,3.0,0.0,155.0,0,1.0,36.0
3,6,824,40,3.0,5.0,150.0,0,1.0,0.0
3,1,728,85,3.0,8.0,53.0,0,1.0,9.0
3,3,1260,20,3.0,8.0,134.0,0,1.0,20.0
3,6,230,29,3.0,8.0,166.0,0,1.0,21.0
4,1,148,19,3.0,7.0,91.0,0,1.0,55.0
3,6,953,56,3.0,7.0,133.0,0,1.0,89.0
4,7,358,33,3.0,5.0,197.0,0,1.0,62.0
3,4,502,81,3.0,6.0,15.0,0,1.0,8.0
4,2,630,66,3.0,4.0,200.0,1,1.0,10.0
4,1,929,12,3.0,7.0,180.0,0,1.0,20.0
3,2,677,82,3.0,0.0,198.0,0,1.0,2.0
3,4,1282,56,3.0,0.0,113.0,0,1.0,1.0
4,4,1222,57,3.0,5.0,204.0,0,1.0,109.0
3,7,124,76,3.0,10.0,243.0,0,1.0,16.0
3,6,1243,30,3.0,7.0,335.0,0,1.0,62.0
4,3,951,74,2.0,5.0,241.0,1,1.0,149.0
3,6,1243,30,3.0,7.0,335.0,0,1.0,62.0
3,4,1207,75,3.0,5.0,256.0,0,1.0,100.0
4,7,1270,54,2.0,0.0,205.0,0,1.0,1.0
4,6,731,77,3.0,4.0,473.0,0,1.0,0.0
3,2,1214,40,3.0,4.0,148.0,0,1.0,104.0
3,6,899,33,3.0,4.0,108.0,0,1.0,18.0
3,3,394,77,2.0,8.0,262.0,0,1.0,1.0
4,6,546,72,2.0,0.0,303.0,1,1.0,11.0
3,3,728,73,2.0,0.0,187.0,0,1.0,1.0
4,7,1118,53,3.0,9.0,95.0,1,1.0,0.0
4,1,1309,21,3.0,5.0,336.0,0,1.0,172.0
4,1,669,61,2.0,10.0,120.0,0,1.0,1.0
3,2,536,19,3.0,8.0,143.0,0,1.0,8.0
4,3,1006,78,2.0,5.0,221.0,0,1.0,16.0
4,2,854,77,3.0,7.0,130.0,0,1.0,10.0
4,5,1038,63,2.0,10.0,235.0,1,1.0,8.0
3,1,665,45,3.0,6.0,278.0,0,1.0,7.0
3,7,907,37,3.0,5.0,128.0,0,1.0,16.0
4,4,315,16,3.0,6.0,47.0,0,1.0,7.0
3,1,482,70,3.0,3.0,109.0,1,1.0,8.0
4,6,1355,66,2.0,8.0,563.0,1,1.0,1.0
3,5,855,53,3.0,5.0,149.0,1,1.0,83.0
3,3,708,46,3.0,5.0,260.0,0,1.0,9.0
3,2,636,93,2.0,2.0,1649.0,0,1.0,1.0
3,4,846,26,3.0,7.0,139.0,0,1.0,6.0
3,3,657,76,3.0,8.0,175.0,1,1.0,53.0
3,4,1325,29,3.0,7.0,225.0,0,1.0,78.0
4,6,546,72,3.0,0.0,202.0,1,1.0,11.0
3,4,932,77,3.0,9.0,340.0,1,1.0,0.0
4,1,921,75,3.0,3.0,160.0,0,1.0,2.0
4,6,1044,71,3.0,1.0,215.0,0,1.0,4.0
9,2,1409,23,3.0,5.0,86.0,0,1.0,10.0
9,2,875,45,2.0,10.0,213.0,0,1.0,37.0
9,2,1191,33,3.0,10.0,302.0,0,1.0,14.0
9,3,1427,58,4.0,7.0,185.0,0,1.0,46.0
9,3,140,64,2.0,10.0,7.0,1,1.0,1.0
9,4,681,67,3.0,0.0,547.0,1,1.0,0.0
9,4,478,68,3.0,7.0,168.0,0,1.0,18.0
9,5,1439,30,2.0,3.0,192.0,0,1.0,15.0
9,5,826,84,2.0,0.0,214.0,0,1.0,18.0
9,5,476,2,4.0,0.0,123.0,0,1.0,18.0
9,6,742,27,3.0,0.0,120.0,0,1.0,20.0
9,6,678,25,3.0,0.0,68.0,0,1.0,10.0
10,7,1056,27,2.0,8.0,172.0,0,1.0,9.0
10,7,874,25,3.0,0.0,119.0,0,1.0,1.0
10,1,1121,78,3.0,8.0,161.0,1,1.0,4.0
10,1,750,32,4.0,8.0,63.0,0,1.0,16.0
10,1,42,82,1.0,0.0,981.0,1,1.0,9.0
10,2,202,62,3.0,10.0,207.0,1,1.0,3.0
10,2,331,57,2.0,0.0,2929.0,1,1.0,4.0
10,2,832,75,3.0,10.0,142.0,0,1.0,17.0
10,2,684,60,3.0,10.0,231.0,0,1.0,2.0
10,3,1131,21,2.0,0.0,170.0,1,1.0,3.0
10,3,1189,60,3.0,8.0,183.0,0,1.0,5.0
10,3,584,8,3.0,0.0,162.0,0,1.0,14.0
10,3,994,38,4.0,8.0,82.0,0,1.0,2.0
10,3,744,60,4.0,10.0,110.0,0,1.0,9.0
10,4,895,57,3.0,0.0,669.0,1,1.0,2.0
10,5,589,21,3.0,0.0,93.0,0,1.0,0.0
10,5,937,31,2.0,8.0,1.0,0,1.0,0.0
10,5,1234,19,4.0,4.0,140.0,0,1.0,1.0
10,5,279,40,3.0,0.0,214.0,0,1.0,0.0
10,6,197,51,3.0,0.0,68.0,0,1.0,6.0
10,6,957,11,2.0,0.0,371.0,1,1.0,2.0
10,6,1001,31,3.0,7.0,128.0,0,1.0,1.0
10,6,949,61,3.0,7.0,212.0,1,1.0,1.0
10,1,154,71,3.0,5.0,191.0,0,1.0,1.0
10,1,391,24,4.0,10.0,136.0,0,1.0,1.0
10,2,650,34,3.0,7.0,607.0,1,1.0,2.0
10,2,191,48,2.0,0.0,1292.0,1,1.0,725.0
10,2,1207,78,2.0,10.0,195.0,1,1.0,2.0
10,2,830,44,3.0,10.0,593.0,1,1.0,1.0
10,3,536,61,2.0,9.0,283.0,1,1.0,0.0
10,3,1307,9,3.0,2.0,284.0,0,1.0,1.0
10,3,1180,21,4.0,2.0,114.0,0,1.0,3.0
10,3,979,37,3.0,3.0,214.0,0,1.0,4.0
10,4,1205,38,3.0,0.0,132.0,0,1.0,9.0
10,4,915,68,2.0,6.0,511.0,1,1.0,2.0
10,5,538,57,3.0,9.0,279.0,0,1.0,5.0
10,5,1270,19,3.0,8.0,236.0,1,1.0,1.0
10,6,1098,16,5.0,5.0,103.0,0,1.0,2.0
10,6,721,75,3.0,10.0,163.0,0,1.0,0.0
10,6,355,54,3.0,10.0,228.0,0,1.0,2.0
10,6,315,28,2.0,0.0,645.0,0,1.0,2.0
10,7,295,25,1.0,10.0,29.0,1,1.0,3.0
10,7,857,15,3.0,8.0,191.0,0,1.0,0.0
10,1,947,19,4.0,7.0,210.0,0,1.0,2.0
10,1,255,82,2.0,8.0,390.0,1,1.0,0.0
10,1,1184,45,2.0,0.0,163.0,1,1.0,1.0
10,2,262,44,2.0,10.0,2118.0,1,1.0,1.0
10,2,1149,23,4.0,8.0,173.0,0,1.0,71.0
10,3,604,42,3.0,6.0,186.0,0,1.0,1.0
10,3,1237,31,4.0,5.0,110.0,0,1.0,0.0
10,4,1051,35,4.0,0.0,151.0,0,1.0,1.0
10,4,1030,54,4.0,5.0,71.0,0,1.0,0.0
10,5,724,58,3.0,4.0,150.0,0,1.0,54.0
10,6,582,34,3.0,7.0,160.0,0,1.0,6.0
10,5,305,57,2.0,10.0,172.0,0,1.0,8.0
10,6,539,36,3.0,0.0,691.0,0,1.0,2.0
10,6,34,61,3.0,0.0,276.0,0,1.0,1.0
10,6,657,37,4.0,0.0,20.0,0,1.0,3.0
10,6,212,31,3.0,8.0,266.0,0,1.0,1.0
10,7,792,35,1.0,10.0,396.0,0,1.0,3.0
10,7,436,32,2.0,10.0,949.0,1,1.0,722.0
10,7,638,18,2.0,0.0,108.0,0,1.0,0.0
10,1,1047,57,4.0,0.0,128.0,0,1.0,1.0
10,1,1255,57,1.0,10.0,102.0,1,1.0,4.0
10,1,1354,4,1.0,1.0,180.0,0,1.0,2.0
4,2,394,30,1.0,0.0,251.0,0,1.0,0.0
4,2,720,7,4.0,5.0,190.0,0,1.0,156.0
1,2,1005,82,2.0,0.0,75.0,1,1.0,7.0
1,5,934,69,3.0,0.0,416.0,1,1.0,1.0
1,5,714,39,4.0,6.0,132.0,0,1.0,14.0
1,5,1062,13,2.0,5.0,103.0,0,1.0,13.0
1,6,1135,35,4.0,5.0,69.0,0,1.0,15.0
1,6,1228,56,4.0,9.0,107.0,0,1.0,22.0
1,2,1050,46,4.0,5.0,45.0,0,1.0,2.0
1,3,872,56,3.0,3.0,218.0,0,1.0,30.0
2,3,736,43,4.0,0.0,48.0,0,1.0,20.0
2,3,1155,0,1.0,0.0,15.0,0,1.0,10.0
2,7,1000,42,4.0,6.0,100.0,0,1.0,20.0
2,7,615,14,5.0,4.0,25.0,0,1.0,17.0
2,2,1170,46,4.0,4.0,46.0,0,1.0,14.0
1,2,1340,41,3.0,2.0,93.0,0,1.0,46.0
1,4,335,49,3.0,0.0,112.0,0,1.0,23.0
1,5,1020,13,3.0,7.0,131.0,0,1.0,5.0
1,6,675,37,3.0,10.0,31.0,0,1.0,31.0
1,6,1014,48,3.0,0.0,166.0,0,1.0,30.0
1,2,1074,76,3.0,0.0,108.0,0,1.0,16.0
2,3,850,51,3.0,2.0,185.0,0,1.0,0.0
2,5,1100,59,4.0,4.0,210.0,0,1.0,0.0
2,3,428,56,3.0,7.0,85.0,0,1.0,12.0
2,3,1028,19,3.0,7.0,247.0,0,1.0,5.0
2,3,982,44,3.0,5.0,118.0,0,1.0,1.0
2,6,1170,58,4.0,2.0,40.0,0,1.0,0.0
2,7,701,68,3.0,4.0,162.0,0,1.0,24.0
1,4,1118,43,4.0,10.0,186.0,0,1.0,13.0
1,7,845,50,3.0,0.0,152.0,0,1.0,20.0
1,1,1226,15,3.0,0.0,94.0,0,1.0,29.0
1,2,1415,79,3.0,0.0,125.0,0,1.0,45.0
2,4,574,38,4.0,6.0,96.0,0,1.0,11.0
2,5,495,50,3.0,6.0,150.0,0,1.0,30.0
2,5,1125,24,4.0,4.0,150.0,0,1.0,30.0
2,7,1039,57,3.0,2.0,180.0,0,1.0,26.0
1,1,789,52,4.0,1.0,48.0,0,1.0,31.0
2,4,1160,75,3.0,0.0,73.0,0,1.0,5.0
2,7,679,63,3.0,0.0,261.0,0,1.0,11.0
2,1,990,57,4.0,0.0,240.0,0,1.0,15.0
2,3,658,67,3.0,9.0,122.0,0,1.0,6.0
2,6,210,25,4.0,7.0,150.0,0,1.0,35.0
2,1,671,52,3.0,3.0,138.0,0,1.0,15.0
1,6,1005,36,4.0,8.0,315.0,1,1.0,35.0
1,6,1367,17,3.0,6.0,198.0,0,1.0,18.0
1,2,983,75,3.0,0.0,412.0,0,1.0,42.0
2,5,1020,79,3.0,8.0,145.0,0,1.0,5.0
2,1,770,62,4.0,2.0,120.0,1,1.0,14.0
2,2,1189,10,5.0,0.0,71.0,0,1.0,20.0
1,1,1180,28,3.0,10.0,84.0,0,1.0,13.0
1,2,489,71,3.0,10.0,262.0,0,1.0,39.0
2,7,800,70,4.0,0.0,220.0,0,1.0,65.0
2,3,930,46,3.0,10.0,130.0,0,1.0,10.0
2,6,1278,38,5.0,6.0,55.0,0,1.0,30.0
1,7,545,23,4.0,8.0,60.0,0,1.0,5.0
1,6,504,51,4.0,6.0,35.0,0,1.0,12.0
2,3,10,68,3.0,10.0,116.0,0,1.0,41.0
2,5,1127,53,4.0,5.0,58.0,0,1.0,13.0
1,5,965,19,3.0,8.0,43.0,0,1.0,12.0
1,1,994,7,4.0,0.0,176.0,0,1.0,26.0
2,3,618,61,3.0,8.0,258.0,0,1.0,24.0
2,4,958,27,2.0,3.0,262.0,1,1.0,12.0
2,4,825,64,3.0,7.0,155.0,0,1.0,1.0
2,7,1340,19,4.0,6.0,247.0,0,1.0,40.0
1,5,780,62,3.0,0.0,120.0,0,1.0,5.0
1,6,1255,4,4.0,4.0,135.0,0,1.0,15.0
1,2,1,5,4.0,2.0,193.0,0,1.0,19.0
1,7,867,32,3.0,2.0,173.0,0,1.0,8.0
2,3,618,61,3.0,8.0,258.0,0,1.0,24.0
2,3,795,71,3.0,0.0,127.0,0,1.0,26.0
2,5,1290,48,3.0,10.0,225.0,0,1.0,30.0
2,7,968,36,3.0,0.0,212.0,0,1.0,22.0
1,7,466,60,4.0,10.0,144.0,0,1.0,44.0
2,3,925,77,0.0,0.0,93.0,0,1.0,5.0
11,3,703,31,0.0,0.0,117.0,0,1.0,0.0
11,4,926,27,0.0,0.0,86.0,0,1.0,0.0
11,4,749,19,0.0,0.0,128.0,0,1.0,30.0
10,4,971,21,0.0,0.0,228.0,0,1.0,44.0
10,6,1059,2,0.0,0.0,64.0,0,1.0,15.0
10,3,919,16,0.0,0.0,171.0,0,1.0,24.0
10,5,31,43,0.0,0.0,17.0,0,1.0,3.0
10,7,726,22,0.0,0.0,349.0,0,1.0,11.0
11,3,1353,19,0.0,0.0,60.0,0,1.0,9.0
10,2,1123,3,0.0,0.0,251.0,0,1.0,8.0
11,4,1073,0,0.0,0.0,218.0,0,1.0,18.0
11,6,117,19,0.0,0.0,3715.0,1,1.0,1280.0
11,3,841,30,0.0,0.0,279.0,0,1.0,21.0
11,6,1173,23,0.0,0.0,199.0,0,1.0,6.0
11,1,1043,53,0.0,0.0,62.0,0,1.0,8.0
11,2,846,1,0.0,0.0,184.0,0,1.0,15.0
10,5,947,44,0.0,0.0,149.0,0,1.0,7.0
11,1,985,48,0.0,0.0,179.0,0,1.0,40.0
11,6,1124,4,0.0,0.0,171.0,0,1.0,16.0
11,3,1097,28,0.0,0.0,155.0,0,1.0,42.0
11,2,914,35,0.0,0.0,330.0,0,1.0,7.0
11,4,1134,4,0.0,0.0,243.0,0,1.0,98.0
11,2,550,0,0.0,0.0,43.0,0,1.0,3.0
11,2,673,18,0.0,0.0,41.0,0,1.0,7.0
11,4,883,18,0.0,0.0,23.0,0,1.0,8.0
11,7,936,38,0.0,0.0,128.0,0,1.0,9.0
11,2,1368,21,0.0,0.0,42.0,0,1.0,7.0
11,6,31,68,0.0,0.0,80.0,0,1.0,18.0
11,5,891,20,0.0,0.0,279.0,0,1.0,114.0
11,2,1101,18,0.0,0.0,145.0,0,1.0,5.0
11,1,673,26,0.0,0.0,322.0,0,1.0,18.0
11,5,699,26,0.0,0.0,231.0,0,1.0,9.0
11,3,610,25,0.0,0.0,140.0,0,1.0,11.0
11,4,749,19,0.0,0.0,128.0,0,1.0,30.0
11,3,978,37,0.0,0.0,92.0,0,1.0,3.0
11,4,471,44,0.0,0.0,52.0,0,1.0,4.0
11,4,739,18,0.0,0.0,151.0,0,1.0,29.0
11,6,890,27,0.0,0.0,235.0,0,1.0,4.0
11,7,1060,21,0.0,0.0,126.0,0,1.0,6.0
11,1,756,18,0.0,0.0,152.0,0,1.0,4.0
11,1,209,26,0.0,0.0,91.0,0,1.0,47.0
10,2,635,13,0.0,0.0,45.0,0,1.0,7.0
11,4,614,14,0.0,0.0,34.0,0,1.0,13.0
8,3,506,22,3.0,6.0,110.0,0,1.0,0.0
8,4,267,33,4.0,7.0,45.0,0,1.0,2.0
8,4,1309,32,3.0,5.0,419.0,0,1.0,19.0
9,5,676,26,3.0,7.0,427.0,0,1.0,8.0
9,5,1144,57,3.0,5.0,491.0,1,1.0,6.0
9,6,567,66,4.0,10.0,369.0,0,1.0,14.0
9,6,980,50,3.0,6.0,88.0,0,1.0,3.0
9,7,517,51,4.0,0.0,196.0,0,1.0,42.0
9,1,742,67,2.0,0.0,606.0,1,1.0,0.0
9,2,13,42,4.0,5.0,209.0,0,1.0,7.0
9,3,699,59,3.0,10.0,494.0,0,1.0,1.0
9,3,1144,19,3.0,10.0,366.0,0,1.0,6.0
9,4,811,64,2.0,10.0,1710.0,1,1.0,21.0
9,5,90,27,2.0,0.0,370.0,0,1.0,36.0
9,5,681,49,3.0,4.0,1239.0,1,1.0,38.0
9,6,638,56,2.0,0.0,583.0,0,1.0,5.0
9,6,1104,42,2.0,0.0,552.0,0,1.0,21.0
9,7,496,32,3.0,7.0,394.0,0,1.0,21.0
9,1,751,25,3.0,6.0,250.0,0,1.0,9.0
9,2,456,56,3.0,9.0,993.0,0,1.0,14.0
9,2,802,53,3.0,0.0,575.0,1,1.0,14.0
9,2,1340,33,3.0,10.0,1013.0,0,1.0,30.0
9,3,669,78,3.0,0.0,546.0,0,1.0,17.0
9,3,1100,30,2.0,0.0,818.0,1,1.0,9.0
9,4,539,19,3.0,8.0,340.0,0,1.0,25.0
9,4,840,24,4.0,7.0,610.0,0,1.0,29.0
9,5,675,27,3.0,5.0,606.0,0,1.0,87.0
9,6,642,50,3.0,10.0,424.0,1,1.0,16.0
9,7,599,38,3.0,8.0,608.0,0,1.0,4.0
9,7,1217,56,3.0,7.0,511.0,0,1.0,3.0
9,1,786,32,3.0,4.0,368.0,0,1.0,2.0
9,2,437,54,3.0,0.0,341.0,0,1.0,18.0
9,2,754,35,3.0,8.0,412.0,0,1.0,35.0
9,2,1191,42,3.0,10.0,437.0,0,1.0,6.0
9,3,620,29,3.0,0.0,155.0,0,1.0,10.0
9,4,489,59,3.0,5.0,346.0,0,1.0,4.0
9,5,134,37,3.0,10.0,1129.0,1,1.0,5.0
9,5,737,65,2.0,7.0,1105.0,0,1.0,9.0
9,5,1224,57,3.0,8.0,654.0,0,1.0,50.0
9,6,627,40,3.0,7.0,450.0,0,1.0,8.0
9,6,1135,19,2.0,5.0,651.0,0,1.0,30.0
9,7,636,41,4.0,4.0,364.0,0,1.0,16.0
8,3,1061,3,3.0,8.0,154.0,0,1.0,21.0
9,1,1375,16,3.0,6.0,334.0,0,1.0,6.0
9,2,1403,18,4.0,5.0,105.0,0,1.0,13.0
9,4,1119,6,3.0,6.0,284.0,0,1.0,17.0
9,5,845,16,3.0,8.0,280.0,0,1.0,2.0
9,6,63,16,5.0,3.0,43.0,0,1.0,10.0
9,4,1170,16,4.0,0.0,415.0,0,1.0,9.0
9,1,66,13,4.0,5.0,275.0,0,1.0,16.0
1,6,1061,21,3.0,0.0,99.0,0,1.0,1.0
1,3,1053,16,4.0,7.0,107.0,0,1.0,0.0
1,4,304,70,4.0,0.0,105.0,0,1.0,1.0
1,2,967,60,4.0,0.0,66.0,0,1.0,2.0
1,6,1395,35,3.0,0.0,55.0,0,1.0,11.0
1,1,1170,54,3.0,5.0,100.0,0,1.0,11.0
1,3,1235,21,5.0,0.0,10.0,0,1.0,0.0
1,7,613,51,4.0,6.0,15.0,0,1.0,0.0
1,5,922,29,4.0,5.0,24.0,0,1.0,1.0
1,4,1413,15,2.0,4.0,195.0,0,1.0,6.0
1,7,615,31,4.0,8.0,51.0,0,1.0,0.0
1,7,836,16,4.0,3.0,10.0,0,1.0,1.0
1,6,1342,29,3.0,0.0,55.0,0,1.0,4.0
1,2,1251,7,4.0,1.0,20.0,0,1.0,1.0
1,7,862,32,3.0,6.0,91.0,0,1.0,0.0
1,4,909,0,4.0,2.0,14.0,0,1.0,4.0
1,7,1024,42,4.0,0.0,11.0,0,1.0,0.0
1,2,66,35,3.0,1.0,126.0,0,1.0,7.0
1,2,1184,64,4.0,3.0,93.0,0,1.0,3.0
1,7,1092,40,3.0,8.0,30.0,0,1.0,3.0
1,4,676,38,5.0,6.0,12.0,0,1.0,1.0
1,2,382,68,3.0,1.0,121.0,0,1.0,9.0
1,3,916,69,2.0,0.0,173.0,0,1.0,0.0
1,1,14,27,4.0,8.0,52.0,0,1.0,3.0
1,4,67,38,4.0,7.0,123.0,0,1.0,5.0
1,5,718,39,3.0,8.0,311.0,0,1.0,1.0
1,6,155,71,3.0,8.0,42.0,0,1.0,0.0
1,7,621,35,4.0,6.0,11.0,0,1.0,0.0
1,6,1002,72,3.0,0.0,402.0,0,1.0,1.0
1,5,1396,38,4.0,0.0,13.0,0,1.0,6.0
1,4,836,19,3.0,5.0,199.0,0,1.0,3.0
1,6,287,31,4.0,9.0,6.0,0,1.0,0.0
1,1,1160,56,4.0,0.0,31.0,0,1.0,1.0
1,1,874,71,4.0,0.0,70.0,0,1.0,9.0
1,6,94,53,3.0,7.0,137.0,0,1.0,1.0
1,1,887,20,4.0,3.0,76.0,0,1.0,57.0
1,4,871,5,3.0,8.0,292.0,0,1.0,1.0
1,5,726,32,4.0,10.0,91.0,0,1.0,4.0
1,3,729,51,4.0,0.0,22.0,0,1.0,7.0
1,2,1116,31,4.0,0.0,7.0,0,1.0,0.0
1,1,559,34,4.0,7.0,13.0,0,1.0,1.0
1,7,553,92,2.0,3.0,180.0,0,1.0,0.0
1,2,902,22,4.0,0.0,35.0,0,1.0,3.0
1,1,784,81,3.0,0.0,87.0,0,1.0,1.0
1,6,743,86,3.0,8.0,114.0,0,1.0,2.0
1,2,754,58,3.0,8.0,124.0,0,1.0,0.0
1,2,1231,42,4.0,8.0,15.0,0,1.0,2.0
1,1,1238,77,4.0,5.0,103.0,0,1.0,3.0
1,6,799,62,3.0,6.0,110.0,0,1.0,0.0
1,5,1072,39,3.0,5.0,97.0,0,1.0,1.0
1,4,587,33,4.0,7.0,62.0,0,1.0,1.0
1,3,902,57,3.0,0.0,54.0,0,1.0,1.0
1,6,679,26,3.0,9.0,57.0,0,1.0,1.0
2,2,991,74,3.0,9.0,389.0,0,1.0,76.0
2,5,1131,48,3.0,7.0,73.0,0,1.0,9.0
2,5,506,70,3.0,2.0,130.0,0,1.0,0.0
1,3,706,67,4.0,8.0,458.0,0,1.0,1.0
1,4,1388,39,3.0,0.0,26.0,0,1.0,0.0
2,4,861,68,2.0,6.0,167.0,0,1.0,0.0
2,3,638,67,3.0,0.0,196.0,0,1.0,3.0
1,4,671,40,4.0,3.0,20.0,0,1.0,0.0
1,3,221,52,3.0,7.0,63.0,0,1.0,0.0
2,5,850,57,3.0,7.0,212.0,0,1.0,0.0
2,6,597,31,3.0,8.0,250.0,0,1.0,4.0
1,2,331,61,2.0,6.0,295.0,0,1.0,1.0
2,1,662,33,3.0,0.0,119.0,0,1.0,0.0
2,7,892,47,4.0,0.0,163.0,0,1.0,2.0
1,1,661,83,3.0,4.0,352.0,0,1.0,30.0
1,1,1003,25,4.0,8.0,26.0,0,1.0,0.0
2,3,789,9,4.0,10.0,88.0,0,1.0,10.0
1,2,677,22,3.0,8.0,63.0,0,1.0,1.0
1,5,1143,69,3.0,0.0,54.0,0,1.0,18.0
1,6,664,60,3.0,0.0,93.0,0,1.0,0.0
1,6,1017,18,3.0,8.0,176.0,0,1.0,0.0
2,1,1346,59,4.0,0.0,34.0,0,1.0,1.0
1,4,797,32,3.0,8.0,131.0,0,1.0,0.0
1,2,928,42,3.0,9.0,69.0,0,1.0,1.0
2,7,329,22,4.0,4.0,69.0,0,1.0,0.0
2,3,1109,37,3.0,8.0,65.0,0,1.0,41.0
1,3,1225,56,4.0,8.0,31.0,0,1.0,1.0
1,5,695,60,2.0,8.0,190.0,0,1.0,1.0
2,7,538,45,2.0,6.0,91.0,0,1.0,7.0
2,2,697,57,3.0,0.0,131.0,0,1.0,2.0
1,7,1063,24,3.0,10.0,51.0,0,1.0,0.0
2,6,699,64,3.0,3.0,161.0,0,1.0,7.0
2,2,885,42,3.0,7.0,123.0,0,1.0,3.0
2,4,794,26,4.0,0.0,41.0,0,1.0,1.0
2,2,1365,30,4.0,0.0,28.0,0,1.0,1.0
1,1,649,55,5.0,5.0,40.0,0,1.0,0.0
2,3,1054,77,3.0,0.0,191.0,0,1.0,0.0
2,1,855,56,3.0,4.0,92.0,0,1.0,1.0
2,5,657,39,3.0,7.0,93.0,0,1.0,8.0
2,6,879,49,5.0,6.0,36.0,0,1.0,1.0
1,4,1033,68,3.0,8.0,146.0,0,1.0,1.0
2,1,100,39,4.0,8.0,37.0,0,1.0,0.0
2,2,501,34,3.0,6.0,143.0,0,1.0,1.0
1,6,155,33,3.0,5.0,70.0,0,1.0,1.0
1,6,1009,55,3.0,8.0,99.0,0,1.0,1.0
2,4,1110,15,4.0,10.0,58.0,0,1.0,0.0
1,4,304,36,3.0,10.0,30.0,0,1.0,1.0
1,6,766,32,3.0,7.0,269.0,0,1.0,5.0
1,2,880,75,3.0,10.0,372.0,0,1.0,10.0
2,7,693,74,3.0,9.0,205.0,0,1.0,2.0
2,5,218,59,4.0,8.0,34.0,0,1.0,0.0
2,4,1119,31,3.0,7.0,50.0,0,1.0,1.0
2,5,1041,17,4.0,8.0,31.0,0,1.0,0.0
1,7,1379,45,3.0,10.0,70.0,0,1.0,2.0
1,2,1080,52,3.0,8.0,106.0,0,1.0,2.0
1,2,17,9,3.0,5.0,36.0,0,1.0,1.0
2,7,903,23,3.0,8.0,88.0,0,1.0,0.0
1,7,198,8,4.0,0.0,30.0,0,1.0,1.0
1,2,650,76,3.0,4.0,133.0,0,1.0,3.0
7,2,450,71,3.0,0.0,223.0,0,1.0,8.0
7,2,819,70,3.0,8.0,236.0,0,1.0,5.0
7,2,1128,30,3.0,0.0,427.0,0,1.0,18.0
7,2,1121,37,3.0,7.0,319.0,0,1.0,25.0
7,3,511,63,3.0,0.0,280.0,0,1.0,2.0
7,3,790,27,2.0,5.0,475.0,1,1.0,26.0
7,3,1071,71,2.0,0.0,354.0,1,1.0,139.0
7,3,6,4,3.0,0.0,59.0,0,1.0,26.0
7,4,210,16,3.0,9.0,332.0,0,1.0,155.0
7,4,804,21,3.0,8.0,252.0,0,1.0,28.0
7,4,1119,71,2.0,8.0,171.0,1,1.0,37.0
7,4,855,25,3.0,10.0,296.0,0,1.0,126.0
7,5,550,71,3.0,0.0,175.0,0,1.0,11.0
7,5,787,78,2.0,0.0,649.0,1,1.0,94.0
7,5,1088,38,3.0,8.0,382.0,0,1.0,215.0
7,5,140,23,3.0,0.0,206.0,0,1.0,18.0
7,6,406,7,3.0,7.0,224.0,0,1.0,16.0
7,6,746,52,2.0,5.0,465.0,1,1.0,125.0
7,6,1039,62,2.0,5.0,231.0,1,1.0,115.0
7,6,1397,40,3.0,4.0,124.0,0,1.0,37.0
7,7,382,87,4.0,0.0,109.0,0,1.0,14.0
7,7,711,25,3.0,5.0,104.0,0,1.0,5.0
7,7,1080,7,2.0,0.0,83.0,0,1.0,4.0
7,7,1313,55,2.0,7.0,206.0,1,1.0,22.0
7,7,893,21,4.0,9.0,100.0,0,1.0,11.0
7,1,647,26,3.0,10.0,147.0,0,1.0,2.0
7,1,978,59,3.0,5.0,185.0,0,1.0,11.0
7,1,1326,82,2.0,5.0,165.0,1,1.0,73.0
7,2,663,87,3.0,9.0,265.0,1,1.0,33.0
7,2,578,31,3.0,8.0,110.0,0,1.0,28.0
7,2,811,45,3.0,0.0,237.0,0,1.0,111.0
7,2,1084,54,3.0,0.0,245.0,0,1.0,184.0
7,2,798,67,3.0,4.0,390.0,1,1.0,15.0
7,3,514,75,3.0,5.0,142.0,0,1.0,1.0
7,3,796,69,2.0,9.0,291.0,1,1.0,53.0
7,3,1070,83,2.0,3.0,206.0,0,1.0,50.0
7,3,794,40,3.0,7.0,354.0,0,1.0,102.0
7,4,191,40,3.0,9.0,134.0,0,1.0,6.0
7,4,643,26,3.0,10.0,265.0,0,1.0,45.0
7,4,929,17,3.0,0.0,339.0,1,1.0,267.0
7,4,1277,0,4.0,0.0,210.0,0,1.0,180.0
7,4,100,20,4.0,9.0,108.0,0,1.0,3.0
7,5,562,89,3.0,0.0,151.0,0,1.0,24.0
7,5,827,75,2.0,0.0,230.0,1,1.0,15.0
7,5,1144,51,2.0,0.0,269.0,1,1.0,89.0
7,5,636,25,3.0,7.0,294.0,0,1.0,48.0
7,6,541,92,3.0,0.0,127.0,0,1.0,9.0
7,6,862,69,3.0,10.0,322.0,0,1.0,105.0
7,6,1160,0,3.0,0.0,234.0,0,1.0,143.0
7,6,540,45,3.0,10.0,112.0,0,1.0,4.0
7,7,268,88,3.0,9.0,97.0,0,1.0,8.0
7,7,773,73,2.0,0.0,129.0,1,1.0,19.0
7,7,1094,73,3.0,0.0,225.0,0,1.0,18.0
7,7,762,55,3.0,0.0,488.0,1,1.0,0.0
7,1,399,87,2.0,9.0,222.0,1,1.0,2.0
7,1,727,59,3.0,7.0,151.0,0,1.0,13.0
7,1,1114,76,2.0,9.0,176.0,0,1.0,8.0
7,1,1137,60,3.0,9.0,171.0,0,1.0,6.0
7,2,180,51,3.0,3.0,58.0,0,1.0,1.0
7,2,616,56,3.0,0.0,225.0,0,1.0,170.0
7,2,883,79,4.0,1.0,295.0,0,1.0,260.0
7,2,1281,58,3.0,5.0,451.0,1,1.0,92.0
7,2,1250,11,3.0,7.0,258.0,0,1.0,15.0
7,3,511,73,3.0,0.0,701.0,1,1.0,3.0
7,3,800,82,3.0,0.0,297.0,0,1.0,207.0
7,3,1214,50,3.0,4.0,303.0,0,1.0,22.0
7,3,869,60,2.0,5.0,389.0,0,1.0,105.0
7,4,669,72,3.0,7.0,567.0,1,1.0,152.0
7,4,1050,69,3.0,0.0,290.0,1,1.0,49.0
7,4,872,52,2.0,0.0,383.0,1,1.0,27.0
7,5,255,29,3.0,10.0,161.0,0,1.0,15.0
7,5,746,53,3.0,0.0,319.0,0,1.0,95.0
7,5,1106,76,2.0,0.0,252.0,0,1.0,107.0
7,5,907,42,3.0,9.0,293.0,0,1.0,141.0
7,6,476,51,3.0,3.0,282.0,0,1.0,11.0
7,6,875,68,3.0,0.0,142.0,0,1.0,5.0
7,6,1143,43,2.0,0.0,197.0,0,1.0,22.0
7,6,1175,67,2.0,0.0,312.0,1,1.0,8.0
7,7,684,56,3.0,5.0,226.0,0,1.0,2.0
7,7,1073,70,2.0,3.0,348.0,1,1.0,19.0
7,7,154,0,3.0,0.0,169.0,1,1.0,17.0
7,1,12,19,3.0,8.0,319.0,0,1.0,117.0
7,1,706,86,3.0,0.0,329.0,1,1.0,4.0
7,1,964,45,4.0,8.0,107.0,0,1.0,59.0
7,2,1351,69,3.0,10.0,258.0,0,1.0,111.0
7,2,102,13,2.0,0.0,133.0,1,1.0,12.0
7,2,658,67,3.0,8.0,218.0,0,1.0,18.0
7,2,936,78,3.0,5.0,292.0,0,1.0,21.0
7,2,1296,24,3.0,7.0,187.0,0,1.0,40.0
7,2,1384,30,3.0,9.0,208.0,0,1.0,66.0
7,3,817,56,3.0,3.0,224.0,0,1.0,4.0
7,3,570,70,3.0,0.0,99.0,0,1.0,27.0
7,3,16,46,3.0,9.0,183.0,0,1.0,22.0
7,3,1258,29,3.0,7.0,221.0,0,1.0,90.0
7,4,503,73,3.0,9.0,271.0,0,1.0,2.0
7,4,763,44,3.0,10.0,159.0,0,1.0,10.0
7,4,1105,52,3.0,7.0,205.0,1,1.0,16.0
7,5,416,47,3.0,5.0,171.0,0,1.0,6.0
7,5,715,73,3.0,9.0,379.0,0,1.0,41.0
7,5,1102,48,3.0,9.0,158.0,0,1.0,37.0
7,6,536,65,4.0,10.0,217.0,0,1.0,17.0
7,6,964,2,4.0,4.0,72.0,0,1.0,6.0
7,6,1317,64,4.0,7.0,141.0,0,1.0,63.0
7,7,349,63,3.0,9.0,488.0,1,1.0,12.0
7,7,783,80,3.0,9.0,274.0,0,1.0,61.0
7,7,1256,21,3.0,7.0,66.0,0,1.0,1.0
7,7,1216,73,3.0,8.0,265.0,1,1.0,17.0
7,1,788,55,3.0,5.0,221.0,0,1.0,9.0
7,1,1242,27,3.0,7.0,171.0,0,1.0,71.0
8,2,1408,48,2.0,10.0,537.0,0,1.0,2.0
8,6,963,43,3.0,10.0,511.0,0,1.0,435.0
8,7,755,34,3.0,9.0,446.0,0,1.0,43.0
8,1,219,21,3.0,10.0,417.0,0,1.0,23.0
8,4,429,67,2.0,7.0,343.0,1,1.0,6.0
8,6,516,22,3.0,8.0,614.0,0,1.0,24.0
8,5,1032,27,2.0,10.0,622.0,0,1.0,291.0
8,3,885,38,3.0,7.0,229.0,1,1.0,24.0
8,6,568,50,2.0,8.0,324.0,1,1.0,220.0
8,4,782,63,2.0,10.0,326.0,1,1.0,0.0
8,1,725,56,2.0,3.0,303.0,1,1.0,0.0
8,1,599,57,3.0,9.0,281.0,0,1.0,31.0
8,7,926,17,3.0,8.0,267.0,1,1.0,10.0
8,4,1043,35,2.0,7.0,491.0,0,1.0,247.0
8,3,727,55,4.0,8.0,573.0,0,1.0,239.0
8,4,873,71,3.0,9.0,639.0,1,1.0,102.0
8,2,213,21,3.0,4.0,479.0,1,1.0,331.0
8,6,824,47,4.0,9.0,748.0,0,1.0,485.0
8,2,642,43,3.0,8.0,193.0,1,1.0,28.0
8,7,625,26,2.0,1.0,371.0,0,1.0,15.0
8,4,1313,42,3.0,7.0,400.0,0,1.0,74.0
8,7,15,54,2.0,5.0,225.0,0,1.0,5.0
8,2,954,32,3.0,8.0,68.0,0,1.0,0.0
8,7,1211,27,3.0,8.0,89.0,0,1.0,0.0
8,4,999,27,3.0,10.0,1560.0,0,1.0,0.0
8,7,1061,25,2.0,5.0,202.0,1,1.0,11.0
8,4,1216,32,4.0,8.0,154.0,0,1.0,0.0
8,6,630,31,3.0,6.0,5.0,1,1.0,0.0
8,3,1366,19,4.0,5.0,825.0,0,1.0,0.0
2,2,554,77,3.0,0.0,426.0,1,1.0,17.0
2,2,916,46,2.0,7.0,84.0,0,1.0,2.0
2,2,1217,11,3.0,0.0,32.0,0,1.0,3.0
2,3,904,59,3.0,5.0,317.0,1,1.0,11.0
2,3,1190,34,4.0,6.0,82.0,0,1.0,3.0
2,4,637,58,3.0,0.0,235.0,0,1.0,3.0
2,5,574,18,3.0,8.0,143.0,0,1.0,2.0
2,5,878,51,3.0,10.0,126.0,0,1.0,17.0
2,6,1196,31,3.0,0.0,25.0,0,1.0,3.0
2,7,666,51,3.0,9.0,248.0,0,1.0,2.0
2,5,759,60,3.0,10.0,116.0,0,1.0,2.0
2,6,822,29,0.0,5.0,41.0,0,1.0,4.0
2,6,1278,79,3.0,6.0,239.0,1,1.0,3.0
2,7,899,31,3.0,0.0,122.0,0,1.0,3.0
2,2,680,30,3.0,10.0,295.0,0,1.0,4.0
3,3,1012,58,3.0,2.0,304.0,0,1.0,1.0
3,3,1436,49,3.0,8.0,80.0,0,1.0,1.0
3,4,871,63,3.0,8.0,113.0,0,1.0,1.0
3,4,1208,65,3.0,0.0,150.0,1,1.0,4.0
3,5,1210,36,3.0,0.0,140.0,0,1.0,40.0
3,6,864,54,3.0,4.0,85.0,0,1.0,4.0
3,7,1092,62,3.0,7.0,172.0,0,1.0,3.0
3,1,103,21,3.0,0.0,128.0,0,1.0,2.0
3,3,164,59,3.0,9.0,179.0,0,1.0,4.0
3,4,1170,54,3.0,0.0,238.0,1,1.0,8.0
3,5,622,62,3.0,9.0,217.0,1,1.0,4.0
3,5,835,80,3.0,8.0,217.0,0,1.0,39.0
3,7,439,30,3.0,0.0,477.0,1,1.0,80.0
9,2,111,68,4.0,10.0,151.0,0,1.0,20.0
9,2,678,31,5.0,6.0,251.0,0,1.0,124.0
9,2,1036,50,1.0,7.0,324.0,1,1.0,63.0
9,2,939,69,5.0,10.0,473.0,0,1.0,430.0
9,3,326,83,5.0,0.0,132.0,0,1.0,36.0
9,3,1385,61,3.0,0.0,949.0,1,1.0,43.0
9,4,754,62,4.0,10.0,343.0,0,1.0,319.0
9,4,1132,46,3.0,10.0,713.0,1,1.0,26.0
9,4,1389,47,3.0,2.0,170.0,0,1.0,41.0
9,5,675,61,3.0,0.0,323.0,1,1.0,58.0
9,5,1028,67,3.0,6.0,267.0,0,1.0,112.0
9,5,948,44,4.0,4.0,429.0,1,1.0,159.0
9,6,463,83,3.0,8.0,105.0,0,1.0,15.0
9,6,957,56,4.0,8.0,218.0,0,1.0,175.0
10,7,884,57,3.0,0.0,113.0,0,1.0,38.0
10,7,1378,74,3.0,0.0,342.0,1,1.0,33.0
10,1,518,43,4.0,7.0,102.0,0,1.0,18.0
10,1,885,23,4.0,7.0,115.0,0,1.0,65.0
10,1,246,2,3.0,0.0,82.0,0,1.0,34.0
10,2,482,67,3.0,0.0,271.0,1,1.0,14.0
10,2,873,25,3.0,3.0,237.0,1,1.0,92.0
10,2,1163,81,3.0,6.0,113.0,0,1.0,73.0
10,2,43,44,3.0,0.0,155.0,0,1.0,18.0
10,3,779,34,3.0,7.0,208.0,0,1.0,29.0
10,3,1227,80,3.0,10.0,384.0,0,1.0,29.0
10,3,874,5,1.0,0.0,201.0,0,1.0,148.0
10,4,744,68,3.0,3.0,329.0,1,1.0,114.0
10,4,545,91,3.0,0.0,1772.0,1,1.0,637.0
10,4,545,76,4.0,8.0,473.0,1,1.0,16.0
10,5,531,31,3.0,0.0,363.0,0,1.0,43.0
10,5,931,51,2.0,0.0,217.0,0,1.0,31.0
10,6,742,5,4.0,0.0,352.0,0,1.0,225.0
10,6,1053,57,3.0,0.0,136.0,0,1.0,55.0
10,6,425,52,2.0,4.0,442.0,1,1.0,69.0
10,7,670,82,2.0,3.0,393.0,1,1.0,51.0
10,7,1429,10,4.0,6.0,138.0,0,1.0,30.0
10,1,392,67,3.0,9.0,345.0,0,1.0,80.0
10,1,860,50,3.0,7.0,245.0,0,1.0,155.0
10,1,1231,47,3.0,2.0,359.0,0,1.0,217.0
10,1,557,35,3.0,9.0,115.0,0,1.0,12.0
10,2,740,62,3.0,8.0,820.0,1,1.0,222.0
10,2,1060,84,3.0,9.0,1399.0,1,1.0,248.0
10,3,567,73,3.0,10.0,282.0,0,1.0,15.0
10,3,971,70,2.0,8.0,246.0,0,1.0,176.0
10,3,1432,60,3.0,10.0,151.0,0,1.0,124.0
10,4,672,83,3.0,7.0,412.0,1,1.0,41.0
10,4,1086,46,2.0,7.0,244.0,1,1.0,42.0
10,4,1191,36,3.0,10.0,123.0,0,1.0,89.0
10,5,392,61,3.0,0.0,325.0,1,1.0,37.0
10,5,862,75,4.0,5.0,260.0,0,1.0,81.0
10,6,789,79,4.0,6.0,220.0,0,1.0,76.0
10,6,528,75,4.0,7.0,335.0,0,1.0,226.0
10,7,1042,82,3.0,7.0,304.0,1,1.0,28.0
10,7,1179,50,3.0,0.0,189.0,0,1.0,27.0
10,1,677,37,3.0,0.0,198.0,0,1.0,57.0
10,1,1120,59,4.0,8.0,333.0,0,1.0,14.0
10,1,1241,38,3.0,8.0,195.0,0,1.0,19.0
10,2,677,52,2.0,4.0,255.0,1,1.0,90.0
10,2,972,27,3.0,10.0,254.0,0,1.0,237.0
10,2,833,38,3.0,9.0,265.0,0,1.0,238.0
10,3,237,66,3.0,4.0,211.0,0,1.0,35.0
10,3,1202,43,2.0,5.0,140.0,0,1.0,111.0
10,3,1426,45,2.0,8.0,127.0,0,1.0,56.0
10,4,621,20,3.0,6.0,266.0,0,1.0,176.0
10,4,1028,65,3.0,6.0,1536.0,1,1.0,234.0
10,4,745,64,2.0,2.0,810.0,1,1.0,34.0
10,5,1221,73,3.0,0.0,733.0,0,1.0,156.0
10,5,735,58,3.0,7.0,2031.0,1,1.0,741.0
10,6,878,47,2.0,4.0,412.0,1,1.0,91.0
10,6,1221,33,2.0,6.0,229.0,0,1.0,71.0
10,7,99,49,3.0,7.0,304.0,0,1.0,202.0
10,7,859,94,3.0,0.0,401.0,0,1.0,63.0
10,2,544,64,3.0,8.0,56.0,0,2.0,5.0
10,2,726,33,3.0,7.0,339.0,0,2.0,17.0
10,5,990,26,4.0,6.0,176.0,0,2.0,0.0
10,5,1321,59,2.0,0.0,461.0,0,2.0,58.0
10,5,610,88,3.0,0.0,250.0,1,2.0,2.0
10,1,31,52,5.0,8.0,80.0,0,2.0,0.0
11,3,1293,49,3.0,5.0,459.0,0,2.0,14.0
11,4,1296,7,3.0,0.0,168.0,0,2.0,0.0
11,4,520,43,3.0,8.0,288.0,0,2.0,1.0
11,5,1164,61,3.0,6.0,859.0,1,2.0,5.0
11,7,428,34,3.0,10.0,480.0,1,2.0,23.0
11,1,252,33,3.0,4.0,97.0,0,2.0,0.0
6,2,1089,27,3.0,10.0,153.0,0,1.0,27.0
6,3,1273,35,3.0,0.0,182.0,0,1.0,34.0
6,3,593,48,3.0,0.0,39.0,0,1.0,10.0
6,3,1147,6,3.0,0.0,92.0,0,1.0,44.0
6,4,922,65,3.0,7.0,259.0,0,1.0,40.0
6,4,11,27,3.0,10.0,67.0,0,1.0,12.0
6,4,804,72,3.0,0.0,339.0,0,1.0,32.0
6,5,154,20,2.0,0.0,168.0,0,1.0,3.0
6,5,922,70,3.0,0.0,234.0,0,1.0,46.0
6,5,743,37,4.0,8.0,89.0,0,1.0,8.0
6,6,4,39,3.0,4.0,127.0,0,1.0,10.0
6,6,848,67,2.0,8.0,278.0,0,1.0,17.0
6,6,1303,61,3.0,10.0,35.0,0,1.0,8.0
6,6,1297,24,3.0,9.0,124.0,0,1.0,26.0
6,6,1331,55,3.0,4.0,405.0,0,1.0,29.0
6,6,903,43,3.0,10.0,291.0,1,1.0,25.0
6,7,880,41,2.0,0.0,127.0,0,1.0,10.0
6,7,1406,39,4.0,3.0,31.0,0,1.0,6.0
6,1,1093,37,4.0,9.0,90.0,0,1.0,42.0
6,1,1336,4,4.0,8.0,73.0,0,1.0,16.0
6,2,341,30,3.0,4.0,90.0,0,1.0,4.0
6,2,967,55,2.0,7.0,126.0,0,1.0,20.0
6,2,461,40,3.0,10.0,220.0,0,1.0,7.0
6,3,147,29,4.0,3.0,43.0,0,1.0,4.0
6,3,661,0,2.0,8.0,119.0,0,1.0,38.0
6,3,1079,34,2.0,7.0,177.0,0,1.0,9.0
6,2,819,20,4.0,0.0,344.0,1,1.0,3.0
6,4,543,92,3.0,10.0,226.0,0,1.0,8.0
6,4,987,67,3.0,10.0,220.0,0,1.0,85.0
6,4,706,48,4.0,8.0,270.0,0,1.0,43.0
6,2,1391,82,2.0,0.0,340.0,1,1.0,12.0
6,5,370,35,3.0,10.0,189.0,0,1.0,8.0
6,5,831,53,3.0,8.0,277.0,0,1.0,19.0
6,4,584,81,2.0,0.0,256.0,1,1.0,10.0
6,4,612,71,2.0,0.0,303.0,1,1.0,10.0
6,6,910,57,3.0,0.0,189.0,0,1.0,103.0
6,5,529,79,2.0,7.0,298.0,1,1.0,132.0
6,7,97,61,2.0,7.0,143.0,1,1.0,97.0
6,7,767,43,3.0,9.0,366.0,0,1.0,52.0
6,7,1218,53,3.0,7.0,192.0,0,1.0,41.0
6,7,839,43,2.0,9.0,358.0,1,1.0,11.0
6,6,864,72,2.0,0.0,328.0,1,1.0,15.0
6,1,46,21,4.0,9.0,60.0,0,1.0,11.0
6,1,819,78,3.0,9.0,74.0,0,1.0,11.0
6,1,767,63,3.0,7.0,83.0,0,1.0,14.0
6,2,470,33,2.0,0.0,192.0,0,1.0,10.0
6,2,905,51,3.0,5.0,219.0,0,1.0,3.0
6,2,977,38,4.0,5.0,66.0,0,1.0,5.0
6,2,685,66,2.0,5.0,385.0,1,1.0,61.0
6,3,658,63,3.0,5.0,342.0,0,1.0,12.0
6,3,1089,40,3.0,9.0,218.0,0,1.0,89.0
6,3,1200,61,3.0,7.0,374.0,0,1.0,141.0
6,4,821,49,3.0,3.0,275.0,0,1.0,55.0
6,4,1292,26,3.0,0.0,84.0,0,1.0,27.0
6,3,878,60,3.0,0.0,279.0,1,1.0,63.0
6,5,351,22,3.0,3.0,204.0,0,1.0,27.0
6,5,863,84,3.0,5.0,119.0,0,1.0,9.0
6,5,1181,65,3.0,10.0,116.0,0,1.0,25.0
6,4,682,91,4.0,3.0,375.0,1,1.0,7.0
6,6,107,75,3.0,0.0,79.0,0,1.0,4.0
6,6,842,74,3.0,10.0,311.0,0,1.0,109.0
6,5,401,61,3.0,3.0,518.0,1,1.0,18.0
6,6,1240,22,3.0,3.0,370.0,0,1.0,188.0
6,7,732,47,3.0,7.0,232.0,0,1.0,22.0
6,7,133,22,2.0,0.0,142.0,0,1.0,3.0
6,7,165,55,3.0,0.0,215.0,1,1.0,26.0
6,1,618,32,4.0,0.0,68.0,0,1.0,5.0
6,1,1006,64,4.0,0.0,52.0,0,1.0,19.0
6,1,60,29,2.0,0.0,288.0,1,1.0,57.0
6,2,641,42,4.0,10.0,70.0,0,1.0,12.0
6,2,1068,62,3.0,5.0,220.0,0,1.0,74.0
6,2,1106,49,3.0,7.0,96.0,0,1.0,36.0
6,3,792,72,3.0,7.0,178.0,0,1.0,4.0
6,3,505,24,3.0,8.0,79.0,0,1.0,1.0
6,4,19,32,3.0,0.0,54.0,0,1.0,13.0
6,4,791,50,3.0,0.0,45.0,0,1.0,10.0
6,4,618,54,4.0,4.0,98.0,0,1.0,4.0
6,5,3,44,4.0,3.0,49.0,0,1.0,13.0
6,5,838,40,4.0,3.0,116.0,0,1.0,42.0
6,4,17,50,2.0,9.0,141.0,1,1.0,2.0
6,2,1079,63,4.0,9.0,241.0,1,1.0,63.0
6,5,1350,26,3.0,10.0,108.0,0,1.0,6.0
7,6,703,48,3.0,7.0,257.0,0,1.0,50.0
7,6,1023,62,3.0,8.0,191.0,0,1.0,23.0
7,6,1101,14,4.0,9.0,110.0,0,1.0,67.0
7,7,477,63,3.0,0.0,122.0,0,1.0,1.0
7,7,1048,74,3.0,5.0,108.0,0,1.0,12.0
7,7,219,52,3.0,8.0,157.0,0,1.0,19.0
7,7,1216,36,3.0,10.0,269.0,0,1.0,108.0
7,1,707,3,3.0,3.0,82.0,0,1.0,8.0
7,1,1127,56,3.0,8.0,120.0,0,1.0,6.0
7,1,460,33,3.0,9.0,201.0,0,1.0,0.0
12,3,1411,80,0.0,0.0,206.0,1,1.0,14.0
8,1,1257,55,3.0,0.0,40.0,0,1.0,4.0
8,6,48,31,3.0,4.0,92.0,0,1.0,28.0
8,3,156,41,3.0,7.0,1267.0,0,1.0,3.0
8,2,792,63,3.0,4.0,175.0,0,1.0,43.0
5,2,152,3,3.0,0.0,45.0,0,2.0,7.0
5,2,923,72,3.0,9.0,262.0,0,2.0,3.0
5,2,1128,30,4.0,6.0,74.0,0,2.0,3.0
5,3,360,82,4.0,10.0,40.0,0,2.0,7.0
5,3,779,60,3.0,0.0,189.0,0,2.0,3.0
5,3,858,21,3.0,8.0,74.0,0,2.0,24.0
5,3,1070,36,4.0,10.0,69.0,0,2.0,10.0
5,3,1289,41,4.0,0.0,20.0,0,2.0,0.0
5,4,133,37,4.0,7.0,26.0,0,2.0,2.0
5,4,592,64,4.0,5.0,60.0,0,2.0,4.0
5,4,791,73,2.0,10.0,151.0,0,2.0,6.0
5,4,1143,26,3.0,10.0,130.0,0,2.0,29.0
5,4,1248,1,4.0,0.0,117.0,0,2.0,2.0
5,5,221,18,4.0,8.0,37.0,0,2.0,15.0
5,5,1034,21,3.0,0.0,99.0,0,2.0,9.0
5,5,1150,82,4.0,4.0,147.0,0,2.0,6.0
5,6,353,87,3.0,0.0,247.0,1,2.0,45.0
5,6,1015,33,3.0,8.0,100.0,0,2.0,5.0
5,6,1272,1,3.0,0.0,50.0,0,2.0,4.0
5,7,577,64,3.0,0.0,243.0,0,2.0,4.0
5,7,853,82,2.0,0.0,47.0,0,2.0,5.0
5,7,1143,47,3.0,9.0,197.0,1,2.0,3.0
5,1,463,41,3.0,10.0,127.0,0,2.0,3.0
5,1,463,71,3.0,10.0,462.0,0,2.0,275.0
5,1,1056,48,3.0,9.0,1563.0,0,2.0,28.0
5,1,1278,25,2.0,0.0,123.0,0,2.0,16.0
5,2,515,52,2.0,7.0,151.0,0,2.0,12.0
5,2,917,20,4.0,10.0,82.0,0,2.0,15.0
5,2,1225,16,3.0,4.0,159.0,0,2.0,6.0
5,3,448,61,4.0,10.0,92.0,0,2.0,4.0
5,3,1048,18,4.0,9.0,57.0,0,2.0,3.0
5,3,1225,13,4.0,9.0,30.0,0,2.0,3.0
5,4,519,36,3.0,10.0,51.0,0,2.0,3.0
5,4,940,74,3.0,0.0,184.0,1,2.0,4.0
5,4,1153,14,4.0,8.0,102.0,0,2.0,6.0
5,4,1354,10,4.0,0.0,114.0,0,2.0,13.0
5,5,398,75,3.0,10.0,100.0,0,2.0,7.0
5,5,677,0,3.0,0.0,93.0,0,2.0,4.0
5,5,772,50,3.0,10.0,248.0,0,2.0,15.0
5,5,1007,52,2.0,4.0,200.0,0,2.0,4.0
5,5,1236,67,3.0,4.0,135.0,0,2.0,4.0
5,6,470,84,4.0,6.0,149.0,1,2.0,9.0
5,6,817,56,3.0,6.0,95.0,0,2.0,4.0
5,6,1112,19,4.0,5.0,68.0,0,2.0,3.0
5,6,1311,30,4.0,2.0,19.0,0,2.0,4.0
5,7,616,18,3.0,5.0,100.0,0,2.0,3.0
5,7,808,38,3.0,8.0,121.0,1,2.0,4.0
5,7,999,76,3.0,8.0,104.0,0,2.0,4.0
5,1,83,40,3.0,0.0,47.0,0,2.0,25.0
5,1,461,61,3.0,9.0,164.0,0,2.0,2.0
5,1,944,83,3.0,6.0,194.0,0,2.0,3.0
5,1,1079,94,3.0,5.0,254.0,0,2.0,6.0
5,2,40,47,4.0,0.0,59.0,0,2.0,1.0
5,2,821,83,4.0,6.0,24.0,0,2.0,4.0
5,2,1081,20,4.0,5.0,46.0,0,2.0,3.0
5,2,1190,20,4.0,6.0,70.0,0,2.0,8.0
5,3,559,78,3.0,9.0,146.0,0,2.0,5.0
5,3,838,33,3.0,5.0,160.0,0,2.0,8.0
5,3,1136,71,3.0,10.0,124.0,0,2.0,7.0
5,4,685,1,4.0,0.0,31.0,0,2.0,4.0
5,4,1106,19,4.0,0.0,71.0,0,2.0,4.0
5,4,1207,7,4.0,6.0,75.0,0,2.0,8.0
5,5,539,70,3.0,0.0,126.0,0,2.0,3.0
5,5,834,45,3.0,0.0,173.0,0,2.0,3.0
5,5,947,83,4.0,6.0,251.0,1,2.0,2.0
5,6,799,1,3.0,2.0,138.0,0,2.0,19.0
5,6,1037,30,3.0,5.0,82.0,0,2.0,18.0
5,6,1288,24,4.0,3.0,137.0,0,2.0,3.0
5,7,632,90,4.0,0.0,35.0,0,2.0,3.0
5,7,1282,6,4.0,2.0,78.0,0,2.0,8.0
5,1,380,45,3.0,5.0,879.0,0,2.0,20.0
5,1,623,38,4.0,7.0,45.0,0,2.0,3.0
5,1,836,59,4.0,9.0,164.0,0,2.0,9.0
5,1,1025,35,3.0,10.0,43.0,0,2.0,21.0
5,1,1222,20,3.0,4.0,68.0,0,2.0,5.0
5,2,326,30,3.0,0.0,34.0,0,2.0,10.0
5,2,793,63,4.0,2.0,32.0,0,2.0,3.0
5,2,1331,70,3.0,7.0,163.0,0,2.0,5.0
5,3,650,36,3.0,10.0,108.0,0,2.0,2.0
5,3,807,46,3.0,6.0,166.0,0,2.0,3.0
5,3,934,83,4.0,3.0,83.0,0,2.0,4.0
5,3,1362,44,4.0,10.0,68.0,0,2.0,7.0
6,4,697,50,3.0,0.0,168.0,1,2.0,9.0
6,4,957,0,3.0,0.0,94.0,0,2.0,3.0
6,4,990,75,3.0,9.0,181.0,1,2.0,4.0
6,4,1348,5,4.0,2.0,69.0,0,2.0,6.0
6,5,500,52,2.0,4.0,101.0,0,2.0,5.0
6,5,751,59,4.0,10.0,84.0,0,2.0,11.0
6,5,1007,55,4.0,8.0,68.0,0,2.0,4.0
6,6,485,66,2.0,6.0,102.0,0,2.0,8.0
10,5,822,45,3.0,5.0,124.0,0,1.0,14.0
3,2,726,14,3.0,6.0,91.0,0,1.0,5.0
3,3,933,37,3.0,7.0,112.0,0,1.0,33.0
3,4,529,25,3.0,8.0,60.0,0,1.0,10.0
3,4,1220,78,3.0,3.0,1183.0,0,1.0,18.0
3,5,909,57,3.0,0.0,389.0,0,1.0,31.0
3,6,1400,6,3.0,0.0,157.0,0,1.0,20.0
3,7,1167,26,3.0,0.0,140.0,0,1.0,9.0
3,1,1046,26,3.0,8.0,101.0,0,1.0,7.0
3,3,117,59,3.0,10.0,261.0,0,1.0,3.0
3,3,880,34,3.0,8.0,205.0,0,1.0,75.0
3,4,649,40,3.0,8.0,106.0,0,1.0,25.0
3,5,1221,23,3.0,0.0,76.0,0,1.0,9.0
3,7,560,1,3.0,0.0,46.0,0,1.0,8.0
3,1,80,8,3.0,6.0,121.0,0,1.0,10.0
3,2,607,41,3.0,10.0,220.0,0,1.0,3.0
3,3,1124,17,3.0,0.0,4778.0,0,1.0,6.0
3,4,695,58,3.0,8.0,35.0,0,1.0,5.0
4,7,393,32,3.0,8.0,90.0,0,1.0,7.0
4,1,168,43,3.0,6.0,77.0,0,1.0,7.0
4,1,1283,38,3.0,8.0,62.0,0,1.0,10.0
4,3,1328,2,3.0,0.0,66.0,0,1.0,12.0
4,4,1110,50,3.0,8.0,226.0,0,1.0,5.0
4,3,772,30,2.0,7.0,79.0,0,1.0,8.0
4,6,670,82,3.0,10.0,125.0,0,1.0,5.0
4,7,546,69,3.0,1.0,180.0,0,1.0,4.0
4,1,100,64,3.0,8.0,278.0,0,1.0,10.0
3,2,52,6,4.0,0.0,197.0,0,1.0,8.0
3,2,658,65,4.0,0.0,122.0,0,1.0,2.0
3,2,844,19,4.0,10.0,222.0,0,1.0,6.0
3,2,1266,31,4.0,10.0,120.0,0,1.0,14.0
3,3,429,25,4.0,10.0,246.0,0,1.0,6.0
3,3,806,33,4.0,7.0,393.0,0,1.0,7.0
3,3,1271,27,4.0,8.0,249.0,0,1.0,9.0
3,4,1227,26,4.0,7.0,414.0,0,1.0,6.0
3,5,574,53,4.0,10.0,285.0,0,1.0,16.0
3,5,1289,19,4.0,7.0,65.0,0,1.0,6.0
3,6,627,45,4.0,8.0,300.0,0,1.0,13.0
3,6,885,6,4.0,3.0,152.0,0,1.0,15.0
3,6,1372,30,4.0,5.0,93.0,0,1.0,8.0
3,7,786,49,4.0,4.0,224.0,0,1.0,4.0
3,7,1179,70,4.0,10.0,51.0,0,1.0,16.0
3,1,633,86,4.0,8.0,95.0,0,1.0,7.0
3,1,948,64,4.0,4.0,216.0,0,1.0,7.0
3,2,541,93,4.0,8.0,431.0,0,1.0,9.0
3,2,763,4,4.0,4.0,349.0,0,1.0,7.0
3,3,722,37,4.0,4.0,99.0,0,1.0,13.0
3,3,976,83,4.0,0.0,218.0,0,1.0,14.0
3,4,676,63,4.0,0.0,1857.0,1,1.0,9.0
3,4,974,39,4.0,8.0,170.0,0,1.0,6.0
3,4,1363,39,4.0,10.0,49.0,0,1.0,17.0
3,5,1004,12,3.0,2.0,235.0,0,1.0,6.0
3,6,225,48,4.0,9.0,726.0,1,1.0,11.0
3,6,1220,56,3.0,3.0,117.0,0,1.0,16.0
3,2,665,7,4.0,5.0,444.0,0,1.0,11.0
3,2,985,50,4.0,9.0,264.0,0,1.0,14.0
3,3,67,34,4.0,0.0,192.0,0,1.0,11.0
3,3,695,62,4.0,6.0,173.0,1,1.0,20.0
3,4,44,23,4.0,9.0,70.0,0,1.0,19.0
3,4,631,61,3.0,0.0,390.0,0,1.0,10.0
3,5,1313,52,3.0,10.0,95.0,1,1.0,5.0
3,5,804,31,3.0,8.0,208.0,1,1.0,6.0
4,6,534,27,3.0,4.0,281.0,0,1.0,6.0
4,6,1331,76,4.0,7.0,697.0,0,1.0,9.0
4,1,254,50,4.0,9.0,140.0,0,1.0,3.0
4,1,791,32,4.0,9.0,318.0,0,1.0,4.0
4,1,1259,22,4.0,5.0,460.0,0,1.0,5.0
4,2,994,77,3.0,3.0,269.0,1,1.0,6.0
4,2,1317,18,4.0,4.0,497.0,0,1.0,3.0
4,3,524,70,4.0,10.0,398.0,0,1.0,7.0
4,3,972,16,4.0,7.0,282.0,0,1.0,4.0
4,2,448,50,4.0,10.0,71.0,0,1.0,7.0
4,5,688,57,4.0,3.0,459.0,1,1.0,8.0
4,5,993,24,4.0,10.0,122.0,0,1.0,7.0
4,5,1337,83,4.0,2.0,123.0,0,1.0,3.0
4,6,1370,37,4.0,8.0,276.0,0,1.0,5.0
4,7,1025,53,3.0,4.0,640.0,1,1.0,0.0
4,1,795,58,4.0,4.0,137.0,0,1.0,5.0
4,1,1114,21,3.0,10.0,210.0,1,1.0,6.0
11,2,651,39,0.0,0.0,288.0,0,1.0,48.0
7,1,892,48,3.0,7.0,316.0,0,1.0,26.0
7,6,1240,57,3.0,10.0,388.0,0,1.0,3.0
7,6,736,55,2.0,0.0,1015.0,1,1.0,9.0
7,5,1344,39,3.0,10.0,223.0,1,1.0,0.0
7,5,160,53,3.0,5.0,570.0,1,1.0,2.0
7,4,895,67,2.0,0.0,163.0,1,1.0,22.0
7,3,700,45,3.0,8.0,359.0,0,1.0,1.0
7,2,592,57,2.0,0.0,106.0,0,1.0,8.0
7,3,902,28,2.0,10.0,677.0,1,1.0,47.0
7,3,351,21,2.0,8.0,217.0,0,1.0,1.0
7,7,509,68,4.0,7.0,149.0,0,1.0,8.0
7,7,819,50,5.0,8.0,36.0,0,1.0,17.0
7,4,656,53,3.0,5.0,439.0,1,1.0,20.0
7,6,1108,23,3.0,5.0,354.0,0,1.0,15.0
7,6,608,49,3.0,5.0,99.0,0,1.0,5.0
7,6,870,28,3.0,0.0,298.0,0,1.0,12.0
7,5,1364,49,4.0,0.0,307.0,0,1.0,6.0
7,5,825,55,2.0,0.0,195.0,0,1.0,52.0
7,1,919,77,3.0,0.0,422.0,1,1.0,1.0
7,5,620,64,3.0,3.0,228.0,1,1.0,11.0
7,3,709,58,2.0,0.0,546.0,1,1.0,18.0
7,4,1353,53,3.0,8.0,652.0,1,1.0,3.0
7,4,994,34,3.0,10.0,127.0,0,1.0,19.0
7,3,1263,53,2.0,0.0,309.0,0,1.0,4.0
7,3,1010,29,3.0,6.0,442.0,0,1.0,29.0
7,3,683,17,3.0,0.0,189.0,0,1.0,132.0
7,3,508,42,2.0,5.0,128.0,0,1.0,6.0
7,4,393,28,4.0,0.0,167.0,0,1.0,2.0
7,4,43,68,3.0,10.0,564.0,1,1.0,1.0
7,1,523,35,4.0,6.0,163.0,0,1.0,1.0
7,3,3,65,2.0,8.0,401.0,1,1.0,0.0
7,7,1015,68,5.0,0.0,119.0,0,1.0,96.0
7,7,819,43,2.0,10.0,394.0,0,1.0,17.0
7,7,46,50,2.0,0.0,628.0,0,1.0,0.0
7,7,549,4,2.0,0.0,95.0,0,1.0,37.0
7,6,1144,59,3.0,7.0,502.0,0,1.0,40.0
7,7,1390,43,2.0,7.0,234.0,0,1.0,15.0
7,7,1064,65,3.0,7.0,285.0,1,1.0,5.0
7,7,786,16,3.0,5.0,126.0,0,1.0,17.0
7,6,1260,72,2.0,6.0,317.0,0,1.0,3.0
7,6,1019,55,3.0,0.0,220.0,0,1.0,0.0
7,6,809,85,3.0,0.0,430.0,0,1.0,6.0
7,6,514,56,2.0,0.0,725.0,1,1.0,6.0
7,6,21,41,3.0,0.0,117.0,0,1.0,1.0
7,5,1081,82,3.0,5.0,321.0,0,1.0,25.0
7,5,818,67,5.0,0.0,247.0,0,1.0,31.0
7,5,939,48,3.0,0.0,36.0,0,1.0,31.0
7,4,1234,69,2.0,0.0,312.0,1,1.0,10.0
7,6,634,83,5.0,0.0,402.0,0,1.0,11.0
7,5,1421,23,4.0,5.0,209.0,0,1.0,0.0
7,5,1131,21,4.0,9.0,129.0,0,1.0,32.0
7,5,327,84,3.0,0.0,350.0,1,1.0,10.0
7,5,898,35,2.0,10.0,109.0,0,1.0,15.0
7,4,1172,63,4.0,5.0,310.0,0,1.0,73.0
7,4,709,50,3.0,0.0,395.0,0,1.0,1.0
7,4,369,38,2.0,0.0,1153.0,0,1.0,0.0
7,3,1240,33,4.0,6.0,160.0,0,1.0,0.0
7,3,755,65,5.0,0.0,356.0,0,1.0,0.0
7,3,481,37,3.0,0.0,430.0,1,1.0,6.0
7,2,923,46,3.0,0.0,251.0,0,1.0,39.0
7,1,844,27,3.0,8.0,195.0,0,1.0,12.0
7,1,1213,45,3.0,8.0,167.0,0,1.0,1.0
7,2,678,51,2.0,7.0,102.0,0,1.0,0.0
7,2,236,46,3.0,8.0,448.0,0,1.0,3.0
7,2,1253,50,2.0,10.0,691.0,1,1.0,4.0
7,3,880,56,2.0,0.0,378.0,1,1.0,18.0
7,4,6,28,4.0,6.0,385.0,1,1.0,0.0
11,2,398,45,0.0,0.0,205.0,0,1.0,21.0
11,2,620,26,0.0,0.0,128.0,0,1.0,58.0
11,1,988,33,4.0,10.0,178.0,0,1.0,8.0
11,2,26,42,5.0,0.0,3988.0,0,1.0,0.0
11,2,659,26,4.0,7.0,141.0,0,1.0,22.0
11,2,1111,57,2.0,3.0,475.0,0,1.0,0.0
11,3,374,50,4.0,10.0,85.0,0,1.0,16.0
11,3,652,66,4.0,7.0,62.0,0,1.0,31.0
11,3,803,23,3.0,8.0,445.0,0,1.0,0.0
11,4,767,21,3.0,5.0,336.0,1,1.0,58.0
11,4,964,80,3.0,0.0,154.0,0,1.0,95.0
11,4,1351,44,3.0,7.0,149.0,1,1.0,60.0
12,5,376,91,3.0,4.0,444.0,0,1.0,120.0
12,5,801,59,3.0,5.0,227.0,0,1.0,32.0
12,5,1055,42,3.0,0.0,55.0,0,1.0,12.0
12,5,1289,25,4.0,10.0,216.0,0,1.0,114.0
12,6,536,49,2.0,2.0,312.0,0,1.0,0.0
12,6,775,32,4.0,7.0,227.0,0,1.0,42.0
12,6,1032,69,4.0,6.0,241.0,1,1.0,4.0
12,7,413,10,4.0,0.0,213.0,0,1.0,12.0
12,7,856,52,3.0,8.0,97.0,0,1.0,8.0
12,7,1225,46,4.0,0.0,178.0,0,1.0,100.0
12,1,482,46,4.0,7.0,182.0,0,1.0,110.0
12,1,819,21,4.0,0.0,165.0,0,1.0,16.0
12,1,1102,56,3.0,0.0,200.0,0,1.0,4.0
12,2,544,74,2.0,8.0,409.0,0,1.0,0.0
12,2,1216,20,3.0,9.0,103.0,0,1.0,0.0
12,3,168,75,4.0,7.0,64.0,0,1.0,24.0
12,3,649,51,3.0,7.0,172.0,0,1.0,28.0
12,4,168,28,4.0,3.0,199.0,0,1.0,124.0
12,4,638,66,3.0,7.0,111.0,0,1.0,60.0
12,4,880,46,3.0,10.0,257.0,0,1.0,101.0
12,4,1193,41,4.0,6.0,172.0,0,1.0,31.0
12,5,532,35,4.0,10.0,367.0,0,1.0,0.0
12,5,763,63,3.0,10.0,232.0,0,1.0,3.0
12,6,699,39,4.0,8.0,46.0,0,1.0,16.0
12,6,877,25,4.0,8.0,333.0,0,1.0,120.0
12,7,876,60,3.0,2.0,235.0,0,1.0,23.0
12,1,701,68,4.0,8.0,157.0,0,1.0,18.0
12,1,992,62,3.0,10.0,268.0,0,1.0,9.0
12,2,464,16,2.0,0.0,360.0,1,1.0,8.0
1,2,627,1,5.0,0.0,76.0,0,1.0,0.0
1,2,799,24,2.0,0.0,778.0,0,1.0,1.0
1,2,1121,41,5.0,0.0,21.0,0,1.0,4.0
1,3,74,37,3.0,0.0,258.0,0,1.0,3.0
1,3,616,39,4.0,0.0,160.0,0,1.0,2.0
1,3,995,22,4.0,0.0,35.0,0,1.0,5.0
1,3,1127,7,4.0,0.0,42.0,0,1.0,1.0
1,3,1286,51,3.0,0.0,239.0,0,1.0,1.0
1,4,623,21,3.0,0.0,109.0,0,1.0,3.0
1,4,783,53,5.0,0.0,40.0,0,1.0,1.0
1,4,1170,10,4.0,0.0,43.0,0,1.0,12.0
1,5,449,26,4.0,4.0,40.0,0,1.0,3.0
1,5,676,67,2.0,0.0,374.0,0,1.0,5.0
1,5,887,73,4.0,0.0,293.0,0,1.0,2.0
1,5,1027,63,4.0,0.0,120.0,0,1.0,1.0
1,6,565,47,3.0,0.0,146.0,0,1.0,1.0
1,6,889,57,3.0,0.0,171.0,0,1.0,2.0
1,7,224,2,5.0,0.0,164.0,0,1.0,6.0
1,7,906,7,4.0,0.0,44.0,0,1.0,2.0
1,7,1153,76,3.0,5.0,163.0,0,1.0,1.0
1,1,62,46,4.0,0.0,179.0,0,1.0,11.0
1,1,1005,24,4.0,0.0,36.0,0,1.0,3.0
1,1,1307,41,2.0,0.0,860.0,0,1.0,4.0
1,2,534,30,3.0,6.0,93.0,0,1.0,2.0
1,2,825,27,3.0,0.0,137.0,0,1.0,3.0
1,2,971,31,3.0,4.0,140.0,0,1.0,15.0
1,2,1395,7,3.0,0.0,76.0,0,1.0,3.0
1,3,628,49,5.0,0.0,42.0,0,1.0,1.0
1,3,826,3,4.0,0.0,93.0,0,1.0,2.0
1,3,952,55,2.0,0.0,5564.0,0,1.0,2.0
1,4,249,20,2.0,0.0,705.0,0,1.0,5.0
1,4,783,32,4.0,0.0,77.0,0,1.0,30.0
1,4,1280,0,3.0,0.0,192.0,0,1.0,8.0
1,5,713,64,3.0,0.0,155.0,0,1.0,1.0
1,5,867,58,3.0,0.0,124.0,0,1.0,3.0
1,5,1110,75,2.0,0.0,301.0,1,1.0,1.0
1,5,1413,7,5.0,0.0,72.0,0,1.0,7.0
1,6,616,19,4.0,0.0,135.0,0,1.0,1.0
1,6,844,50,3.0,0.0,55.0,0,1.0,3.0
1,6,1120,27,4.0,0.0,25.0,0,1.0,1.0
1,7,314,42,4.0,0.0,62.0,0,1.0,1.0
1,7,775,16,5.0,0.0,73.0,0,1.0,5.0
1,7,1028,21,4.0,0.0,37.0,0,1.0,6.0
1,7,1376,37,4.0,0.0,36.0,0,1.0,1.0
1,1,671,62,3.0,0.0,220.0,0,1.0,0.0
1,1,958,23,3.0,10.0,60.0,0,1.0,2.0
1,1,1273,20,3.0,0.0,214.0,0,1.0,8.0
1,2,466,77,3.0,8.0,311.0,0,1.0,2.0
1,2,708,31,3.0,8.0,277.0,0,1.0,2.0
1,2,851,31,3.0,0.0,90.0,0,1.0,8.0
1,2,1064,47,3.0,0.0,109.0,0,1.0,2.0
1,2,1255,53,3.0,10.0,269.0,0,1.0,123.0
2,3,625,35,3.0,0.0,130.0,0,1.0,2.0
2,3,879,0,2.0,0.0,270.0,0,1.0,5.0
2,3,1102,18,5.0,0.0,100.0,0,1.0,18.0
2,3,1267,25,2.0,0.0,214.0,0,1.0,4.0
2,4,451,35,2.0,0.0,653.0,0,1.0,7.0
2,4,760,61,4.0,0.0,136.0,0,1.0,5.0
2,4,1041,42,2.0,0.0,383.0,0,1.0,4.0
2,5,449,68,3.0,0.0,307.0,0,1.0,11.0
2,5,784,24,3.0,4.0,326.0,0,1.0,3.0
2,5,1051,38,3.0,0.0,49.0,0,1.0,2.0
2,5,1402,52,3.0,0.0,158.0,0,1.0,1.0
2,6,626,39,4.0,7.0,186.0,0,1.0,4.0
2,6,854,51,3.0,10.0,288.0,0,1.0,3.0
2,6,1165,36,4.0,0.0,156.0,0,1.0,19.0
2,6,994,33,3.0,0.0,150.0,0,1.0,1.0
2,7,132,56,3.0,0.0,259.0,0,1.0,5.0
2,7,325,31,3.0,0.0,37.0,0,1.0,3.0
2,7,604,2,5.0,0.0,28.0,0,1.0,2.0
2,1,19,50,2.0,0.0,416.0,0,1.0,8.0
2,1,823,6,4.0,0.0,210.0,0,1.0,8.0
2,2,244,46,4.0,0.0,28.0,0,1.0,7.0
2,2,1155,20,4.0,0.0,62.0,0,1.0,22.0
2,2,872,26,3.0,8.0,155.0,0,1.0,96.0
2,2,1260,42,3.0,0.0,314.0,0,1.0,10.0
2,2,1014,29,4.0,0.0,62.0,0,1.0,38.0
2,2,1306,37,3.0,0.0,166.0,0,1.0,12.0
2,3,188,22,2.0,0.0,541.0,0,1.0,3.0
2,3,345,34,4.0,0.0,40.0,0,1.0,4.0
2,3,690,30,4.0,0.0,241.0,0,1.0,2.0
2,3,1221,53,4.0,0.0,92.0,0,1.0,5.0
2,4,84,4,3.0,0.0,32.0,0,1.0,9.0
2,4,472,53,2.0,6.0,456.0,0,1.0,5.0
2,4,663,66,3.0,0.0,205.0,0,1.0,1.0
2,4,1109,1,4.0,0.0,42.0,0,1.0,2.0
2,4,1422,34,3.0,7.0,103.0,0,1.0,3.0
2,5,280,54,2.0,0.0,250.0,1,1.0,4.0
2,5,467,46,3.0,7.0,178.0,0,1.0,4.0
2,5,1085,35,3.0,0.0,181.0,0,1.0,1.0
2,5,1363,27,4.0,0.0,71.0,0,1.0,14.0
2,6,353,30,3.0,10.0,107.0,0,1.0,2.0
2,6,576,16,3.0,0.0,119.0,0,1.0,6.0
2,6,807,23,4.0,0.0,131.0,0,1.0,31.0
2,6,1129,26,4.0,0.0,417.0,0,1.0,76.0
2,6,1425,34,3.0,0.0,204.0,0,1.0,7.0
2,2,577,56,3.0,5.0,415.0,1,1.0,23.0
2,2,885,3,3.0,0.0,182.0,0,1.0,16.0
2,2,1087,54,4.0,8.0,58.0,0,1.0,10.0
2,3,603,49,3.0,0.0,101.0,0,1.0,19.0
2,3,455,31,3.0,9.0,114.0,0,1.0,15.0
2,3,1362,19,4.0,5.0,66.0,0,1.0,19.0
2,3,915,79,3.0,8.0,97.0,1,1.0,10.0
2,3,1202,14,2.0,0.0,403.0,0,1.0,11.0
2,4,200,25,3.0,3.0,82.0,0,1.0,21.0
2,4,1310,90,3.0,0.0,63.0,0,1.0,0.0
2,4,972,71,2.0,0.0,182.0,1,1.0,16.0
2,4,1229,29,3.0,7.0,169.0,0,1.0,35.0
2,5,127,58,4.0,0.0,44.0,0,1.0,15.0
2,5,116,62,4.0,7.0,114.0,0,1.0,16.0
2,5,879,15,3.0,8.0,179.0,0,1.0,5.0
2,5,1154,41,2.0,2.0,277.0,0,1.0,6.0
2,6,140,55,2.0,5.0,175.0,0,1.0,8.0
2,6,1364,13,3.0,1.0,371.0,0,1.0,26.0
2,6,1014,64,3.0,0.0,1563.0,0,1.0,6.0
2,7,613,19,4.0,8.0,104.0,0,1.0,92.0
2,7,590,67,4.0,2.0,103.0,0,1.0,72.0
2,7,936,36,3.0,0.0,44.0,0,1.0,21.0
2,1,652,34,3.0,6.0,255.0,0,1.0,11.0
2,1,817,41,2.0,8.0,237.0,0,1.0,25.0
2,1,1126,78,3.0,10.0,140.0,1,1.0,2.0
2,2,11,76,3.0,0.0,194.0,1,1.0,11.0
2,2,592,66,3.0,0.0,184.0,0,1.0,18.0
2,2,850,47,3.0,0.0,194.0,0,1.0,29.0
2,2,1072,38,2.0,7.0,225.0,0,1.0,0.0
2,3,633,86,2.0,10.0,150.0,1,1.0,22.0
2,3,529,80,3.0,0.0,105.0,1,1.0,13.0
2,3,1071,85,3.0,0.0,504.0,0,1.0,51.0
2,4,526,54,3.0,10.0,293.0,1,1.0,14.0
2,4,1164,45,3.0,0.0,96.0,0,1.0,5.0
2,5,647,78,2.0,0.0,132.0,0,1.0,29.0
2,5,487,53,2.0,0.0,201.0,1,1.0,4.0
2,5,908,20,3.0,5.0,255.0,0,1.0,90.0
2,5,1168,79,3.0,0.0,133.0,0,1.0,2.0
2,6,702,43,3.0,2.0,248.0,0,1.0,29.0
2,6,795,70,3.0,0.0,341.0,1,1.0,13.0
2,6,1008,50,3.0,10.0,280.0,0,1.0,15.0
2,6,1340,52,3.0,8.0,110.0,0,1.0,1.0
2,7,635,67,3.0,0.0,137.0,0,1.0,30.0
2,7,943,37,1.0,0.0,79.0,0,1.0,4.0
2,7,1193,18,3.0,5.0,171.0,0,1.0,14.0
2,1,419,67,3.0,0.0,225.0,0,1.0,1.0
2,1,1203,85,3.0,7.0,117.0,0,1.0,9.0
2,2,522,50,3.0,6.0,162.0,0,1.0,13.0
2,2,865,68,5.0,0.0,55.0,0,1.0,49.0
2,2,1242,31,2.0,8.0,148.0,1,1.0,18.0
3,3,732,82,2.0,2.0,157.0,0,1.0,48.0
3,3,970,20,2.0,0.0,315.0,0,1.0,40.0
3,3,1366,59,3.0,6.0,22.0,1,1.0,13.0
3,4,586,13,3.0,0.0,209.0,0,1.0,21.0
3,4,896,27,3.0,6.0,272.0,0,1.0,24.0
3,4,1165,31,4.0,5.0,175.0,0,1.0,57.0
3,5,398,37,3.0,10.0,251.0,0,1.0,2.0
3,5,687,54,3.0,7.0,77.0,1,1.0,33.0
3,5,945,28,3.0,4.0,225.0,0,1.0,39.0
3,5,1226,16,3.0,4.0,95.0,0,1.0,34.0
3,6,451,50,3.0,5.0,110.0,0,1.0,9.0
3,6,841,82,4.0,7.0,46.0,0,1.0,24.0
3,6,1176,5,3.0,0.0,58.0,0,1.0,33.0
3,7,519,53,2.0,0.0,174.0,1,1.0,21.0
3,7,827,70,3.0,0.0,181.0,0,1.0,37.0
3,7,1229,43,3.0,0.0,98.0,1,1.0,13.0
3,1,913,56,2.0,6.0,231.0,1,1.0,37.0
3,1,1397,30,3.0,8.0,291.0,0,1.0,16.0
3,2,579,48,3.0,7.0,179.0,0,1.0,7.0
3,2,810,37,4.0,0.0,96.0,0,1.0,65.0
3,2,994,63,3.0,10.0,114.0,0,1.0,41.0
3,3,127,57,3.0,10.0,213.0,0,1.0,29.0
3,3,697,48,3.0,0.0,138.0,0,1.0,11.0
3,3,889,50,3.0,8.0,452.0,0,1.0,29.0
3,3,1191,79,3.0,0.0,143.0,0,1.0,22.0
3,3,1307,26,3.0,2.0,145.0,0,1.0,35.0
3,4,397,50,3.0,0.0,195.0,0,1.0,33.0
3,4,667,36,3.0,10.0,113.0,0,1.0,35.0
3,4,937,16,4.0,0.0,35.0,0,1.0,24.0
3,4,1208,62,3.0,0.0,134.0,0,1.0,98.0
3,5,822,92,3.0,0.0,190.0,0,1.0,13.0
3,5,1106,75,3.0,0.0,162.0,1,1.0,11.0
3,5,1342,29,4.0,8.0,55.0,0,1.0,37.0
3,6,612,36,3.0,9.0,236.0,0,1.0,38.0
3,6,771,77,3.0,0.0,144.0,0,1.0,68.0
3,6,1119,66,3.0,8.0,238.0,0,1.0,21.0
3,7,135,18,3.0,0.0,115.0,0,1.0,20.0
3,7,748,25,4.0,8.0,92.0,0,1.0,0.0
3,7,1032,78,3.0,2.0,101.0,0,1.0,3.0
3,7,1301,22,4.0,8.0,56.0,0,1.0,9.0
3,1,687,61,3.0,8.0,110.0,1,1.0,30.0
3,1,1011,47,3.0,1.0,78.0,0,1.0,19.0
1,2,536,0,2.0,8.0,199.0,0,1.0,36.0
2,1,1175,24,4.0,0.0,94.0,0,1.0,40.0
2,6,990,69,3.0,6.0,119.0,0,1.0,8.0
1,3,21,1,0.0,0.0,2232.0,0,1.0,9.0
5,2,539,25,3.0,7.0,278.0,0,1.0,10.0
5,2,802,76,3.0,7.0,448.0,1,1.0,67.0
5,2,1265,61,4.0,10.0,338.0,1,1.0,3.0
5,3,457,25,4.0,0.0,293.0,0,1.0,11.0
5,5,748,56,2.0,0.0,381.0,0,1.0,27.0
5,6,546,21,4.0,5.0,834.0,0,1.0,4.0
5,7,1383,35,3.0,0.0,118.0,0,1.0,6.0
5,1,693,24,3.0,10.0,285.0,0,1.0,98.0
5,2,468,36,4.0,6.0,521.0,0,1.0,12.0
5,2,1249,47,2.0,0.0,1140.0,0,1.0,224.0
5,3,1273,40,2.0,0.0,496.0,0,1.0,11.0
5,5,721,55,2.0,6.0,532.0,0,1.0,41.0
5,2,53,26,4.0,0.0,138.0,0,1.0,11.0
5,3,660,94,4.0,0.0,134.0,0,1.0,80.0
5,6,785,34,3.0,0.0,60.0,0,1.0,14.0
5,7,1128,56,3.0,10.0,212.0,0,1.0,80.0
5,1,737,60,3.0,7.0,137.0,0,1.0,57.0
5,1,1337,80,3.0,10.0,268.0,0,1.0,28.0
5,3,712,17,3.0,6.0,260.0,0,1.0,11.0
5,1,1358,47,4.0,0.0,53.0,0,1.0,11.0
5,2,847,51,4.0,0.0,261.0,0,1.0,56.0
8,6,1297,18,2.0,0.0,48.0,0,1.0,2.0
8,1,898,73,4.0,0.0,370.0,0,1.0,21.0
8,3,180,32,3.0,0.0,914.0,0,1.0,4.0
8,5,632,56,4.0,9.0,179.0,0,1.0,15.0
8,7,191,59,3.0,3.0,198.0,0,1.0,12.0
8,6,609,69,2.0,8.0,230.0,0,1.0,5.0
8,1,1215,6,3.0,8.0,153.0,0,1.0,1.0
8,7,1272,65,2.0,10.0,889.0,0,1.0,5.0
8,4,510,54,3.0,10.0,164.0,0,1.0,4.0
8,2,1133,31,3.0,3.0,157.0,0,1.0,3.0
2,3,1055,14,3.0,8.0,148.0,0,2.0,41.0
2,2,693,15,3.0,7.0,349.0,0,2.0,1.0
2,3,1156,4,4.0,0.0,161.0,0,2.0,66.0
1,6,1045,17,4.0,5.0,42.0,0,2.0,21.0
1,1,1196,0,4.0,2.0,70.0,0,2.0,34.0
1,1,712,12,4.0,0.0,143.0,0,2.0,49.0
1,6,873,17,3.0,7.0,285.0,0,2.0,86.0
1,6,504,15,3.0,7.0,84.0,0,2.0,10.0
1,5,992,15,2.0,10.0,119.0,1,2.0,25.0
1,4,831,17,2.0,0.0,292.0,0,2.0,38.0
1,4,924,17,2.0,8.0,109.0,0,2.0,99.0
1,1,1366,10,3.0,4.0,120.0,0,2.0,64.0
2,4,1043,19,3.0,9.0,125.0,0,2.0,27.0
2,5,919,11,4.0,7.0,57.0,0,2.0,25.0
2,4,1174,15,4.0,3.0,96.0,0,2.0,67.0
2,5,1232,10,3.0,8.0,116.0,1,2.0,47.0
12,6,1169,24,3.0,0.0,267.0,0,1.0,4.0
12,6,498,31,3.0,8.0,116.0,0,1.0,6.0
12,5,1214,18,3.0,8.0,143.0,0,1.0,14.0
12,6,383,35,2.0,8.0,183.0,0,1.0,5.0
6,3,1131,53,2.0,0.0,295.0,0,1.0,28.0
6,3,1322,58,3.0,0.0,255.0,0,1.0,152.0
6,4,580,80,0.0,0.0,463.0,1,1.0,51.0
6,5,574,80,3.0,5.0,242.0,0,1.0,8.0
6,6,521,87,2.0,5.0,1695.0,0,1.0,5.0
6,6,948,21,2.0,10.0,76.0,0,1.0,7.0
6,6,1224,22,4.0,1.0,127.0,0,1.0,50.0
6,7,147,21,3.0,7.0,79.0,0,1.0,6.0
6,7,403,85,3.0,4.0,635.0,0,1.0,7.0
6,7,1096,73,3.0,9.0,267.0,0,1.0,12.0
6,7,1417,67,4.0,8.0,152.0,0,1.0,8.0
6,1,588,45,4.0,7.0,59.0,0,1.0,9.0
6,1,773,74,3.0,4.0,76.0,0,1.0,9.0
6,1,920,55,2.0,10.0,48.0,0,1.0,4.0
6,2,330,84,3.0,0.0,205.0,0,1.0,15.0
6,2,734,70,2.0,6.0,202.0,0,1.0,10.0
6,2,1091,37,3.0,2.0,112.0,0,1.0,9.0
6,3,423,40,3.0,8.0,333.0,1,1.0,15.0
6,3,692,19,3.0,0.0,184.0,0,1.0,25.0
6,3,931,22,3.0,3.0,92.0,0,1.0,14.0
6,3,1233,26,3.0,10.0,222.0,0,1.0,29.0
6,4,577,75,3.0,0.0,229.0,0,1.0,26.0
6,4,976,52,3.0,0.0,67.0,0,1.0,9.0
6,4,976,39,3.0,0.0,67.0,0,1.0,9.0
6,5,488,32,3.0,9.0,110.0,0,1.0,13.0
6,5,793,42,4.0,10.0,72.0,0,1.0,10.0
6,5,1068,61,3.0,0.0,167.0,0,1.0,20.0
6,6,106,33,4.0,8.0,40.0,0,1.0,5.0
6,6,662,28,3.0,10.0,141.0,0,1.0,11.0
6,6,894,48,3.0,0.0,212.0,0,1.0,24.0
6,6,1151,54,3.0,8.0,291.0,0,1.0,19.0
6,7,796,78,4.0,6.0,96.0,0,1.0,16.0
6,7,1159,19,3.0,5.0,196.0,0,1.0,13.0
6,1,843,55,0.0,10.0,132.0,1,1.0,8.0
6,2,653,50,2.0,10.0,158.0,1,1.0,24.0
6,2,1000,18,4.0,10.0,54.0,0,1.0,10.0
6,2,1393,71,3.0,9.0,216.0,0,1.0,11.0
6,3,569,24,4.0,8.0,119.0,0,1.0,38.0
6,3,864,28,3.0,7.0,476.0,1,1.0,68.0
6,3,1099,56,2.0,2.0,1543.0,1,1.0,4.0
6,3,1359,2,4.0,4.0,147.0,0,1.0,10.0
6,4,655,67,3.0,0.0,339.0,1,1.0,10.0
6,4,875,19,3.0,4.0,253.0,0,1.0,176.0
6,4,890,47,2.0,5.0,238.0,0,1.0,136.0
6,4,1110,49,4.0,10.0,148.0,0,1.0,4.0
6,5,656,26,3.0,0.0,367.0,0,1.0,3.0
6,5,1008,67,3.0,6.0,54.0,0,1.0,14.0
6,6,45,58,3.0,8.0,255.0,1,1.0,20.0
6,6,712,37,3.0,9.0,156.0,0,1.0,10.0
6,6,1087,49,3.0,1.0,71.0,0,1.0,4.0
6,6,1311,27,4.0,10.0,89.0,0,1.0,5.0
6,7,527,45,2.0,8.0,182.0,1,1.0,12.0
6,7,942,23,3.0,8.0,91.0,0,1.0,7.0
6,1,562,94,3.0,6.0,244.0,0,1.0,37.0
6,1,1204,24,2.0,6.0,174.0,0,1.0,52.0
6,2,503,34,3.0,9.0,97.0,0,1.0,4.0
6,2,808,75,2.0,0.0,32.0,1,1.0,7.0
6,2,1271,29,2.0,6.0,178.0,1,1.0,20.0
6,3,585,64,3.0,5.0,236.0,0,1.0,17.0
6,3,859,63,4.0,0.0,129.0,0,1.0,35.0
6,3,1271,21,4.0,6.0,71.0,0,1.0,8.0
6,4,313,33,4.0,4.0,66.0,0,1.0,20.0
6,4,682,20,4.0,7.0,167.0,0,1.0,120.0
6,4,962,15,2.0,0.0,236.0,0,1.0,18.0
6,4,1218,31,3.0,5.0,177.0,0,1.0,14.0
6,5,538,94,3.0,4.0,133.0,0,1.0,39.0
6,5,960,61,2.0,6.0,335.0,0,1.0,74.0
6,5,1131,40,3.0,5.0,209.0,0,1.0,29.0
7,6,513,66,3.0,0.0,322.0,1,1.0,10.0
7,6,761,68,2.0,0.0,275.0,0,1.0,12.0
7,6,1299,41,3.0,8.0,126.0,0,1.0,60.0
7,7,640,55,3.0,0.0,62.0,0,1.0,12.0
7,1,469,88,3.0,3.0,141.0,0,1.0,1.0
7,1,1234,45,3.0,5.0,120.0,0,1.0,31.0
5,2,413,67,4.0,0.0,78.0,0,1.0,0.0
5,3,154,72,3.0,8.0,196.0,1,1.0,0.0
5,2,1305,58,2.0,5.0,187.0,0,1.0,17.0
5,2,1113,82,2.0,7.0,1273.0,0,1.0,0.0
5,2,598,33,3.0,9.0,665.0,1,1.0,0.0
5,6,1242,25,3.0,10.0,1297.0,1,1.0,0.0
5,6,545,68,3.0,10.0,845.0,0,1.0,0.0
5,7,705,63,3.0,7.0,449.0,0,1.0,0.0
5,5,732,16,2.0,0.0,472.0,1,1.0,0.0
5,1,280,34,3.0,3.0,266.0,0,1.0,0.0
5,5,398,52,3.0,10.0,663.0,1,1.0,0.0
5,7,1419,8,3.0,5.0,137.0,0,1.0,0.0
5,1,627,47,3.0,10.0,398.0,0,1.0,0.0
5,1,1122,75,4.0,2.0,176.0,0,1.0,0.0
5,7,666,69,2.0,0.0,809.0,1,1.0,0.0
5,2,304,27,4.0,10.0,128.0,0,1.0,1.0
5,2,715,42,4.0,9.0,172.0,0,1.0,0.0
5,2,1104,17,3.0,7.0,204.0,0,1.0,0.0
5,7,558,75,3.0,8.0,639.0,1,1.0,0.0
5,3,528,21,3.0,0.0,182.0,0,1.0,0.0
5,2,642,57,2.0,10.0,4896.0,1,1.0,0.0
5,3,755,31,3.0,9.0,805.0,0,1.0,0.0
6,5,190,25,3.0,10.0,237.0,0,1.0,0.0
5,2,1278,68,3.0,3.0,904.0,1,1.0,0.0
5,5,1184,24,3.0,7.0,387.0,1,1.0,0.0
5,5,60,12,4.0,10.0,279.0,1,1.0,0.0
5,6,690,21,3.0,10.0,371.0,0,1.0,0.0
5,3,1096,59,3.0,10.0,767.0,1,1.0,3.0
5,7,1170,34,4.0,10.0,134.0,0,1.0,0.0
5,7,1223,35,3.0,7.0,218.0,0,1.0,0.0
5,2,477,36,3.0,10.0,213.0,0,1.0,0.0
6,5,965,71,2.0,10.0,555.0,1,1.0,0.0
5,2,870,60,3.0,10.0,647.0,0,1.0,0.0
5,3,487,3,4.0,0.0,308.0,0,1.0,0.0
5,3,1096,61,2.0,0.0,339.0,0,1.0,0.0
5,7,1167,61,3.0,8.0,471.0,1,1.0,0.0
5,3,1291,16,3.0,5.0,332.0,0,1.0,0.0
5,4,1026,25,4.0,6.0,232.0,0,1.0,0.0
5,2,1071,15,3.0,8.0,414.0,1,1.0,0.0
5,4,1194,37,2.0,10.0,460.0,0,1.0,0.0
5,5,1095,37,4.0,0.0,52.0,0,1.0,0.0
5,6,671,23,4.0,0.0,219.0,0,1.0,0.0
5,1,1032,57,3.0,5.0,781.0,0,1.0,0.0
5,7,595,79,3.0,0.0,554.0,0,1.0,0.0
5,6,883,60,2.0,4.0,437.0,1,1.0,0.0
5,6,1279,39,2.0,0.0,596.0,1,1.0,0.0
5,1,109,39,2.0,10.0,293.0,0,1.0,0.0
5,5,369,25,3.0,9.0,247.0,0,1.0,0.0
5,1,1043,54,3.0,6.0,418.0,0,1.0,0.0
5,2,182,30,3.0,10.0,252.0,0,1.0,0.0
5,2,1277,61,3.0,10.0,36.0,0,1.0,0.0
5,2,1178,34,3.0,10.0,401.0,0,1.0,0.0
5,5,326,29,3.0,8.0,295.0,0,1.0,0.0
5,3,803,66,2.0,3.0,358.0,0,1.0,0.0
5,3,1111,18,4.0,8.0,215.0,0,1.0,0.0
5,2,964,27,3.0,5.0,570.0,1,1.0,0.0
6,4,629,52,3.0,0.0,217.0,0,1.0,0.0
5,7,190,54,2.0,10.0,747.0,1,1.0,0.0
5,4,741,30,3.0,0.0,333.0,0,1.0,0.0
6,5,447,21,4.0,6.0,78.0,0,1.0,0.0
6,5,733,50,4.0,0.0,455.0,0,1.0,0.0
6,5,1203,53,3.0,7.0,503.0,0,1.0,0.0
6,6,438,70,3.0,6.0,476.0,0,1.0,0.0
6,4,1407,63,3.0,0.0,743.0,1,1.0,743.0
6,7,387,42,3.0,8.0,350.0,0,1.0,0.0
6,7,1333,45,3.0,8.0,482.0,0,1.0,0.0
6,1,677,84,3.0,9.0,258.0,0,1.0,0.0
6,1,1038,17,4.0,5.0,93.0,0,1.0,0.0
5,4,1073,75,2.0,8.0,379.0,1,1.0,0.0
5,3,826,16,3.0,8.0,312.0,0,1.0,0.0
5,5,495,25,3.0,9.0,286.0,0,1.0,0.0
8,2,631,65,4.0,0.0,252.0,0,1.0,4.0
8,2,930,52,4.0,4.0,10.0,0,1.0,5.0
8,2,980,68,3.0,10.0,44.0,0,1.0,5.0
8,3,1439,78,5.0,1.0,80.0,0,1.0,10.0
8,4,780,61,4.0,1.0,56.0,0,1.0,4.0
8,4,830,50,2.0,10.0,100.0,0,1.0,5.0
8,5,1089,30,3.0,9.0,382.0,1,1.0,5.0
8,6,690,83,5.0,0.0,36.0,0,1.0,10.0
8,6,1260,12,5.0,1.0,50.0,0,1.0,8.0
8,6,1321,54,5.0,3.0,1499.0,0,1.0,9.0
8,7,225,18,5.0,1.0,19.0,0,1.0,10.0
8,7,719,81,4.0,8.0,63.0,0,1.0,1.0
8,7,1080,39,3.0,5.0,45.0,0,1.0,20.0
8,7,960,75,5.0,9.0,28.0,0,1.0,5.0
8,7,1245,64,5.0,0.0,60.0,0,1.0,51.0
8,7,1380,42,4.0,10.0,59.0,0,1.0,5.0
8,1,540,15,5.0,9.0,24.0,0,1.0,15.0
8,1,915,15,5.0,5.0,23.0,0,1.0,17.0
8,1,1087,30,5.0,4.0,38.0,0,1.0,30.0
8,1,1275,89,4.0,1.0,65.0,0,1.0,26.0
8,2,580,31,5.0,7.0,45.0,0,1.0,15.0
8,2,1146,48,3.0,6.0,37.0,0,1.0,14.0
8,2,1260,9,5.0,4.0,17.0,0,1.0,3.0
8,3,841,45,5.0,0.0,29.0,0,1.0,21.0
8,4,415,86,3.0,0.0,39.0,0,1.0,5.0
8,4,775,63,4.0,0.0,37.0,0,1.0,5.0
8,4,993,30,5.0,10.0,31.0,0,1.0,19.0
8,4,1335,54,5.0,10.0,53.0,0,1.0,31.0
8,5,795,25,5.0,10.0,30.0,0,1.0,11.0
8,5,1278,69,5.0,5.0,21.0,0,1.0,11.0
8,6,721,68,4.0,2.0,24.0,0,1.0,7.0
8,6,964,89,3.0,5.0,25.0,0,1.0,6.0
8,6,1151,29,4.0,8.0,24.0,0,1.0,14.0
8,7,1030,0,5.0,0.0,40.0,0,1.0,28.0
8,1,535,75,5.0,6.0,23.0,0,1.0,8.0
8,1,721,67,3.0,0.0,29.0,0,1.0,11.0
8,1,755,48,5.0,5.0,35.0,0,1.0,24.0
8,1,1200,67,2.0,10.0,104.0,0,1.0,44.0
8,2,488,43,5.0,4.0,64.0,0,1.0,2.0
8,2,580,42,5.0,0.0,79.0,0,1.0,30.0
8,2,680,74,4.0,0.0,110.0,0,1.0,8.0
8,2,792,52,4.0,4.0,299.0,0,1.0,23.0
8,2,1187,88,4.0,2.0,268.0,0,1.0,7.0
8,3,451,81,4.0,0.0,184.0,0,1.0,181.0
8,3,653,18,5.0,1.0,27.0,0,1.0,8.0
8,3,1244,14,4.0,5.0,26.0,0,1.0,2.0
8,4,663,39,4.0,0.0,33.0,0,1.0,14.0
8,5,259,57,4.0,7.0,236.0,0,1.0,13.0
8,5,623,78,3.0,0.0,97.0,0,1.0,12.0
8,5,985,81,3.0,6.0,175.0,0,1.0,6.0
8,6,320,31,4.0,5.0,35.0,0,1.0,8.0
8,6,678,5,4.0,0.0,29.0,0,1.0,14.0
8,1,833,45,3.0,0.0,16.0,0,1.0,11.0
8,1,933,50,4.0,0.0,302.0,0,1.0,17.0
8,2,653,25,3.0,0.0,96.0,0,1.0,33.0
8,2,755,30,3.0,1.0,250.0,0,1.0,25.0
8,2,1077,12,4.0,0.0,46.0,0,1.0,35.0
8,3,640,28,4.0,8.0,110.0,0,1.0,15.0
8,3,798,26,4.0,0.0,87.0,0,1.0,34.0
8,3,1207,9,3.0,10.0,25.0,0,1.0,21.0
8,4,708,33,4.0,8.0,67.0,0,1.0,31.0
8,4,1071,34,4.0,0.0,189.0,0,1.0,39.0
8,4,1164,9,4.0,0.0,102.0,0,1.0,33.0
8,5,507,26,4.0,0.0,1398.0,1,1.0,44.0
8,5,659,35,4.0,5.0,73.0,0,1.0,27.0
8,5,1336,39,5.0,5.0,74.0,0,1.0,2.0
8,6,701,68,4.0,0.0,249.0,0,1.0,18.0
8,6,814,68,3.0,2.0,286.0,0,1.0,7.0
8,6,902,52,3.0,0.0,418.0,0,1.0,12.0
6,6,620,87,3.0,9.0,492.0,0,1.0,9.0
6,7,1424,12,3.0,0.0,326.0,1,1.0,0.0
9,2,191,68,2.0,0.0,884.0,1,1.0,5.0
9,2,771,42,3.0,2.0,747.0,0,1.0,641.0
9,3,683,50,3.0,6.0,456.0,0,1.0,3.0
9,3,810,63,3.0,3.0,1774.0,1,1.0,19.0
9,3,1054,39,3.0,5.0,152.0,0,1.0,26.0
9,3,1356,25,4.0,8.0,337.0,0,1.0,9.0
9,4,593,19,3.0,10.0,242.0,0,1.0,0.0
9,4,994,40,2.0,5.0,386.0,0,1.0,13.0
9,4,1250,79,3.0,0.0,1053.0,0,1.0,0.0
9,5,542,60,3.0,2.0,674.0,1,1.0,24.0
9,5,765,59,4.0,10.0,258.0,0,1.0,8.0
9,6,545,39,3.0,10.0,839.0,1,1.0,7.0
9,6,964,89,3.0,6.0,1351.0,1,1.0,0.0
9,6,1237,93,3.0,2.0,815.0,1,1.0,17.0
10,7,201,30,2.0,8.0,2517.0,0,1.0,0.0
10,7,636,36,3.0,8.0,188.0,0,1.0,25.0
10,7,917,77,2.0,0.0,360.0,1,1.0,3.0
10,7,1338,72,2.0,6.0,395.0,1,1.0,17.0
10,1,615,70,3.0,4.0,239.0,0,1.0,0.0
10,1,873,56,3.0,4.0,359.0,0,1.0,0.0
10,1,1211,56,3.0,10.0,577.0,0,1.0,2.0
10,2,482,21,4.0,6.0,178.0,0,1.0,8.0
10,1,378,27,3.0,10.0,346.0,0,1.0,6.0
10,2,867,49,2.0,4.0,316.0,1,1.0,0.0
10,2,1052,28,4.0,8.0,168.0,0,1.0,39.0
10,3,603,44,3.0,7.0,936.0,1,1.0,55.0
10,3,736,19,4.0,0.0,147.0,0,1.0,2.0
10,3,922,28,3.0,10.0,493.0,0,1.0,2.0
10,3,1123,68,3.0,2.0,541.0,1,1.0,29.0
10,4,572,50,3.0,8.0,426.0,0,1.0,6.0
10,4,752,60,3.0,8.0,237.0,0,1.0,0.0
10,4,977,66,3.0,8.0,474.0,1,1.0,8.0
10,4,1279,25,4.0,5.0,140.0,0,1.0,7.0
10,5,780,47,3.0,8.0,201.0,0,1.0,0.0
10,5,990,70,3.0,7.0,1312.0,0,1.0,0.0
10,5,1235,75,2.0,10.0,454.0,1,1.0,23.0
10,6,371,25,3.0,0.0,234.0,0,1.0,0.0
10,6,635,40,4.0,10.0,1407.0,0,1.0,1.0
10,6,1133,54,3.0,9.0,255.0,0,1.0,0.0
10,7,179,26,3.0,0.0,355.0,0,1.0,0.0
10,7,731,72,3.0,0.0,256.0,0,1.0,2.0
10,7,1026,43,3.0,7.0,258.0,0,1.0,3.0
10,1,843,31,3.0,5.0,302.0,0,1.0,8.0
10,2,577,39,3.0,0.0,267.0,0,1.0,0.0
10,2,771,73,3.0,6.0,659.0,1,1.0,0.0
10,2,959,62,3.0,8.0,920.0,1,1.0,15.0
10,2,1183,24,3.0,0.0,1452.0,1,1.0,15.0
10,3,652,30,4.0,10.0,70.0,0,1.0,30.0
10,3,1047,43,3.0,6.0,366.0,0,1.0,23.0
10,3,1324,33,2.0,6.0,361.0,0,1.0,1.0
10,4,782,22,3.0,7.0,223.0,0,1.0,4.0
10,4,1018,64,3.0,0.0,1337.0,0,1.0,4.0
10,4,1305,70,2.0,0.0,525.0,1,1.0,0.0
10,5,541,48,3.0,5.0,603.0,1,1.0,0.0
10,5,890,75,3.0,0.0,497.0,0,1.0,25.0
10,5,1182,29,3.0,10.0,123.0,0,1.0,10.0
10,6,395,53,3.0,10.0,490.0,0,1.0,0.0
10,6,673,52,3.0,9.0,242.0,0,1.0,47.0
10,6,849,68,3.0,6.0,258.0,0,1.0,38.0
10,6,1401,91,3.0,7.0,271.0,0,1.0,0.0
10,7,1322,26,3.0,7.0,133.0,0,1.0,19.0
10,1,605,27,3.0,8.0,236.0,0,1.0,0.0
10,1,831,36,3.0,0.0,307.0,0,1.0,2.0
10,1,1103,24,3.0,8.0,300.0,1,1.0,47.0
10,2,586,51,3.0,0.0,909.0,1,1.0,18.0
10,3,893,22,4.0,7.0,198.0,0,1.0,3.0
10,3,1108,72,3.0,0.0,888.0,1,1.0,0.0
10,4,68,83,2.0,0.0,371.0,1,1.0,4.0
10,4,648,74,2.0,0.0,828.0,1,1.0,9.0
10,4,856,92,2.0,0.0,669.0,1,1.0,0.0
10,4,1059,62,3.0,0.0,1356.0,0,1.0,0.0
10,5,531,34,3.0,4.0,126.0,0,1.0,17.0
10,5,927,66,2.0,4.0,378.0,1,1.0,13.0
10,5,1166,77,3.0,0.0,717.0,1,1.0,9.0
10,6,390,60,3.0,10.0,966.0,1,1.0,1.0
10,6,761,76,3.0,0.0,393.0,0,1.0,0.0
10,6,921,57,3.0,10.0,538.0,0,1.0,0.0
10,6,1183,75,3.0,6.0,137.0,0,1.0,20.0
10,7,426,12,3.0,0.0,388.0,0,1.0,8.0
10,7,1033,16,3.0,4.0,198.0,0,1.0,2.0
10,7,1374,36,3.0,6.0,1213.0,1,1.0,0.0
10,1,839,24,3.0,7.0,686.0,1,1.0,30.0
7,3,722,24,4.0,10.0,230.0,0,1.0,103.0
7,5,243,83,2.0,3.0,77.0,1,1.0,0.0
7,1,770,34,4.0,8.0,105.0,0,1.0,21.0
7,2,422,13,2.0,9.0,151.0,0,1.0,8.0
7,2,1168,44,2.0,9.0,332.0,0,1.0,157.0
7,3,572,62,2.0,3.0,326.0,0,1.0,131.0
7,3,1357,37,2.0,1.0,828.0,1,1.0,0.0
7,5,1268,18,2.0,5.0,98.0,1,1.0,30.0
7,6,641,18,4.0,8.0,117.0,0,1.0,45.0
7,6,1407,48,2.0,10.0,32.0,1,1.0,0.0
7,7,710,32,3.0,7.0,343.0,0,1.0,218.0
7,6,659,64,2.0,8.0,382.0,0,1.0,112.0
7,6,643,75,3.0,2.0,79.0,1,1.0,18.0
7,2,813,84,3.0,3.0,307.0,0,1.0,282.0
7,1,951,60,2.0,7.0,440.0,1,1.0,164.0
7,4,980,49,3.0,10.0,540.0,1,1.0,353.0
7,3,473,55,2.0,7.0,208.0,1,1.0,0.0
7,3,615,58,2.0,7.0,305.0,0,1.0,95.0
7,5,1226,74,3.0,7.0,877.0,0,1.0,110.0
7,3,879,90,2.0,7.0,511.0,1,1.0,374.0
7,2,262,58,4.0,4.0,825.0,0,1.0,85.0
7,6,1084,76,3.0,8.0,198.0,1,1.0,78.0
7,5,258,42,3.0,10.0,435.0,1,1.0,247.0
7,4,747,66,4.0,8.0,267.0,0,1.0,253.0
7,2,15,55,4.0,1.0,75.0,0,1.0,3.0
7,3,667,26,0.0,2.0,128.0,0,1.0,5.0
7,3,816,64,0.0,0.0,335.0,0,1.0,3.0
7,4,93,55,0.0,8.0,247.0,0,1.0,0.0
7,4,688,67,0.0,7.0,150.0,0,1.0,5.0
7,4,1115,18,0.0,0.0,227.0,0,1.0,5.0
7,5,520,69,4.0,4.0,55.0,0,1.0,8.0
7,5,1104,12,4.0,0.0,69.0,0,1.0,1.0
7,6,438,18,3.0,0.0,102.0,0,1.0,6.0
7,6,776,57,2.0,0.0,175.0,0,1.0,10.0
7,6,1018,83,3.0,0.0,156.0,0,1.0,10.0
7,6,1331,43,4.0,6.0,93.0,0,1.0,6.0
7,7,1261,52,3.0,4.0,146.0,0,1.0,3.0
7,1,283,74,2.0,4.0,102.0,1,1.0,4.0
7,1,717,26,4.0,7.0,65.0,0,1.0,1.0
7,1,1070,19,4.0,0.0,26.0,0,1.0,2.0
7,2,2,13,2.0,0.0,231.0,0,1.0,2.0
7,2,629,71,2.0,0.0,329.0,0,1.0,3.0
7,2,847,58,4.0,0.0,71.0,0,1.0,2.0
7,2,1030,37,3.0,7.0,80.0,0,1.0,5.0
7,2,1282,25,3.0,8.0,124.0,0,1.0,8.0
7,3,525,47,2.0,0.0,339.0,0,1.0,22.0
7,4,555,55,4.0,5.0,50.0,0,1.0,9.0
7,4,1275,23,3.0,8.0,211.0,0,1.0,9.0
7,5,607,69,3.0,5.0,129.0,0,1.0,2.0
7,5,1005,69,4.0,5.0,100.0,0,1.0,6.0
7,6,368,25,3.0,0.0,557.0,0,1.0,2.0
7,6,1384,30,3.0,10.0,161.0,0,1.0,27.0
7,7,791,37,4.0,7.0,69.0,0,1.0,6.0
7,7,1033,69,3.0,10.0,361.0,0,1.0,8.0
7,7,1269,13,4.0,1.0,150.0,0,1.0,10.0
7,1,356,88,3.0,9.0,261.0,1,1.0,133.0
7,1,1068,53,4.0,10.0,98.0,0,1.0,4.0
7,1,1372,36,2.0,0.0,260.0,0,1.0,4.0
7,2,506,43,4.0,8.0,60.0,0,1.0,3.0
7,2,671,2,4.0,0.0,148.0,0,1.0,20.0
7,2,849,67,2.0,0.0,277.0,0,1.0,62.0
7,2,952,80,3.0,7.0,169.0,1,1.0,3.0
7,2,1166,70,4.0,5.0,262.0,0,1.0,24.0
7,3,575,6,3.0,0.0,71.0,0,1.0,2.0
7,3,922,48,4.0,0.0,55.0,0,1.0,2.0
7,4,331,29,4.0,10.0,24.0,0,1.0,1.0
7,4,720,64,1.0,1.0,272.0,1,1.0,5.0
7,4,1030,24,2.0,7.0,130.0,0,1.0,4.0
7,4,1323,33,3.0,9.0,37.0,0,1.0,2.0
7,5,494,86,3.0,1.0,126.0,0,1.0,11.0
7,5,1036,52,3.0,4.0,338.0,0,1.0,10.0
7,5,1321,60,3.0,0.0,195.0,0,1.0,4.0
7,6,584,67,3.0,0.0,270.0,0,1.0,8.0
7,6,728,17,4.0,4.0,77.0,0,1.0,14.0
7,6,1026,58,3.0,3.0,348.0,0,1.0,46.0
7,7,0,9,4.0,0.0,20.0,0,1.0,4.0
7,7,925,19,3.0,4.0,217.0,0,1.0,3.0
7,7,1039,62,2.0,8.0,130.0,0,1.0,6.0
7,1,353,27,3.0,10.0,93.0,0,1.0,3.0
7,1,1189,90,2.0,0.0,220.0,0,1.0,0.0
7,2,580,78,3.0,2.0,82.0,0,1.0,4.0
7,2,712,28,2.0,6.0,151.0,0,1.0,2.0
7,2,1141,84,3.0,0.0,224.0,0,1.0,18.0
7,2,1120,39,2.0,0.0,228.0,0,1.0,0.0
7,3,600,55,4.0,4.0,310.0,0,1.0,80.0
7,3,861,50,4.0,7.0,86.0,0,1.0,13.0
7,3,1024,64,1.0,10.0,351.0,1,1.0,4.0
7,3,979,27,4.0,4.0,110.0,0,1.0,3.0
7,3,1053,70,2.0,7.0,59.0,0,1.0,6.0
7,4,121,72,3.0,8.0,115.0,0,1.0,3.0
7,4,624,28,4.0,0.0,124.0,0,1.0,7.0
7,4,750,88,3.0,0.0,381.0,0,1.0,4.0
7,4,876,82,2.0,1.0,185.0,0,1.0,4.0
7,4,933,7,4.0,0.0,128.0,0,1.0,14.0
7,4,1093,23,3.0,0.0,145.0,0,1.0,34.0
7,4,1150,60,3.0,5.0,102.0,0,1.0,11.0
7,5,9,10,4.0,0.0,43.0,0,1.0,3.0
7,5,746,19,4.0,4.0,84.0,0,1.0,12.0
7,5,875,17,3.0,3.0,219.0,0,1.0,3.0
7,5,1106,44,4.0,2.0,49.0,0,1.0,4.0
7,6,454,68,2.0,4.0,261.0,1,1.0,6.0
7,6,664,36,4.0,7.0,106.0,0,1.0,9.0
7,6,1015,20,4.0,0.0,120.0,0,1.0,3.0
7,6,1205,42,3.0,0.0,183.0,0,1.0,6.0
7,7,372,36,4.0,8.0,59.0,0,1.0,1.0
7,7,783,80,3.0,0.0,24.0,0,1.0,6.0
7,7,1072,60,4.0,0.0,132.0,0,1.0,12.0
7,7,1200,60,2.0,0.0,191.0,1,1.0,6.0
7,1,460,48,3.0,0.0,78.0,0,1.0,3.0
7,1,684,68,4.0,3.0,91.0,0,1.0,4.0
7,1,765,6,5.0,8.0,30.0,0,1.0,3.0
7,1,1001,22,2.0,2.0,241.0,0,1.0,5.0
7,1,1154,34,2.0,4.0,149.0,0,1.0,9.0
7,1,1075,19,3.0,7.0,83.0,0,1.0,3.0
4,2,345,21,3.0,8.0,270.0,0,1.0,20.0
4,2,669,83,2.0,0.0,91.0,0,1.0,17.0
4,2,941,40,3.0,3.0,223.0,0,1.0,8.0
4,3,800,22,4.0,7.0,70.0,0,1.0,6.0
4,3,1080,56,4.0,10.0,102.0,0,1.0,19.0
4,4,503,34,3.0,5.0,252.0,1,1.0,14.0
4,4,728,41,3.0,0.0,60.0,0,1.0,32.0
4,4,985,58,4.0,2.0,88.0,0,1.0,21.0
4,4,1379,77,3.0,5.0,252.0,0,1.0,8.0
4,5,722,70,4.0,10.0,209.0,0,1.0,17.0
4,5,968,18,4.0,6.0,107.0,0,1.0,97.0
4,5,1326,36,2.0,10.0,229.0,0,1.0,17.0
4,6,933,76,3.0,0.0,211.0,0,1.0,9.0
4,6,1245,25,2.0,8.0,1573.0,0,1.0,13.0
4,7,467,8,3.0,4.0,89.0,0,1.0,10.0
4,7,824,68,3.0,7.0,248.0,1,1.0,26.0
4,7,1070,89,3.0,0.0,206.0,1,1.0,11.0
4,1,829,30,4.0,6.0,107.0,0,1.0,31.0
4,1,1120,16,4.0,10.0,98.0,0,1.0,5.0
4,2,161,36,4.0,8.0,44.0,0,1.0,11.0
4,2,719,52,3.0,10.0,135.0,0,1.0,16.0
4,2,1006,56,3.0,3.0,274.0,0,1.0,14.0
4,2,1300,54,3.0,0.0,140.0,0,1.0,19.0
4,3,512,66,3.0,0.0,293.0,1,1.0,10.0
4,3,1071,79,3.0,0.0,270.0,1,1.0,17.0
4,4,565,75,4.0,1.0,123.0,0,1.0,37.0
4,4,886,20,3.0,9.0,207.0,0,1.0,7.0
4,4,1164,9,3.0,0.0,115.0,0,1.0,4.0
4,5,33,19,3.0,0.0,99.0,0,1.0,23.0
4,5,690,39,2.0,0.0,122.0,0,1.0,12.0
4,5,981,56,3.0,8.0,209.0,0,1.0,14.0
4,5,1280,71,3.0,8.0,129.0,0,1.0,7.0
4,6,503,30,3.0,7.0,96.0,0,1.0,27.0
4,7,834,70,4.0,5.0,243.0,0,1.0,98.0
4,7,1200,54,2.0,0.0,331.0,1,1.0,6.0
4,1,155,35,2.0,4.0,286.0,0,1.0,1.0
4,1,794,32,3.0,10.0,301.0,0,1.0,17.0
4,1,1104,56,2.0,10.0,158.0,1,1.0,31.0
4,2,556,46,3.0,7.0,275.0,0,1.0,71.0
4,2,761,55,4.0,9.0,119.0,0,1.0,58.0
4,2,981,2,5.0,0.0,83.0,0,1.0,25.0
4,2,1238,32,3.0,7.0,68.0,0,1.0,4.0
4,3,775,67,2.0,8.0,230.0,1,1.0,12.0
4,4,597,28,3.0,8.0,211.0,0,1.0,14.0
4,4,1256,16,4.0,4.0,68.0,0,1.0,4.0
4,5,430,5,3.0,6.0,139.0,0,1.0,13.0
4,5,1193,3,3.0,0.0,101.0,0,1.0,24.0
4,6,447,68,2.0,0.0,83.0,1,1.0,12.0
4,6,772,34,3.0,0.0,142.0,0,1.0,8.0
4,6,1095,9,4.0,0.0,142.0,0,1.0,18.0
4,6,1334,25,4.0,0.0,96.0,0,1.0,60.0
4,7,586,57,3.0,0.0,226.0,1,1.0,6.0
4,7,870,39,3.0,0.0,245.0,0,1.0,23.0
4,7,1210,21,4.0,5.0,115.0,0,1.0,5.0
5,1,515,58,3.0,10.0,133.0,0,1.0,10.0
5,1,843,48,3.0,9.0,99.0,0,1.0,18.0
5,1,1204,4,3.0,0.0,105.0,0,1.0,10.0
5,2,666,69,2.0,6.0,219.0,0,1.0,10.0
5,2,856,22,3.0,7.0,348.0,0,1.0,45.0
5,2,1115,24,4.0,0.0,80.0,0,1.0,13.0
5,3,408,28,3.0,10.0,195.0,0,1.0,13.0
5,3,950,36,3.0,0.0,232.0,0,1.0,72.0
5,3,1238,83,3.0,0.0,73.0,0,1.0,7.0
5,4,401,69,2.0,0.0,324.0,1,1.0,5.0
5,4,776,84,3.0,0.0,337.0,0,1.0,90.0
5,5,483,31,3.0,8.0,117.0,0,1.0,9.0
5,5,858,52,2.0,0.0,162.0,1,1.0,6.0
5,5,1055,28,3.0,5.0,281.0,0,1.0,98.0
5,6,90,29,3.0,2.0,252.0,1,1.0,5.0
5,6,565,66,2.0,8.0,113.0,0,1.0,44.0
5,6,929,41,2.0,5.0,215.0,0,1.0,9.0
5,7,569,21,3.0,10.0,214.0,0,1.0,12.0
5,7,845,28,2.0,0.0,289.0,0,1.0,4.0
5,7,1153,85,2.0,3.0,263.0,1,1.0,7.0
5,7,1424,22,2.0,10.0,225.0,1,1.0,8.0
5,1,592,53,3.0,0.0,113.0,0,1.0,7.0
5,1,906,51,2.0,10.0,129.0,0,1.0,22.0
5,1,1156,4,3.0,5.0,363.0,1,1.0,15.0
9,3,498,28,5.0,2.0,136.0,0,1.0,44.0
9,5,282,3,2.0,2.0,1163.0,1,1.0,21.0
9,6,891,17,3.0,8.0,421.0,0,1.0,7.0
10,5,1111,2,3.0,2.0,115.0,0,1.0,110.0
10,5,1279,10,2.0,7.0,323.0,1,1.0,108.0
10,1,965,14,3.0,7.0,222.0,0,1.0,220.0
10,1,1064,7,3.0,2.0,255.0,0,1.0,103.0
10,2,1182,13,4.0,5.0,712.0,1,1.0,136.0
10,6,527,2,5.0,2.0,199.0,0,1.0,56.0
4,3,1154,33,2.0,8.0,92.0,0,1.0,16.0
4,7,536,27,3.0,7.0,109.0,0,1.0,10.0
4,2,1287,68,2.0,4.0,125.0,0,1.0,21.0
4,4,823,75,3.0,7.0,225.0,0,1.0,36.0
4,5,473,57,4.0,7.0,115.0,0,1.0,7.0
4,5,984,80,3.0,4.0,109.0,0,1.0,11.0
4,5,1243,73,3.0,0.0,313.0,0,1.0,72.0
4,5,1198,70,3.0,2.0,162.0,0,1.0,25.0
4,6,658,77,3.0,0.0,256.0,1,1.0,9.0
4,6,769,30,3.0,9.0,90.0,0,1.0,30.0
4,6,902,82,3.0,0.0,251.0,0,1.0,63.0
4,7,280,39,4.0,10.0,69.0,0,1.0,24.0
4,1,1135,24,3.0,7.0,85.0,0,1.0,10.0
4,1,1079,61,4.0,5.0,109.0,0,1.0,21.0
4,2,1008,34,3.0,2.0,178.0,0,1.0,15.0
4,2,1361,94,3.0,0.0,120.0,0,1.0,21.0
4,2,1116,75,4.0,10.0,71.0,0,1.0,13.0
4,4,546,37,4.0,5.0,132.0,0,1.0,27.0
4,5,826,55,4.0,10.0,123.0,0,1.0,11.0
4,5,1131,18,2.0,0.0,155.0,1,1.0,24.0
4,6,190,2,4.0,0.0,62.0,0,1.0,13.0
4,6,825,85,1.0,0.0,125.0,1,1.0,10.0
4,6,719,77,2.0,4.0,149.0,0,1.0,22.0
4,7,443,42,3.0,4.0,144.0,0,1.0,17.0
4,7,869,25,3.0,6.0,236.0,0,1.0,26.0
4,7,1160,18,4.0,10.0,91.0,0,1.0,4.0
4,1,834,64,3.0,7.0,222.0,0,1.0,7.0
4,1,1438,22,4.0,5.0,49.0,0,1.0,6.0
4,2,747,46,4.0,0.0,57.0,0,1.0,3.0
4,2,1374,45,3.0,7.0,383.0,0,1.0,5.0
4,4,498,84,2.0,0.0,238.0,0,1.0,7.0
4,4,813,42,3.0,6.0,157.0,0,1.0,7.0
4,4,1010,0,4.0,4.0,36.0,0,1.0,10.0
4,5,727,69,2.0,1.0,163.0,0,1.0,3.0
4,5,1053,65,4.0,3.0,164.0,0,1.0,7.0
4,5,408,66,4.0,3.0,72.0,0,1.0,12.0
4,6,816,50,3.0,7.0,80.0,0,1.0,4.0
4,6,1244,35,4.0,8.0,92.0,0,1.0,6.0
4,7,192,22,4.0,9.0,44.0,0,1.0,6.0
4,7,872,26,2.0,8.0,102.0,0,1.0,7.0
4,7,1260,18,4.0,0.0,80.0,0,1.0,5.0
4,7,1280,9,4.0,4.0,69.0,0,1.0,5.0
5,1,579,25,4.0,5.0,78.0,0,1.0,5.0
5,2,1073,51,3.0,10.0,198.0,0,1.0,7.0
8,2,252,77,4.0,8.0,213.0,0,2.0,110.0
8,3,829,55,5.0,9.0,232.0,1,2.0,87.0
9,5,1207,62,2.0,6.0,138.0,0,2.0,52.0
9,6,431,94,0.0,5.0,239.0,0,2.0,166.0
9,1,1331,76,0.0,6.0,105.0,0,2.0,42.0
9,4,191,49,4.0,8.0,61.0,0,2.0,43.0
2,2,73,47,4.0,5.0,169.0,0,1.0,6.0
2,6,533,60,2.0,4.0,459.0,0,1.0,27.0
2,5,1129,3,4.0,5.0,89.0,0,1.0,10.0
2,2,839,68,3.0,4.0,490.0,0,1.0,14.0
2,4,455,10,3.0,2.0,407.0,0,1.0,7.0
2,5,754,67,1.0,0.0,197.0,0,1.0,4.0
2,7,658,48,4.0,7.0,146.0,0,1.0,12.0
2,6,800,36,4.0,8.0,136.0,0,1.0,7.0
2,1,642,40,2.0,8.0,620.0,0,1.0,31.0
2,7,1206,81,2.0,8.0,369.0,0,1.0,16.0
2,1,362,33,3.0,10.0,305.0,0,1.0,7.0
2,1,693,56,4.0,6.0,152.0,0,1.0,32.0
2,2,492,22,3.0,9.0,178.0,0,1.0,3.0
2,2,398,52,2.0,10.0,599.0,0,1.0,9.0
3,3,441,44,3.0,7.0,61.0,0,1.0,16.0
3,3,649,39,2.0,7.0,275.0,0,1.0,14.0
3,4,551,39,4.0,8.0,164.0,0,1.0,36.0
3,4,813,86,2.0,9.0,184.0,0,1.0,31.0
3,4,1080,2,4.0,2.0,99.0,0,1.0,25.0
3,4,1327,2,3.0,3.0,72.0,0,1.0,20.0
3,5,854,83,3.0,8.0,239.0,0,1.0,41.0
3,5,1184,3,4.0,3.0,59.0,0,1.0,14.0
3,6,549,65,2.0,9.0,260.0,0,1.0,14.0
3,6,985,2,4.0,0.0,71.0,0,1.0,7.0
3,6,1090,24,4.0,10.0,228.0,0,1.0,24.0
3,6,1375,28,3.0,10.0,144.0,0,1.0,98.0
3,7,410,72,3.0,5.0,185.0,0,1.0,13.0
3,1,1112,23,3.0,0.0,110.0,0,1.0,47.0
3,1,1115,38,3.0,2.0,108.0,0,1.0,45.0
3,7,1358,25,4.0,10.0,90.0,0,1.0,28.0
3,1,1204,43,4.0,9.0,168.0,0,1.0,30.0
3,2,979,60,4.0,8.0,135.0,0,1.0,111.0
3,2,766,76,3.0,10.0,390.0,0,1.0,66.0
3,2,760,47,3.0,10.0,330.0,0,1.0,130.0
3,3,907,87,3.0,0.0,421.0,0,1.0,80.0
3,3,438,65,3.0,5.0,727.0,0,1.0,3.0
3,4,765,25,4.0,7.0,107.0,0,1.0,48.0
3,4,514,48,3.0,6.0,180.0,0,1.0,61.0
3,4,525,15,4.0,8.0,127.0,0,1.0,12.0
3,4,1011,10,3.0,6.0,301.0,0,1.0,71.0
3,5,747,29,2.0,8.0,158.0,0,1.0,14.0
3,5,684,63,3.0,8.0,117.0,0,1.0,60.0
3,5,660,37,2.0,10.0,506.0,0,1.0,18.0
3,6,827,22,3.0,0.0,373.0,0,1.0,59.0
3,6,432,2,3.0,10.0,432.0,0,1.0,12.0
3,6,1119,0,3.0,0.0,162.0,0,1.0,1.0
2,2,514,45,3.0,7.0,485.0,0,1.0,14.0
2,2,869,55,1.0,0.0,344.0,0,1.0,12.0
2,2,1027,53,3.0,8.0,382.0,0,1.0,39.0
2,3,683,10,4.0,1.0,129.0,0,1.0,7.0
2,3,904,40,4.0,10.0,157.0,0,1.0,60.0
2,3,1055,26,3.0,8.0,214.0,0,1.0,59.0
2,4,614,3,3.0,2.0,104.0,0,1.0,14.0
2,4,883,65,3.0,10.0,107.0,0,1.0,45.0
2,4,1226,29,3.0,9.0,202.0,0,1.0,96.0
2,5,246,25,3.0,9.0,92.0,0,1.0,13.0
2,5,619,63,3.0,9.0,258.0,0,1.0,67.0
2,6,109,20,2.0,9.0,243.0,0,1.0,7.0
2,6,917,93,2.0,0.0,212.0,0,1.0,51.0
2,4,295,14,0.0,10.0,153.0,0,2.0,78.0
2,5,229,12,0.0,3.0,88.0,0,2.0,33.0
2,7,1182,6,0.0,6.0,100.0,0,2.0,71.0
2,1,1237,18,0.0,5.0,183.0,0,2.0,34.0
2,2,1297,12,0.0,7.0,136.0,0,2.0,41.0
2,3,283,6,0.0,10.0,111.0,0,2.0,27.0
2,4,1320,8,0.0,7.0,106.0,0,2.0,42.0
2,5,1199,13,0.0,8.0,184.0,0,2.0,74.0
2,6,1090,23,0.0,10.0,151.0,0,2.0,44.0
2,6,111,17,0.0,8.0,148.0,0,2.0,42.0
8,5,1139,73,2.0,8.0,421.0,0,1.0,2.0
8,2,440,60,3.0,0.0,225.0,0,1.0,23.0
8,1,726,74,3.0,8.0,418.0,0,1.0,18.0
8,5,667,77,4.0,0.0,163.0,0,1.0,5.0
8,5,586,64,4.0,4.0,441.0,0,1.0,215.0
8,6,324,35,2.0,0.0,4685.0,0,1.0,38.0
8,1,914,59,2.0,0.0,315.0,0,1.0,1.0
8,1,1272,84,2.0,0.0,219.0,0,1.0,16.0
8,3,648,93,2.0,0.0,317.0,0,1.0,30.0
8,5,1147,51,4.0,7.0,1084.0,0,1.0,138.0
8,2,544,94,3.0,3.0,426.0,0,1.0,26.0
8,7,562,84,4.0,0.0,160.0,0,1.0,11.0
8,5,446,80,3.0,0.0,508.0,0,1.0,12.0
8,2,748,64,2.0,0.0,400.0,0,1.0,3.0
8,6,1363,63,3.0,0.0,389.0,0,1.0,1.0
8,3,1359,40,2.0,2.0,516.0,0,1.0,6.0
8,5,330,62,3.0,0.0,408.0,0,1.0,35.0
8,1,516,63,2.0,10.0,183.0,1,1.0,11.0
8,3,256,64,4.0,8.0,179.0,0,1.0,13.0
8,1,489,81,3.0,8.0,189.0,0,1.0,29.0
8,3,278,70,3.0,10.0,656.0,0,1.0,20.0
8,2,767,83,2.0,0.0,695.0,0,1.0,5.0
8,5,1060,83,3.0,0.0,467.0,0,1.0,68.0
8,3,982,78,4.0,0.0,148.0,0,1.0,2.0
8,6,1359,65,3.0,10.0,276.0,0,1.0,27.0
8,7,1384,62,3.0,5.0,302.0,0,1.0,79.0
8,2,772,76,3.0,7.0,344.0,0,1.0,0.0
8,3,106,48,3.0,10.0,454.0,0,1.0,7.0
8,5,653,75,2.0,0.0,552.0,0,1.0,4.0
8,5,726,56,2.0,10.0,621.0,0,1.0,17.0
8,1,1044,57,2.0,10.0,548.0,0,1.0,7.0
8,4,709,78,3.0,8.0,446.0,0,1.0,4.0
8,7,1024,58,2.0,7.0,310.0,0,1.0,1.0
8,3,608,79,2.0,0.0,433.0,0,1.0,1.0
8,3,446,49,2.0,8.0,351.0,0,1.0,2.0
8,5,111,65,3.0,0.0,279.0,0,1.0,18.0
8,1,1245,69,3.0,0.0,315.0,0,1.0,5.0
8,6,1350,73,3.0,0.0,317.0,0,1.0,1.0
8,7,638,70,2.0,5.0,250.0,0,1.0,20.0
8,4,545,61,3.0,7.0,82.0,0,1.0,26.0
8,2,1070,64,3.0,10.0,465.0,0,1.0,3.0
8,6,758,72,3.0,0.0,512.0,0,1.0,44.0
8,7,1355,70,3.0,0.0,341.0,0,1.0,8.0
8,3,1288,64,3.0,0.0,317.0,0,1.0,3.0
8,4,1399,73,3.0,0.0,558.0,0,1.0,71.0
8,4,782,76,3.0,10.0,656.0,0,1.0,12.0
8,3,220,72,2.0,4.0,330.0,0,1.0,6.0
8,6,50,74,3.0,10.0,751.0,0,1.0,4.0
8,1,559,56,5.0,0.0,135.0,0,1.0,13.0
8,6,1369,77,3.0,4.0,336.0,0,1.0,264.0
8,2,1438,62,2.0,10.0,726.0,0,1.0,12.0
8,4,1423,56,2.0,8.0,692.0,0,1.0,11.0
4,1,956,23,3.0,6.0,329.0,0,1.0,50.0
4,2,674,22,4.0,7.0,200.0,0,1.0,15.0
4,2,1331,56,1.0,0.0,912.0,0,1.0,55.0
4,4,117,65,3.0,10.0,215.0,0,1.0,38.0
4,4,1097,25,3.0,10.0,212.0,0,1.0,17.0
4,7,438,39,3.0,2.0,442.0,0,1.0,103.0
4,1,142,24,3.0,10.0,514.0,0,1.0,136.0
4,1,1297,30,4.0,0.0,87.0,0,1.0,49.0
4,2,1417,18,3.0,0.0,1377.0,0,1.0,32.0
4,4,146,18,1.0,0.0,345.0,0,1.0,34.0
4,5,706,58,4.0,8.0,193.0,0,1.0,28.0
4,6,47,60,3.0,9.0,550.0,0,1.0,4.0
4,6,1027,36,4.0,5.0,243.0,0,1.0,80.0
5,1,34,57,3.0,10.0,1141.0,0,1.0,91.0
5,2,223,19,4.0,0.0,492.0,0,1.0,277.0
5,4,710,36,5.0,10.0,1108.0,0,1.0,51.0
5,4,1384,23,4.0,8.0,397.0,0,1.0,69.0
5,6,241,56,4.0,0.0,872.0,0,1.0,295.0
5,7,865,21,5.0,0.0,186.0,0,1.0,21.0
5,1,446,32,4.0,6.0,218.0,0,1.0,49.0
5,1,1403,28,3.0,0.0,90.0,0,1.0,71.0
4,3,1347,7,3.0,0.0,89.0,0,1.0,9.0
4,5,592,7,3.0,0.0,233.0,0,1.0,27.0
4,5,1132,3,2.0,0.0,391.0,0,1.0,49.0
4,6,1246,7,4.0,0.0,84.0,0,1.0,14.0
4,7,1436,7,3.0,0.0,218.0,0,1.0,118.0
4,1,1070,10,2.0,0.0,285.0,0,1.0,22.0
4,2,1423,4,2.0,0.0,249.0,0,1.0,22.0
4,3,1049,1,2.0,0.0,399.0,0,1.0,33.0
4,4,571,16,3.0,3.0,546.0,0,1.0,91.0
4,5,590,2,4.0,0.0,95.0,0,1.0,73.0
4,7,760,8,3.0,6.0,173.0,0,1.0,16.0
4,7,1320,11,4.0,2.0,312.0,0,1.0,113.0
4,1,1366,12,2.0,8.0,307.0,0,1.0,27.0
4,2,1156,16,4.0,9.0,408.0,0,1.0,219.0
4,4,581,14,3.0,7.0,137.0,0,1.0,79.0
4,6,632,4,3.0,0.0,176.0,0,1.0,26.0
4,6,1413,2,2.0,2.0,279.0,0,1.0,207.0
5,2,1275,10,3.0,2.0,343.0,0,1.0,246.0
5,3,694,5,4.0,0.0,162.0,0,1.0,69.0
5,3,1343,17,4.0,8.0,257.0,0,1.0,5.0
5,5,855,15,3.0,0.0,306.0,0,1.0,13.0
5,1,1314,17,3.0,4.0,134.0,0,1.0,102.0
4,2,416,49,4.0,0.0,188.0,0,1.0,47.0
4,2,944,76,3.0,0.0,1206.0,0,1.0,5.0
4,3,715,56,2.0,0.0,635.0,1,1.0,190.0
4,3,675,52,2.0,7.0,1582.0,1,1.0,35.0
4,4,822,79,3.0,0.0,407.0,0,1.0,200.0
4,5,81,80,2.0,7.0,968.0,1,1.0,87.0
4,5,1160,18,3.0,8.0,253.0,0,1.0,216.0
4,6,47,56,3.0,2.0,263.0,1,1.0,3.0
4,7,1198,30,3.0,7.0,533.0,1,1.0,95.0
4,7,829,40,4.0,4.0,56.0,0,1.0,56.0
4,1,657,66,3.0,5.0,212.0,1,1.0,15.0
4,1,646,17,4.0,10.0,91.0,0,1.0,10.0
4,1,1293,0,4.0,0.0,147.0,0,1.0,65.0
4,3,847,70,3.0,10.0,214.0,1,1.0,29.0
4,3,693,40,3.0,10.0,192.0,0,1.0,60.0
4,4,869,42,3.0,9.0,439.0,0,1.0,6.0
4,4,69,64,3.0,2.0,128.0,0,1.0,23.0
4,4,851,62,2.0,7.0,445.0,0,1.0,19.0
4,5,517,52,2.0,6.0,147.0,1,1.0,24.0
4,5,980,20,3.0,1.0,205.0,0,1.0,35.0
4,6,692,61,2.0,8.0,165.0,1,1.0,24.0
4,6,1215,18,3.0,5.0,100.0,0,1.0,63.0
4,7,1013,24,4.0,9.0,86.0,0,1.0,38.0
4,1,683,58,2.0,10.0,134.0,1,1.0,23.0
4,1,726,7,4.0,0.0,79.0,0,1.0,52.0
4,1,1242,6,4.0,6.0,30.0,0,1.0,12.0
4,2,26,42,2.0,0.0,218.0,0,1.0,1.0
4,2,846,71,4.0,8.0,325.0,0,1.0,229.0
4,4,1297,56,2.0,8.0,334.0,1,1.0,62.0
4,4,573,32,3.0,10.0,252.0,0,1.0,84.0
4,4,1156,18,3.0,3.0,93.0,0,1.0,2.0
4,5,821,76,2.0,0.0,224.0,1,1.0,0.0
5,2,489,41,3.0,5.0,111.0,0,1.0,10.0
5,5,671,14,0.0,4.0,239.0,0,1.0,24.0
5,2,707,30,3.0,5.0,258.0,0,1.0,23.0
5,3,750,52,3.0,0.0,165.0,0,1.0,28.0
5,3,1111,59,4.0,0.0,109.0,0,1.0,9.0
5,7,1140,4,3.0,0.0,120.0,0,1.0,18.0
5,7,531,2,4.0,0.0,27.0,0,1.0,4.0
5,1,1199,71,3.0,0.0,76.0,0,1.0,1.0
5,2,772,54,4.0,0.0,55.0,0,1.0,1.0
5,3,729,88,3.0,5.0,88.0,0,1.0,16.0
5,3,928,0,3.0,0.0,122.0,0,1.0,44.0
5,4,852,57,3.0,0.0,108.0,0,1.0,19.0
5,5,1418,18,4.0,0.0,83.0,0,1.0,24.0
5,6,754,8,4.0,0.0,106.0,0,1.0,39.0
5,1,959,33,3.0,0.0,105.0,0,1.0,19.0
5,7,759,12,4.0,0.0,48.0,0,1.0,14.0
5,1,433,17,3.0,8.0,149.0,0,1.0,31.0
5,1,674,62,3.0,6.0,155.0,0,1.0,13.0
5,1,1399,0,3.0,0.0,123.0,0,1.0,20.0
5,2,816,74,3.0,0.0,84.0,0,1.0,4.0
5,3,511,29,4.0,9.0,143.0,0,1.0,3.0
5,3,622,22,2.0,0.0,385.0,0,1.0,33.0
5,3,1349,1,4.0,0.0,72.0,0,1.0,7.0
6,5,499,60,3.0,0.0,159.0,0,1.0,24.0
6,5,831,15,3.0,0.0,242.0,0,1.0,11.0
6,7,195,60,3.0,10.0,99.0,0,1.0,8.0
6,6,1223,19,4.0,0.0,60.0,0,1.0,22.0
6,7,311,29,3.0,10.0,79.0,0,1.0,9.0
12,2,1300,31,4.0,10.0,101.0,0,1.0,60.0
12,4,1308,40,3.0,8.0,181.0,0,1.0,10.0
12,6,44,0,3.0,0.0,146.0,0,1.0,11.0
12,6,1371,35,3.0,8.0,189.0,0,1.0,59.0
12,7,652,51,3.0,0.0,853.0,0,1.0,198.0
12,1,1247,29,3.0,8.0,223.0,0,1.0,98.0
12,2,442,46,2.0,10.0,205.0,0,1.0,18.0
12,3,183,3,3.0,4.0,67.0,0,1.0,22.0
12,3,658,39,3.0,9.0,202.0,0,1.0,53.0
12,3,834,26,3.0,10.0,257.0,0,1.0,51.0
12,3,1335,70,3.0,10.0,353.0,0,1.0,25.0
12,4,522,19,3.0,8.0,239.0,0,1.0,43.0
12,4,539,51,3.0,9.0,122.0,0,1.0,99.0
12,5,606,41,3.0,7.0,514.0,1,1.0,162.0
12,5,759,78,3.0,0.0,557.0,1,1.0,72.0
12,6,336,27,3.0,9.0,390.0,1,1.0,9.0
12,7,1388,22,3.0,8.0,852.0,0,1.0,22.0
12,1,869,71,3.0,0.0,226.0,0,1.0,214.0
12,1,1240,24,3.0,5.0,441.0,0,1.0,274.0
12,3,1152,58,3.0,6.0,513.0,0,1.0,356.0
12,4,887,26,2.0,2.0,283.0,0,1.0,158.0
12,5,98,63,2.0,0.0,782.0,0,1.0,502.0
12,5,995,46,3.0,8.0,350.0,0,1.0,48.0
12,6,107,4,4.0,0.0,208.0,0,1.0,5.0
12,7,392,55,3.0,8.0,258.0,0,1.0,8.0
12,7,1431,27,4.0,8.0,399.0,0,1.0,137.0
12,1,673,34,4.0,0.0,177.0,0,1.0,92.0
12,1,863,48,3.0,0.0,222.0,0,1.0,142.0
12,2,596,29,4.0,2.0,213.0,0,1.0,4.0
12,3,295,31,4.0,8.0,60.0,0,1.0,12.0
12,3,807,49,2.0,5.0,184.0,0,1.0,23.0
12,4,91,32,3.0,5.0,197.0,0,1.0,7.0
12,4,1217,41,3.0,8.0,218.0,0,1.0,103.0
12,5,558,47,4.0,10.0,214.0,0,1.0,38.0
12,5,1089,30,4.0,5.0,194.0,0,1.0,51.0
1,2,311,46,0.0,9.0,168.0,1,1.0,71.0
1,3,1313,29,0.0,8.0,121.0,0,1.0,26.0
1,3,881,58,0.0,7.0,221.0,0,1.0,118.0
1,4,222,51,0.0,5.0,856.0,0,1.0,808.0
1,5,811,79,0.0,5.0,255.0,0,1.0,131.0
1,7,461,66,0.0,5.0,241.0,0,1.0,30.0
1,1,1259,55,0.0,7.0,161.0,0,1.0,72.0
1,2,329,23,5.0,10.0,386.0,0,1.0,42.0
1,3,1006,58,0.0,9.0,187.0,0,1.0,96.0
1,4,250,68,0.0,8.0,180.0,0,1.0,104.0
1,6,979,59,0.0,8.0,164.0,0,1.0,123.0
2,3,401,76,0.0,2.0,152.0,0,1.0,48.0
2,3,898,21,5.0,9.0,2593.0,0,1.0,17.0
7,2,854,79,0.0,5.0,275.0,0,2.0,126.0
7,3,522,49,1.0,8.0,143.0,0,2.0,43.0
7,5,976,82,0.0,7.0,210.0,0,2.0,105.0
7,2,76,72,0.0,7.0,122.0,0,2.0,96.0
7,3,1159,19,0.0,8.0,172.0,0,2.0,86.0
7,2,431,69,0.0,8.0,180.0,0,2.0,74.0
7,4,609,19,0.0,9.0,96.0,0,2.0,49.0
7,7,1042,54,0.0,7.0,139.0,0,2.0,41.0
7,2,130,29,0.0,10.0,120.0,0,2.0,48.0
4,5,1310,28,4.0,0.0,114.0,0,1.0,5.0
4,7,1073,22,4.0,0.0,1751.0,0,1.0,0.0
7,2,780,80,5.0,2.0,35.0,0,2.0,5.0
7,2,1220,12,3.0,6.0,100.0,0,2.0,35.0
7,2,722,36,4.0,5.0,62.0,0,2.0,8.0
7,3,930,88,3.0,8.0,145.0,0,2.0,13.0
7,3,1185,71,3.0,0.0,490.0,0,2.0,15.0
7,5,644,19,4.0,8.0,36.0,0,2.0,19.0
7,5,1050,77,3.0,8.0,98.0,0,2.0,31.0
7,7,582,34,3.0,8.0,368.0,0,2.0,24.0
7,3,1163,34,4.0,4.0,137.0,0,2.0,11.0
7,3,136,59,3.0,10.0,1085.0,0,2.0,14.0
7,6,577,13,5.0,7.0,153.0,0,2.0,62.0
7,7,804,3,3.0,0.0,98.0,0,2.0,44.0
7,2,1062,31,4.0,0.0,98.0,0,2.0,25.0
7,3,663,34,4.0,5.0,97.0,0,2.0,12.0
7,5,783,69,4.0,10.0,79.0,0,2.0,17.0
7,7,1045,28,3.0,0.0,95.0,0,2.0,15.0
7,1,1320,20,3.0,8.0,95.0,0,2.0,0.0
7,3,192,49,3.0,7.0,213.0,0,2.0,8.0
7,4,568,59,4.0,9.0,37.0,0,2.0,12.0
7,7,773,76,3.0,10.0,77.0,0,2.0,28.0
7,3,245,40,4.0,0.0,83.0,0,2.0,23.0
7,4,500,50,4.0,10.0,39.0,0,2.0,10.0
7,1,799,7,3.0,7.0,59.0,0,2.0,6.0
7,4,1177,24,4.0,8.0,52.0,0,2.0,13.0
7,1,1330,37,4.0,7.0,30.0,0,2.0,20.0
7,3,696,54,3.0,7.0,224.0,0,2.0,14.0
7,1,841,23,2.0,6.0,251.0,0,2.0,4.0
7,3,959,58,3.0,0.0,296.0,0,2.0,16.0
7,5,1252,1,4.0,0.0,113.0,0,2.0,18.0
7,1,185,91,3.0,0.0,135.0,0,2.0,15.0
2,1,1078,9,3.0,6.0,99.0,0,1.0,14.0
2,6,570,20,5.0,0.0,169.0,0,1.0,5.0
1,5,863,35,3.0,10.0,256.0,0,1.0,11.0
2,1,1053,32,3.0,0.0,198.0,0,1.0,18.0
1,5,1147,45,3.0,2.0,236.0,0,1.0,8.0
1,4,356,40,3.0,0.0,333.0,0,1.0,59.0
2,1,847,26,2.0,0.0,52.0,0,1.0,7.0
2,1,915,67,4.0,10.0,87.0,0,1.0,4.0
1,6,1319,57,3.0,0.0,244.0,0,1.0,167.0
2,7,736,40,3.0,4.0,404.0,0,1.0,20.0
1,1,1045,49,3.0,9.0,131.0,0,1.0,10.0
2,5,720,68,3.0,9.0,549.0,0,1.0,11.0
2,7,1007,21,4.0,5.0,92.0,0,1.0,16.0
1,7,909,41,3.0,0.0,418.0,0,1.0,22.0
1,6,1275,20,2.0,7.0,170.0,0,1.0,94.0
2,6,306,22,2.0,0.0,1004.0,0,1.0,7.0
1,3,71,32,2.0,0.0,669.0,1,1.0,31.0
2,2,1238,57,3.0,7.0,343.0,0,1.0,4.0
1,3,1144,16,3.0,7.0,111.0,0,1.0,15.0
1,2,839,15,3.0,2.0,46.0,0,1.0,13.0
1,4,1070,1,4.0,0.0,151.0,0,1.0,39.0
2,5,848,17,2.0,10.0,85.0,0,1.0,5.0
2,2,594,22,2.0,7.0,216.0,0,1.0,20.0
2,3,663,26,2.0,0.0,65.0,0,1.0,11.0
2,4,595,81,3.0,2.0,167.0,0,1.0,45.0
1,4,234,45,2.0,8.0,140.0,0,1.0,28.0
2,1,1299,28,5.0,8.0,32.0,0,1.0,7.0
1,4,784,7,3.0,6.0,106.0,0,1.0,9.0
2,6,349,33,5.0,0.0,118.0,0,1.0,101.0
2,2,93,43,4.0,8.0,34.0,0,1.0,9.0
2,5,1319,19,3.0,8.0,125.0,0,1.0,4.0
1,5,362,30,3.0,9.0,24.0,0,1.0,3.0
1,7,105,54,5.0,9.0,71.0,0,1.0,2.0
1,6,671,38,3.0,9.0,149.0,0,1.0,7.0
1,6,869,72,2.0,0.0,186.0,0,1.0,35.0
1,7,1259,57,3.0,0.0,89.0,0,1.0,4.0
1,1,1127,49,3.0,8.0,78.0,0,1.0,18.0
1,1,1137,4,3.0,0.0,77.0,0,1.0,20.0
1,2,531,27,4.0,3.0,71.0,0,1.0,5.0
2,5,1070,37,3.0,0.0,135.0,0,1.0,14.0
1,2,463,40,2.0,0.0,240.0,0,1.0,56.0
2,3,123,39,3.0,10.0,158.0,0,1.0,37.0
1,2,882,65,2.0,0.0,125.0,0,1.0,20.0
2,4,1190,50,3.0,8.0,296.0,0,1.0,21.0
2,2,552,33,3.0,6.0,120.0,0,1.0,22.0
1,1,639,28,3.0,0.0,177.0,0,1.0,4.0
1,2,993,30,3.0,0.0,152.0,0,1.0,27.0
2,5,1114,31,4.0,8.0,21.0,0,1.0,7.0
1,2,1212,26,4.0,6.0,51.0,0,1.0,45.0
2,5,1005,20,4.0,9.0,157.0,0,1.0,18.0
2,3,891,28,4.0,7.0,39.0,0,1.0,19.0
2,3,1205,21,4.0,7.0,78.0,0,1.0,33.0
2,6,1155,26,4.0,0.0,84.0,0,1.0,75.0
1,2,1340,36,4.0,10.0,72.0,0,1.0,11.0
2,7,796,2,4.0,0.0,104.0,0,1.0,55.0
2,3,611,72,4.0,6.0,85.0,0,1.0,35.0
1,3,1042,44,4.0,0.0,225.0,0,1.0,118.0
1,7,792,35,4.0,8.0,109.0,0,1.0,61.0
2,4,978,31,4.0,7.0,168.0,0,1.0,50.0
1,2,662,34,3.0,6.0,157.0,0,1.0,33.0
2,7,724,83,3.0,0.0,186.0,0,1.0,2.0
2,4,1061,57,4.0,5.0,52.0,0,1.0,16.0
1,4,597,42,4.0,8.0,68.0,0,1.0,18.0
2,3,755,8,3.0,6.0,225.0,0,1.0,142.0
1,1,549,36,3.0,9.0,47.0,0,1.0,13.0
2,7,672,20,4.0,5.0,128.0,0,1.0,97.0
1,1,1307,34,2.0,9.0,80.0,0,1.0,8.0
1,4,1314,35,3.0,5.0,109.0,0,1.0,78.0
2,5,751,50,4.0,8.0,142.0,0,1.0,50.0
2,7,81,54,2.0,10.0,154.0,1,1.0,14.0
11,3,476,40,4.0,5.0,121.0,0,1.0,24.0
11,3,575,24,4.0,0.0,298.0,0,1.0,209.0
11,3,1054,48,3.0,6.0,257.0,0,1.0,45.0
11,3,1369,23,4.0,10.0,217.0,0,1.0,209.0
11,4,593,5,4.0,0.0,167.0,0,1.0,33.0
11,4,1028,16,4.0,0.0,101.0,0,1.0,12.0
11,4,1232,63,4.0,0.0,124.0,0,1.0,38.0
12,5,211,28,3.0,0.0,156.0,0,1.0,9.0
12,5,757,37,3.0,5.0,157.0,0,1.0,23.0
12,5,1043,45,4.0,3.0,119.0,0,1.0,25.0
12,6,544,15,4.0,4.0,74.0,0,1.0,56.0
12,6,720,32,4.0,4.0,138.0,0,1.0,90.0
12,6,905,39,4.0,6.0,111.0,0,1.0,25.0
12,7,629,33,4.0,0.0,141.0,0,1.0,123.0
12,7,1104,65,2.0,0.0,95.0,0,1.0,32.0
12,7,1328,18,3.0,7.0,205.0,0,1.0,91.0
12,1,376,90,4.0,0.0,146.0,0,1.0,73.0
12,1,709,39,4.0,0.0,97.0,0,1.0,87.0
12,1,993,14,4.0,0.0,169.0,0,1.0,82.0
12,1,1114,15,4.0,10.0,134.0,0,1.0,122.0
12,2,353,28,4.0,0.0,125.0,0,1.0,44.0
12,2,633,21,4.0,7.0,195.0,0,1.0,181.0
12,2,779,6,4.0,0.0,216.0,0,1.0,168.0
12,3,251,52,3.0,8.0,249.0,0,1.0,45.0
12,3,550,76,3.0,0.0,330.0,0,1.0,119.0
12,3,859,28,4.0,10.0,236.0,0,1.0,152.0
12,3,1091,73,3.0,10.0,252.0,0,1.0,24.0
11,2,366,4,3.0,0.0,129.0,0,1.0,66.0
11,2,564,52,3.0,9.0,515.0,0,1.0,156.0
11,2,594,62,3.0,5.0,300.0,0,1.0,86.0
11,2,1219,35,4.0,8.0,96.0,0,1.0,56.0
11,3,571,30,4.0,5.0,63.0,0,1.0,41.0
11,3,869,29,4.0,5.0,87.0,0,1.0,70.0
11,3,1087,16,3.0,8.0,140.0,0,1.0,21.0
11,4,298,3,4.0,0.0,141.0,0,1.0,28.0
11,4,995,79,3.0,0.0,158.0,0,1.0,17.0
11,4,1211,29,4.0,4.0,178.0,0,1.0,21.0
11,5,466,77,3.0,10.0,108.0,0,1.0,23.0
11,5,924,19,4.0,0.0,43.0,0,1.0,21.0
11,6,758,43,3.0,3.0,87.0,0,1.0,67.0
11,6,853,0,4.0,0.0,122.0,0,1.0,105.0
11,6,987,10,4.0,3.0,127.0,0,1.0,78.0
11,7,63,3,4.0,0.0,87.0,0,1.0,58.0
11,7,811,54,3.0,0.0,128.0,0,1.0,5.0
11,7,1001,67,3.0,7.0,219.0,0,1.0,4.0
11,7,1182,12,3.0,7.0,204.0,0,1.0,98.0
11,1,253,46,3.0,10.0,48.0,0,1.0,18.0
11,1,762,14,4.0,7.0,86.0,0,1.0,27.0
11,1,1067,16,3.0,8.0,48.0,0,1.0,21.0
11,1,1225,40,2.0,8.0,95.0,0,1.0,45.0
11,2,413,31,4.0,9.0,71.0,0,1.0,9.0
11,2,789,48,4.0,6.0,28.0,0,1.0,20.0
11,2,969,49,4.0,4.0,90.0,0,1.0,63.0
11,2,1029,64,3.0,10.0,198.0,0,1.0,17.0
12,5,710,43,3.0,10.0,105.0,1,1.0,59.0
12,5,969,28,4.0,0.0,271.0,0,1.0,237.0
12,6,226,9,4.0,4.0,240.0,0,1.0,206.0
12,6,633,57,2.0,6.0,667.0,0,1.0,42.0
12,6,936,23,4.0,3.0,56.0,0,1.0,43.0
12,7,708,50,3.0,7.0,143.0,0,1.0,4.0
12,7,1080,6,3.0,6.0,98.0,0,1.0,28.0
12,7,1332,26,3.0,10.0,208.0,0,1.0,16.0
12,1,756,16,4.0,2.0,68.0,0,1.0,3.0
12,1,956,67,3.0,5.0,225.0,0,1.0,104.0
12,3,1271,68,2.0,0.0,349.0,0,1.0,183.0
12,4,582,46,2.0,4.0,148.0,0,1.0,35.0
12,4,787,65,4.0,8.0,356.0,0,1.0,238.0
12,4,1128,7,3.0,0.0,912.0,0,1.0,170.0
12,5,333,78,3.0,0.0,255.0,0,1.0,120.0
12,5,568,90,3.0,0.0,301.0,0,1.0,62.0
12,5,940,78,2.0,4.0,199.0,0,1.0,6.0
12,6,514,43,4.0,3.0,181.0,0,1.0,152.0
12,6,584,35,3.0,5.0,365.0,0,1.0,124.0
12,6,848,30,4.0,10.0,281.0,0,1.0,31.0
12,6,861,80,2.0,0.0,356.0,0,1.0,10.0
12,6,1084,77,3.0,10.0,334.0,0,1.0,85.0
12,7,602,14,4.0,3.0,153.0,0,1.0,140.0
12,7,841,3,4.0,3.0,108.0,0,1.0,42.0
12,7,994,17,4.0,0.0,303.0,0,1.0,135.0
12,1,63,53,3.0,2.0,91.0,0,1.0,32.0
12,1,588,23,3.0,1.0,211.0,0,1.0,24.0
12,1,1068,31,4.0,7.0,92.0,0,1.0,14.0
12,1,1244,71,3.0,0.0,348.0,0,1.0,241.0
12,2,294,60,2.0,0.0,169.0,0,1.0,25.0
12,2,586,37,4.0,10.0,157.0,0,1.0,129.0
12,2,810,56,3.0,7.0,146.0,0,1.0,30.0
12,2,1159,36,4.0,7.0,26.0,0,1.0,10.0
12,2,1424,29,2.0,0.0,215.0,0,1.0,22.0
12,3,525,70,3.0,3.0,289.0,0,1.0,54.0
12,3,850,85,3.0,0.0,208.0,0,1.0,20.0
12,3,1272,5,4.0,0.0,104.0,0,1.0,89.0
12,4,620,72,2.0,0.0,284.0,0,1.0,255.0
12,4,1052,6,4.0,5.0,108.0,0,1.0,102.0
12,4,1148,84,3.0,8.0,313.0,0,1.0,17.0
12,5,353,82,3.0,0.0,263.0,0,1.0,72.0
12,7,33,47,3.0,0.0,219.0,0,1.0,152.0
1,2,691,87,2.0,0.0,1426.0,1,1.0,9.0
1,2,833,38,3.0,0.0,168.0,0,1.0,11.0
1,3,397,72,2.0,0.0,1959.0,1,1.0,60.0
1,3,958,27,3.0,6.0,385.0,0,1.0,53.0
1,4,631,83,1.0,0.0,819.0,1,1.0,1.0
1,4,1111,68,2.0,9.0,488.0,0,1.0,7.0
1,5,735,69,2.0,3.0,455.0,0,1.0,115.0
1,5,1303,44,2.0,8.0,988.0,1,1.0,20.0
1,6,866,71,1.0,10.0,379.0,1,1.0,30.0
1,7,643,60,4.0,3.0,186.0,0,1.0,34.0
1,1,398,63,2.0,8.0,339.0,0,1.0,10.0
1,1,1123,61,3.0,5.0,652.0,0,1.0,28.0
1,2,1312,28,2.0,8.0,228.0,0,1.0,7.0
1,3,814,34,1.0,6.0,1397.0,1,1.0,62.0
1,5,17,45,3.0,7.0,661.0,0,1.0,24.0
1,5,1074,71,3.0,0.0,237.0,0,1.0,27.0
1,6,741,52,3.0,6.0,298.0,1,1.0,16.0
1,7,141,25,5.0,2.0,369.0,0,1.0,4.0
1,7,1213,63,3.0,0.0,27.0,1,1.0,16.0
1,2,419,90,1.0,0.0,1271.0,0,1.0,22.0
1,2,1071,47,2.0,8.0,154.0,0,1.0,12.0
2,3,729,61,2.0,10.0,388.0,1,1.0,89.0
2,3,1374,62,4.0,4.0,738.0,0,1.0,64.0
2,4,972,72,3.0,5.0,498.0,0,1.0,34.0
2,5,707,63,2.0,7.0,777.0,0,1.0,1.0
2,6,355,58,1.0,0.0,1969.0,0,1.0,20.0
2,6,1005,79,2.0,8.0,261.0,1,1.0,0.0
2,7,743,35,3.0,0.0,461.0,1,1.0,17.0
2,1,420,40,4.0,7.0,160.0,0,1.0,4.0
2,2,98,84,1.0,10.0,846.0,1,1.0,18.0
2,2,907,55,3.0,5.0,426.0,1,1.0,2.0
2,3,583,64,1.0,10.0,399.0,1,1.0,20.0
2,3,1174,71,3.0,0.0,657.0,0,1.0,9.0
2,4,871,28,3.0,8.0,415.0,0,1.0,2.0
2,5,1061,63,2.0,6.0,227.0,1,1.0,51.0
2,6,726,60,3.0,5.0,296.0,0,1.0,5.0
2,7,154,57,4.0,3.0,839.0,0,1.0,14.0
2,7,1051,41,2.0,5.0,1189.0,0,1.0,14.0
1,2,469,68,2.0,5.0,541.0,0,1.0,25.0
1,1,582,61,3.0,4.0,180.0,0,1.0,26.0
1,2,699,73,1.0,2.0,524.0,0,1.0,238.0
1,3,670,28,3.0,2.0,94.0,0,1.0,54.0
1,4,1098,48,3.0,8.0,228.0,0,1.0,74.0
1,6,108,0,2.0,2.0,218.0,0,1.0,39.0
1,7,768,23,4.0,3.0,543.0,0,1.0,13.0
2,3,843,69,3.0,8.0,316.0,0,1.0,173.0
2,4,794,23,4.0,5.0,231.0,0,1.0,122.0
2,5,958,60,4.0,4.0,104.0,0,1.0,90.0
2,6,850,94,1.0,0.0,637.0,0,1.0,245.0
2,7,1038,27,5.0,8.0,61.0,0,1.0,23.0
2,3,574,31,4.0,0.0,147.0,0,1.0,34.0
2,4,1001,6,3.0,8.0,141.0,0,1.0,13.0
2,6,1381,33,3.0,0.0,281.0,0,1.0,6.0
10,2,738,66,3.0,7.0,319.0,0,1.0,16.0
10,3,479,18,3.0,7.0,495.0,0,1.0,16.0
10,3,732,19,3.0,0.0,562.0,0,1.0,67.0
10,3,958,19,3.0,10.0,474.0,0,1.0,142.0
10,3,1260,28,4.0,0.0,283.0,0,1.0,37.0
10,4,379,17,3.0,0.0,310.0,0,1.0,16.0
10,4,1100,51,4.0,10.0,343.0,0,1.0,19.0
10,5,598,74,3.0,0.0,310.0,1,1.0,45.0
10,5,807,31,2.0,0.0,258.0,1,1.0,14.0
10,5,1081,28,4.0,8.0,504.0,0,1.0,24.0
10,5,1306,23,3.0,0.0,374.0,0,1.0,55.0
10,6,922,40,3.0,10.0,471.0,0,1.0,48.0
10,6,1281,62,3.0,5.0,255.0,0,1.0,34.0
10,7,406,72,2.0,0.0,600.0,1,1.0,3.0
10,7,774,78,3.0,3.0,460.0,0,1.0,20.0
10,7,1068,69,4.0,8.0,411.0,0,1.0,11.0
10,7,1416,70,2.0,7.0,2194.0,1,1.0,47.0
10,1,675,73,3.0,8.0,1146.0,0,1.0,23.0
10,1,910,31,3.0,0.0,520.0,0,1.0,19.0
10,2,391,73,2.0,6.0,203.0,1,1.0,4.0
10,2,667,7,3.0,0.0,477.0,0,1.0,60.0
10,2,1265,2,3.0,0.0,581.0,0,1.0,37.0
11,3,282,36,3.0,1.0,542.0,0,1.0,27.0
11,3,707,62,3.0,2.0,383.0,1,1.0,29.0
11,3,974,34,3.0,3.0,261.0,0,1.0,29.0
11,3,1211,85,2.0,0.0,678.0,1,1.0,53.0
11,4,237,61,2.0,0.0,595.0,1,1.0,61.0
11,4,617,46,3.0,0.0,859.0,0,1.0,25.0
11,4,1110,77,3.0,0.0,980.0,0,1.0,103.0
11,5,125,59,3.0,0.0,510.0,0,1.0,29.0
11,5,623,1,3.0,0.0,268.0,0,1.0,46.0
11,5,843,57,3.0,0.0,1769.0,1,1.0,54.0
11,5,1104,23,3.0,0.0,481.0,0,1.0,14.0
11,6,64,54,4.0,0.0,138.0,0,1.0,62.0
11,6,633,89,3.0,7.0,671.0,0,1.0,8.0
11,6,1265,12,3.0,4.0,240.0,0,1.0,13.0
11,7,220,40,2.0,0.0,548.0,0,1.0,10.0
11,7,726,14,4.0,0.0,202.0,0,1.0,26.0
11,7,995,23,5.0,0.0,144.0,0,1.0,13.0
11,7,1298,78,3.0,0.0,2767.0,1,1.0,3.0
11,1,269,19,3.0,8.0,653.0,0,1.0,36.0
11,1,730,84,3.0,0.0,238.0,1,1.0,71.0
11,1,1006,48,2.0,0.0,240.0,0,1.0,188.0
11,1,1364,27,3.0,10.0,324.0,0,1.0,15.0
11,2,447,47,3.0,0.0,4675.0,0,1.0,631.0
11,2,661,60,3.0,0.0,1590.0,0,1.0,18.0
11,2,1183,9,4.0,0.0,423.0,0,1.0,36.0
11,2,1426,60,3.0,10.0,745.0,0,1.0,35.0
11,3,532,14,3.0,6.0,960.0,0,1.0,28.0
11,3,753,35,3.0,2.0,724.0,0,1.0,63.0
11,3,990,65,2.0,2.0,1491.0,0,1.0,25.0
11,3,1309,61,2.0,0.0,100.0,1,1.0,27.0
11,4,496,28,3.0,4.0,280.0,0,1.0,67.0
11,4,759,20,2.0,9.0,413.0,0,1.0,91.0
11,4,1046,3,3.0,0.0,288.0,0,1.0,77.0
11,5,704,52,3.0,10.0,827.0,1,1.0,254.0
11,5,1172,64,4.0,2.0,635.0,0,1.0,32.0
11,6,896,49,4.0,5.0,1166.0,0,1.0,54.0
11,6,1260,37,3.0,10.0,560.0,0,1.0,35.0
11,7,399,87,2.0,10.0,277.0,0,1.0,37.0
11,7,783,56,2.0,8.0,481.0,1,1.0,6.0
11,7,987,56,3.0,9.0,652.0,0,1.0,40.0
11,7,1249,48,3.0,9.0,587.0,0,1.0,101.0
11,1,470,68,2.0,10.0,323.0,0,1.0,31.0
11,1,1096,83,3.0,9.0,1432.0,0,1.0,100.0
11,2,164,51,3.0,10.0,2342.0,0,1.0,35.0
11,2,1126,52,4.0,10.0,358.0,0,1.0,35.0
11,3,90,32,4.0,10.0,641.0,0,1.0,22.0
11,3,1045,36,3.0,3.0,656.0,0,1.0,90.0
11,4,601,34,4.0,10.0,489.0,0,1.0,41.0
11,4,842,67,2.0,0.0,1154.0,1,1.0,55.0
11,5,140,76,2.0,0.0,810.0,0,1.0,21.0
11,5,636,61,2.0,0.0,5718.0,1,1.0,31.0
11,5,843,25,2.0,8.0,842.0,1,1.0,28.0
11,5,1262,15,3.0,0.0,358.0,0,1.0,16.0
11,6,802,70,2.0,0.0,664.0,1,1.0,71.0
11,6,1088,30,4.0,0.0,445.0,0,1.0,31.0
11,7,88,10,4.0,7.0,192.0,0,1.0,18.0
11,7,647,61,3.0,0.0,221.0,0,1.0,13.0
11,7,957,0,3.0,0.0,313.0,0,1.0,33.0
11,1,415,54,2.0,0.0,276.0,0,1.0,28.0
11,1,792,94,2.0,0.0,423.0,1,1.0,280.0
11,1,1176,54,5.0,0.0,43.0,0,1.0,32.0
3,2,645,69,0.0,0.0,82.0,0,1.0,10.0
3,5,928,61,5.0,8.0,116.0,0,1.0,4.0
4,5,787,8,5.0,0.0,150.0,0,1.0,55.0
7,2,59,33,3.0,10.0,291.0,1,1.0,1.0
4,2,801,82,4.0,8.0,409.0,0,2.0,153.0
4,2,729,53,5.0,10.0,50.0,0,2.0,46.0
4,4,262,64,3.0,7.0,203.0,0,2.0,108.0
4,6,1259,36,3.0,7.0,162.0,0,2.0,72.0
4,1,952,70,4.0,8.0,87.0,0,2.0,52.0
4,6,462,43,3.0,5.0,249.0,0,2.0,88.0
4,5,1030,32,1.0,2.0,279.0,0,2.0,48.0
4,7,550,22,4.0,8.0,135.0,0,2.0,102.0
4,1,492,94,4.0,6.0,189.0,1,2.0,93.0
8,2,599,82,3.0,9.0,690.0,0,1.0,20.0
8,2,1189,7,4.0,2.0,94.0,0,1.0,52.0
8,3,408,49,3.0,3.0,920.0,1,1.0,31.0
8,3,709,60,4.0,7.0,139.0,0,1.0,52.0
8,3,1369,26,3.0,8.0,259.0,1,1.0,164.0
8,4,608,74,2.0,0.0,298.0,0,1.0,125.0
8,4,901,69,3.0,0.0,823.0,1,1.0,87.0
8,4,1257,84,3.0,0.0,595.0,1,1.0,69.0
9,5,748,51,3.0,10.0,191.0,0,1.0,11.0
9,5,1055,54,2.0,0.0,890.0,1,1.0,64.0
9,5,1341,16,2.0,0.0,832.0,0,1.0,31.0
9,6,508,48,3.0,9.0,232.0,1,1.0,139.0
9,6,786,5,3.0,7.0,174.0,0,1.0,16.0
9,6,1072,59,3.0,10.0,343.0,1,1.0,113.0
9,6,1380,93,2.0,5.0,1350.0,1,1.0,149.0
9,7,860,21,3.0,10.0,247.0,0,1.0,68.0
9,7,1074,13,4.0,9.0,275.0,0,1.0,240.0
9,7,1427,58,3.0,10.0,318.0,0,1.0,246.0
9,1,613,28,3.0,2.0,837.0,0,1.0,119.0
9,1,975,21,3.0,8.0,1240.0,1,1.0,66.0
9,1,1259,44,2.0,10.0,238.0,0,1.0,6.0
9,2,386,60,3.0,10.0,320.0,0,1.0,80.0
9,2,681,64,3.0,5.0,286.0,0,1.0,26.0
9,2,1017,19,3.0,7.0,148.0,0,1.0,40.0
9,2,1295,45,4.0,8.0,152.0,0,1.0,10.0
9,3,582,0,3.0,0.0,285.0,1,1.0,36.0
9,3,1076,88,3.0,0.0,163.0,0,1.0,85.0
9,4,591,24,3.0,0.0,1313.0,1,1.0,13.0
9,4,790,90,3.0,0.0,473.0,1,1.0,70.0
9,4,1045,30,3.0,0.0,225.0,0,1.0,68.0
9,4,1347,47,3.0,0.0,359.0,0,1.0,119.0
9,5,512,21,3.0,4.0,64.0,0,1.0,36.0
9,5,770,73,3.0,9.0,298.0,0,1.0,69.0
9,5,1040,54,2.0,0.0,676.0,0,1.0,34.0
9,6,451,0,4.0,0.0,134.0,0,1.0,8.0
9,6,745,19,4.0,0.0,66.0,0,1.0,19.0
9,6,1052,43,4.0,7.0,246.0,0,1.0,127.0
9,6,1348,72,2.0,0.0,194.0,1,1.0,7.0
9,7,551,4,4.0,0.0,33.0,0,1.0,3.0
9,7,836,63,3.0,5.0,588.0,0,1.0,65.0
9,7,1138,26,3.0,0.0,350.0,0,1.0,157.0
9,1,32,47,2.0,0.0,714.0,0,1.0,12.0
9,1,649,69,3.0,0.0,62.0,0,1.0,51.0
9,1,1023,87,1.0,0.0,746.0,0,1.0,62.0
9,1,1340,13,3.0,8.0,214.0,0,1.0,164.0
9,2,529,69,2.0,0.0,469.0,0,1.0,4.0
9,2,714,42,3.0,10.0,376.0,0,1.0,122.0
9,2,969,11,3.0,0.0,180.0,0,1.0,39.0
9,3,600,52,3.0,6.0,406.0,0,1.0,27.0
9,3,826,89,3.0,10.0,552.0,0,1.0,52.0
9,3,1094,7,3.0,0.0,292.0,0,1.0,256.0
9,4,163,4,4.0,0.0,77.0,0,1.0,23.0
9,4,657,76,2.0,0.0,1035.0,1,1.0,7.0
9,4,859,73,3.0,10.0,607.0,0,1.0,22.0
9,5,69,47,3.0,0.0,874.0,0,1.0,315.0
9,5,950,4,3.0,5.0,372.0,0,1.0,70.0
9,5,1274,2,4.0,0.0,126.0,0,1.0,61.0
9,6,450,67,3.0,0.0,341.0,0,1.0,280.0
9,6,734,32,2.0,0.0,477.0,1,1.0,27.0
9,6,981,80,2.0,7.0,1264.0,0,1.0,331.0
9,6,1190,38,3.0,5.0,240.0,0,1.0,56.0
9,7,760,2,2.0,6.0,213.0,0,1.0,30.0
9,7,1085,24,3.0,0.0,211.0,0,1.0,118.0
9,1,26,44,3.0,8.0,380.0,0,1.0,62.0
9,1,563,58,4.0,8.0,184.0,0,1.0,153.0
9,1,845,58,2.0,7.0,1119.0,0,1.0,396.0
9,1,1189,8,4.0,7.0,104.0,0,1.0,43.0
9,2,446,64,2.0,0.0,1369.0,1,1.0,47.0
9,2,1099,62,3.0,10.0,1424.0,0,1.0,187.0
9,3,310,68,2.0,0.0,2038.0,0,1.0,47.0
9,3,640,8,3.0,0.0,286.0,0,1.0,146.0
9,4,624,55,3.0,0.0,366.0,0,1.0,330.0
9,4,863,15,3.0,1.0,426.0,0,1.0,114.0
9,4,1068,19,4.0,7.0,237.0,0,1.0,203.0
9,4,1334,59,3.0,10.0,1338.0,1,1.0,177.0
9,5,484,42,3.0,5.0,131.0,0,1.0,17.0
9,5,744,14,3.0,5.0,163.0,0,1.0,35.0
9,5,1062,44,3.0,6.0,279.0,0,1.0,39.0
9,6,3,36,4.0,10.0,94.0,0,1.0,8.0
9,6,568,65,2.0,6.0,1807.0,0,1.0,131.0
9,6,803,20,5.0,7.0,289.0,0,1.0,246.0
9,6,1114,4,4.0,4.0,235.0,0,1.0,140.0
9,7,934,76,1.0,7.0,1125.0,0,1.0,56.0
9,7,1257,79,2.0,5.0,131.0,1,1.0,56.0
9,1,717,62,3.0,6.0,981.0,0,1.0,462.0
9,1,1069,37,3.0,10.0,397.0,0,1.0,37.0
7,2,135,6,3.0,2.0,261.0,0,1.0,6.0
7,3,977,21,3.0,0.0,225.0,0,1.0,24.0
7,3,1201,19,4.0,7.0,329.0,0,1.0,118.0
7,2,951,27,4.0,0.0,134.0,0,1.0,45.0
7,3,184,23,3.0,10.0,537.0,0,1.0,384.0
7,4,37,1,4.0,0.0,106.0,0,1.0,58.0
7,6,1368,28,4.0,8.0,529.0,0,1.0,367.0
7,4,551,29,4.0,4.0,184.0,0,1.0,63.0
7,2,182,15,2.0,10.0,365.0,0,1.0,70.0
7,3,645,43,2.0,5.0,279.0,0,1.0,70.0
7,5,737,3,4.0,2.0,182.0,0,1.0,37.0
7,7,784,45,2.0,10.0,216.0,0,1.0,7.0
7,5,481,38,2.0,0.0,351.0,0,1.0,24.0
7,5,744,74,3.0,8.0,486.0,0,1.0,197.0
7,7,873,68,3.0,8.0,348.0,0,1.0,40.0
7,7,1178,18,4.0,9.0,155.0,0,1.0,117.0
7,7,483,20,4.0,3.0,97.0,0,1.0,34.0
7,1,345,32,4.0,8.0,238.0,0,1.0,190.0
7,2,1095,38,2.0,0.0,1609.0,0,1.0,42.0
1,2,788,66,2.0,0.0,1455.0,1,1.0,15.0
1,2,1060,68,2.0,0.0,281.0,1,1.0,10.0
1,3,1106,17,4.0,8.0,124.0,0,1.0,11.0
1,4,600,31,3.0,4.0,98.0,0,1.0,13.0
1,4,1100,21,4.0,6.0,36.0,0,1.0,2.0
1,5,652,44,3.0,9.0,318.0,0,1.0,12.0
1,5,1166,60,3.0,0.0,654.0,0,1.0,2.0
1,6,616,40,5.0,6.0,295.0,0,1.0,44.0
1,6,784,63,2.0,0.0,282.0,0,1.0,3.0
1,6,1095,29,2.0,0.0,290.0,0,1.0,40.0
1,7,465,28,4.0,0.0,14.0,0,1.0,0.0
1,7,796,27,2.0,10.0,2829.0,0,1.0,2.0
1,1,55,62,3.0,1.0,770.0,0,1.0,34.0
1,1,865,38,4.0,7.0,108.0,0,1.0,38.0
1,2,45,57,3.0,10.0,498.0,1,1.0,47.0
1,2,840,69,2.0,10.0,152.0,0,1.0,4.0
1,2,1367,1,3.0,0.0,223.0,0,1.0,60.0
1,3,743,49,4.0,0.0,142.0,0,1.0,39.0
1,3,1190,18,3.0,10.0,1355.0,0,1.0,12.0
1,4,680,26,3.0,8.0,149.0,0,1.0,27.0
1,5,582,53,3.0,0.0,378.0,0,1.0,2.0
1,5,1116,55,3.0,0.0,192.0,0,1.0,43.0
1,6,714,33,4.0,0.0,62.0,0,1.0,18.0
1,1,790,62,1.0,8.0,445.0,0,1.0,56.0
1,1,1337,43,2.0,8.0,293.0,0,1.0,76.0
1,2,793,39,2.0,10.0,460.0,0,1.0,16.0
1,2,1233,28,3.0,10.0,382.0,0,1.0,50.0
1,3,968,45,3.0,0.0,1280.0,0,1.0,51.0
1,4,1217,37,3.0,0.0,548.0,0,1.0,27.0
1,5,830,58,2.0,6.0,305.0,0,1.0,10.0
1,6,767,61,3.0,7.0,272.0,0,1.0,34.0
1,7,822,58,3.0,10.0,161.0,0,1.0,21.0
1,1,839,39,3.0,10.0,131.0,0,1.0,35.0
1,2,758,79,3.0,3.0,622.0,0,1.0,12.0
1,3,606,49,3.0,8.0,219.0,0,1.0,12.0
1,4,653,92,3.0,0.0,351.0,0,1.0,4.0
1,5,651,36,1.0,0.0,292.0,0,1.0,5.0
1,3,769,48,2.0,2.0,195.0,0,1.0,13.0
1,4,725,9,4.0,4.0,205.0,0,1.0,14.0
1,4,1186,1,3.0,0.0,85.0,0,1.0,5.0
1,1,491,70,3.0,0.0,105.0,0,1.0,23.0
1,1,1039,36,4.0,3.0,259.0,0,1.0,60.0
1,2,538,53,4.0,0.0,166.0,0,1.0,82.0
1,2,970,36,3.0,10.0,291.0,0,1.0,7.0
1,3,205,36,3.0,7.0,237.0,0,1.0,14.0
1,3,831,37,5.0,0.0,94.0,0,1.0,79.0
1,4,760,41,3.0,7.0,417.0,0,1.0,20.0
1,5,713,53,4.0,0.0,53.0,0,1.0,4.0
1,6,903,16,3.0,0.0,192.0,0,1.0,36.0
1,7,521,57,3.0,8.0,91.0,0,1.0,11.0
1,1,788,12,4.0,0.0,141.0,0,1.0,64.0
1,3,985,66,2.0,0.0,455.0,0,1.0,13.0
1,4,580,15,3.0,8.0,109.0,0,1.0,20.0
1,4,1241,46,3.0,7.0,230.0,0,1.0,46.0
1,5,1010,25,3.0,7.0,192.0,0,1.0,36.0
1,6,614,68,3.0,0.0,476.0,0,1.0,3.0
1,7,628,39,3.0,5.0,484.0,0,1.0,10.0
1,2,608,61,2.0,0.0,1597.0,1,1.0,2.0
1,4,208,25,4.0,10.0,64.0,0,1.0,2.0
1,5,544,31,4.0,0.0,133.0,0,1.0,4.0
1,6,492,4,4.0,0.0,49.0,0,1.0,1.0
1,7,85,77,1.0,0.0,71.0,1,1.0,21.0
1,1,1401,44,3.0,7.0,242.0,0,1.0,9.0
12,3,620,9,3.0,6.0,174.0,0,1.0,17.0
12,2,909,46,3.0,8.0,344.0,0,1.0,14.0
12,5,700,66,3.0,0.0,136.0,0,1.0,80.0
12,3,149,55,3.0,8.0,153.0,0,1.0,24.0
12,5,27,20,4.0,0.0,116.0,0,1.0,85.0
12,2,529,20,2.0,5.0,291.0,0,1.0,9.0
12,1,568,60,3.0,10.0,188.0,0,1.0,122.0
12,3,553,55,3.0,3.0,169.0,0,1.0,16.0
12,4,1119,41,2.0,6.0,289.0,0,1.0,130.0
12,1,894,39,2.0,0.0,246.0,0,1.0,29.0
12,4,1023,34,3.0,3.0,350.0,0,1.0,4.0
12,2,386,63,3.0,5.0,143.0,0,1.0,28.0
12,3,717,61,3.0,8.0,143.0,0,1.0,27.0
12,3,710,44,3.0,7.0,216.0,0,1.0,17.0
12,7,806,39,3.0,0.0,232.0,0,1.0,57.0
12,3,807,53,3.0,3.0,222.0,0,1.0,21.0
12,5,729,47,3.0,0.0,254.0,0,1.0,64.0
12,3,80,35,3.0,1.0,201.0,0,1.0,9.0
12,6,1112,60,3.0,0.0,163.0,0,1.0,6.0
12,2,706,39,3.0,0.0,190.0,0,1.0,7.0
12,1,654,65,3.0,5.0,287.0,0,1.0,3.0
12,5,223,59,3.0,8.0,281.0,0,1.0,5.0
12,4,891,21,3.0,9.0,162.0,0,1.0,9.0
12,1,933,60,3.0,8.0,237.0,0,1.0,17.0
12,4,255,75,3.0,0.0,72.0,0,1.0,10.0
12,7,685,44,2.0,5.0,325.0,0,1.0,2.0
12,7,831,77,3.0,0.0,334.0,0,1.0,18.0
12,4,1067,33,3.0,10.0,303.0,0,1.0,9.0
12,4,838,27,2.0,0.0,992.0,0,1.0,6.0
12,7,215,2,3.0,0.0,79.0,0,1.0,6.0
12,5,811,70,3.0,10.0,495.0,0,1.0,32.0
12,7,128,46,4.0,0.0,53.0,0,1.0,22.0
12,4,1000,58,2.0,0.0,133.0,0,1.0,24.0
12,4,572,48,3.0,7.0,174.0,0,1.0,4.0
12,3,973,26,3.0,0.0,67.0,0,1.0,29.0
12,6,1068,23,4.0,6.0,87.0,0,1.0,12.0
12,7,693,65,3.0,8.0,296.0,0,1.0,17.0
12,3,687,72,3.0,3.0,273.0,0,1.0,91.0
12,3,1275,23,5.0,0.0,56.0,0,1.0,11.0
12,2,1061,40,4.0,1.0,169.0,0,1.0,37.0
12,3,873,41,4.0,5.0,40.0,0,1.0,33.0
12,7,1010,61,4.0,7.0,37.0,0,1.0,3.0
12,3,564,31,1.0,0.0,50.0,0,1.0,5.0
12,4,998,32,3.0,5.0,158.0,0,1.0,9.0
12,3,1246,19,2.0,0.0,158.0,0,1.0,0.0
12,2,1105,63,3.0,10.0,178.0,0,1.0,151.0
12,6,1090,54,3.0,5.0,245.0,0,1.0,11.0
12,3,1020,50,4.0,7.0,138.0,0,1.0,39.0
12,6,659,49,4.0,5.0,95.0,0,1.0,78.0
12,6,906,28,3.0,5.0,162.0,0,1.0,12.0
12,6,998,38,4.0,0.0,197.0,0,1.0,36.0
12,2,665,46,4.0,8.0,15.0,0,1.0,6.0
12,6,952,26,4.0,4.0,45.0,0,1.0,19.0
12,7,913,31,4.0,0.0,112.0,0,1.0,34.0
12,4,507,5,5.0,0.0,50.0,0,1.0,19.0
12,4,517,61,4.0,7.0,83.0,0,1.0,54.0
12,3,941,11,5.0,0.0,35.0,0,1.0,25.0
12,1,1022,53,4.0,0.0,63.0,0,1.0,14.0
12,4,513,23,5.0,0.0,89.0,0,1.0,81.0
12,6,758,34,3.0,8.0,153.0,0,1.0,40.0
12,1,1062,24,4.0,10.0,168.0,0,1.0,119.0
12,4,659,61,4.0,10.0,164.0,0,1.0,47.0
12,3,760,18,4.0,0.0,20.0,0,1.0,9.0
12,3,733,18,4.0,0.0,15.0,0,1.0,10.0
12,5,390,56,4.0,10.0,68.0,0,1.0,56.0
12,1,884,21,4.0,10.0,163.0,0,1.0,83.0
12,1,949,71,4.0,0.0,116.0,0,1.0,18.0
12,5,811,10,4.0,4.0,172.0,0,1.0,35.0
12,5,795,40,4.0,5.0,177.0,0,1.0,33.0
12,6,555,59,4.0,2.0,59.0,0,1.0,44.0
12,2,689,23,4.0,8.0,87.0,0,1.0,9.0
12,5,541,21,4.0,0.0,103.0,0,1.0,11.0
12,4,602,46,4.0,7.0,88.0,0,1.0,34.0
12,4,511,32,4.0,8.0,68.0,0,1.0,9.0
12,6,882,69,4.0,7.0,174.0,0,1.0,25.0
12,4,1110,32,4.0,0.0,60.0,0,1.0,11.0
12,5,547,2,4.0,0.0,156.0,0,1.0,19.0
12,1,1036,52,4.0,9.0,20.0,0,1.0,4.0
12,4,1035,25,5.0,0.0,47.0,0,1.0,14.0
12,1,311,47,3.0,5.0,197.0,0,1.0,18.0
12,5,1023,14,4.0,0.0,63.0,0,1.0,8.0
12,4,505,47,4.0,8.0,145.0,0,1.0,29.0
12,3,464,30,4.0,0.0,73.0,0,1.0,8.0
12,3,1186,23,4.0,7.0,161.0,0,1.0,68.0
12,7,1123,27,3.0,3.0,209.0,0,1.0,73.0
12,1,445,16,4.0,6.0,143.0,0,1.0,123.0
12,6,442,78,3.0,8.0,84.0,0,1.0,30.0
12,7,892,15,5.0,0.0,105.0,0,1.0,62.0
12,5,1187,23,4.0,6.0,93.0,0,1.0,76.0
12,1,665,24,4.0,0.0,163.0,0,1.0,23.0
7,1,558,23,2.0,0.0,596.0,0,1.0,4.0
7,7,446,76,2.0,10.0,287.0,0,1.0,9.0
7,3,739,21,4.0,0.0,128.0,0,1.0,24.0
7,4,589,63,4.0,0.0,53.0,0,1.0,8.0
7,7,242,21,4.0,10.0,124.0,0,1.0,21.0
7,7,655,36,4.0,7.0,156.0,0,1.0,13.0
7,7,967,15,4.0,10.0,204.0,0,1.0,12.0
7,1,587,67,4.0,0.0,151.0,0,1.0,20.0
7,1,892,64,3.0,9.0,104.0,0,1.0,3.0
7,3,76,29,4.0,9.0,41.0,0,1.0,15.0
7,3,1180,64,3.0,4.0,85.0,0,1.0,11.0
7,4,1027,36,4.0,10.0,70.0,0,1.0,14.0
7,4,1183,78,3.0,4.0,189.0,0,1.0,50.0
7,5,1180,57,4.0,10.0,58.0,0,1.0,10.0
7,1,1019,53,4.0,6.0,115.0,0,1.0,14.0
7,1,1198,2,4.0,0.0,84.0,0,1.0,11.0
7,2,1076,14,4.0,3.0,99.0,0,1.0,23.0
7,1,438,25,3.0,8.0,221.0,0,1.0,10.0
7,5,640,83,3.0,10.0,109.0,0,1.0,10.0
7,5,971,83,5.0,2.0,34.0,0,1.0,20.0
7,6,609,45,5.0,0.0,85.0,0,1.0,28.0
7,6,1287,57,3.0,8.0,110.0,0,1.0,6.0
7,1,207,34,4.0,0.0,106.0,0,1.0,13.0
7,7,928,18,2.0,0.0,264.0,0,1.0,17.0
7,3,512,50,3.0,5.0,324.0,0,1.0,17.0
7,3,625,64,4.0,0.0,421.0,0,1.0,23.0
7,3,1123,67,3.0,0.0,99.0,0,1.0,1.0
7,3,1419,33,4.0,4.0,26.0,0,1.0,15.0
7,6,985,67,3.0,0.0,193.0,1,1.0,17.0
7,6,1249,63,3.0,10.0,91.0,0,1.0,12.0
7,7,1113,60,4.0,8.0,116.0,0,1.0,12.0
7,2,1089,31,3.0,0.0,96.0,0,1.0,8.0
7,2,1367,8,4.0,6.0,140.0,0,1.0,9.0
7,6,261,41,2.0,0.0,231.0,0,1.0,2.0
7,6,524,37,3.0,3.0,235.0,0,1.0,11.0
7,6,1020,26,4.0,7.0,22.0,0,1.0,7.0
7,1,1309,35,4.0,7.0,65.0,0,1.0,5.0
7,1,320,1,4.0,0.0,58.0,0,1.0,9.0
7,7,777,53,4.0,8.0,100.0,0,1.0,3.0
7,7,995,83,4.0,0.0,85.0,0,1.0,16.0
7,4,511,60,2.0,4.0,233.0,0,1.0,5.0
7,4,747,75,3.0,3.0,168.0,0,1.0,3.0
7,5,652,25,4.0,0.0,61.0,0,1.0,6.0
7,1,779,27,5.0,0.0,56.0,0,1.0,5.0
7,4,1173,14,5.0,0.0,117.0,0,1.0,11.0
7,5,292,27,4.0,6.0,91.0,0,1.0,9.0
7,1,292,42,3.0,6.0,126.0,0,1.0,12.0
7,5,399,33,3.0,10.0,124.0,0,1.0,12.0
7,6,302,4,3.0,0.0,104.0,0,1.0,3.0
7,6,674,8,4.0,0.0,65.0,0,1.0,3.0
7,2,1131,43,3.0,4.0,146.0,0,1.0,17.0
7,2,1085,43,2.0,0.0,374.0,0,1.0,6.0
7,3,1002,87,3.0,0.0,209.0,0,1.0,10.0
7,3,917,24,2.0,0.0,468.0,0,1.0,16.0
7,7,1406,66,4.0,2.0,1440.0,0,1.0,42.0
7,4,994,70,3.0,10.0,325.0,0,1.0,15.0
7,5,128,3,3.0,0.0,62.0,0,1.0,14.0
7,5,1288,27,4.0,9.0,52.0,0,1.0,10.0
7,6,187,2,4.0,0.0,174.0,0,1.0,8.0
7,6,1098,79,3.0,10.0,255.0,0,1.0,1.0
7,6,1182,31,2.0,0.0,683.0,0,1.0,7.0
7,7,1122,28,3.0,5.0,133.0,0,1.0,15.0
7,1,1016,45,4.0,8.0,153.0,0,1.0,10.0
7,1,1259,3,4.0,0.0,102.0,0,1.0,24.0
7,1,529,37,4.0,0.0,121.0,0,1.0,30.0
7,1,772,37,4.0,0.0,240.0,0,1.0,14.0
7,2,736,46,4.0,10.0,70.0,0,1.0,12.0
7,2,927,23,4.0,9.0,87.0,0,1.0,15.0
7,3,428,32,3.0,8.0,146.0,0,1.0,6.0
7,4,427,45,4.0,2.0,84.0,0,1.0,9.0
7,4,645,55,4.0,7.0,183.0,0,1.0,11.0
7,4,946,67,4.0,0.0,45.0,0,1.0,5.0
7,7,646,21,4.0,10.0,210.0,0,1.0,11.0
7,7,851,57,4.0,10.0,240.0,0,1.0,20.0
7,5,959,8,4.0,0.0,125.0,0,1.0,14.0
7,4,388,40,3.0,0.0,175.0,0,1.0,17.0
7,5,609,27,3.0,6.0,163.0,0,1.0,15.0
7,4,738,71,3.0,0.0,204.0,0,1.0,14.0
7,2,527,24,3.0,6.0,184.0,0,1.0,18.0
7,6,37,30,4.0,0.0,44.0,0,1.0,7.0
7,6,1345,73,3.0,0.0,140.0,0,1.0,2.0
7,7,1042,2,4.0,0.0,214.0,0,1.0,33.0
7,7,454,22,4.0,10.0,98.0,0,1.0,9.0
7,2,601,48,4.0,9.0,124.0,0,1.0,13.0
7,3,925,3,4.0,0.0,133.0,0,1.0,19.0
7,5,608,33,3.0,6.0,310.0,0,1.0,13.0
7,4,827,37,4.0,10.0,188.0,0,1.0,23.0
7,4,1126,43,4.0,0.0,74.0,0,1.0,44.0
7,3,946,81,3.0,0.0,852.0,1,1.0,3.0
7,5,1014,18,3.0,8.0,118.0,0,1.0,13.0
7,6,73,28,4.0,6.0,247.0,0,1.0,15.0
12,4,1277,48,3.0,6.0,108.0,0,2.0,40.0
12,5,279,47,3.0,8.0,83.0,0,2.0,32.0
12,7,979,26,2.0,6.0,90.0,0,2.0,51.0
12,1,555,68,3.0,8.0,151.0,0,2.0,63.0
12,2,805,84,3.0,7.0,142.0,0,2.0,68.0
12,3,1119,50,0.0,5.0,159.0,0,2.0,43.0
12,4,319,78,3.0,8.0,147.0,1,2.0,63.0
12,5,1240,55,3.0,7.0,142.0,0,2.0,34.0
12,5,1270,48,3.0,8.0,104.0,0,2.0,49.0
12,5,867,66,0.0,8.0,156.0,0,2.0,148.0
12,6,250,24,0.0,5.0,378.0,0,2.0,49.0
12,6,819,21,0.0,7.0,242.0,0,2.0,92.0
12,6,827,21,0.0,8.0,125.0,0,2.0,74.0
12,6,1285,63,0.0,6.0,139.0,0,2.0,97.0
12,7,290,38,0.0,7.0,141.0,0,2.0,43.0
12,1,1181,49,0.0,8.0,156.0,0,2.0,74.0
12,2,153,65,0.0,8.0,169.0,1,2.0,130.0
12,3,1263,22,0.0,9.0,124.0,0,2.0,54.0
12,3,1327,53,0.0,8.0,111.0,0,2.0,82.0
12,5,1282,34,0.0,9.0,151.0,0,2.0,35.0
12,6,979,85,0.0,5.0,122.0,0,2.0,74.0
12,7,889,25,0.0,7.0,239.0,0,2.0,27.0
12,1,1300,69,0.0,7.0,123.0,0,2.0,83.0
12,2,208,45,2.0,9.0,131.0,0,2.0,42.0
12,4,138,85,0.0,3.0,343.0,1,2.0,130.0
12,5,277,57,0.0,8.0,184.0,0,2.0,33.0
12,5,1293,49,0.0,10.0,136.0,0,2.0,52.0
2,3,711,44,3.0,10.0,152.0,0,2.0,8.0
2,3,533,66,3.0,6.0,138.0,0,2.0,40.0
2,4,804,53,3.0,7.0,124.0,0,2.0,47.0
2,4,595,33,3.0,5.0,124.0,0,2.0,66.0
2,5,837,78,0.0,5.0,85.0,0,2.0,44.0
2,6,257,33,3.0,8.0,82.0,0,2.0,38.0
2,6,850,26,3.0,5.0,112.0,0,2.0,48.0
2,7,665,66,3.0,8.0,54.0,0,2.0,28.0
2,1,1053,28,3.0,8.0,98.0,0,2.0,41.0
2,2,123,23,3.0,5.0,940.0,0,2.0,788.0
2,3,195,59,3.0,9.0,97.0,0,2.0,39.0
2,4,982,50,3.0,7.0,146.0,1,2.0,71.0
2,6,432,51,3.0,6.0,215.0,0,2.0,118.0
2,7,947,28,3.0,8.0,143.0,0,2.0,65.0
2,1,311,21,0.0,7.0,155.0,0,2.0,43.0
2,2,725,73,0.0,4.0,223.0,0,2.0,129.0
3,3,78,62,0.0,7.0,146.0,0,2.0,41.0
3,3,585,36,0.0,8.0,77.0,0,2.0,37.0
3,4,393,29,0.0,8.0,220.0,0,2.0,98.0
3,4,1016,41,0.0,7.0,186.0,0,2.0,83.0
3,5,529,64,0.0,8.0,188.0,0,2.0,88.0
3,6,1082,40,0.0,8.0,200.0,0,2.0,69.0
3,7,1356,31,0.0,7.0,83.0,0,2.0,37.0
3,1,1006,77,0.0,7.0,84.0,0,2.0,37.0
11,2,895,56,2.0,8.0,1282.0,0,1.0,1.0
11,2,1223,28,3.0,7.0,194.0,0,1.0,5.0
11,2,350,44,4.0,10.0,472.0,0,1.0,8.0
11,2,644,34,3.0,10.0,38.0,0,1.0,12.0
11,3,842,54,4.0,8.0,823.0,1,1.0,26.0
11,3,623,52,4.0,2.0,290.0,0,1.0,23.0
11,4,175,49,4.0,6.0,434.0,0,1.0,18.0
11,4,944,42,3.0,9.0,519.0,0,1.0,73.0
11,4,1251,28,3.0,8.0,224.0,0,1.0,11.0
11,5,1243,48,4.0,0.0,108.0,0,1.0,14.0
11,6,578,37,3.0,10.0,593.0,0,1.0,1.0
11,6,839,51,4.0,9.0,246.0,0,1.0,5.0
11,7,1031,25,4.0,4.0,213.0,0,1.0,4.0
11,1,714,56,2.0,7.0,1797.0,1,1.0,3.0
11,2,484,28,3.0,10.0,448.0,0,1.0,10.0
11,2,651,51,4.0,7.0,397.0,0,1.0,60.0
11,2,868,83,3.0,10.0,1130.0,1,1.0,16.0
11,2,1064,60,2.0,0.0,281.0,0,1.0,2.0
11,2,1351,41,3.0,8.0,502.0,0,1.0,4.0
11,3,467,54,4.0,4.0,98.0,0,1.0,4.0
11,4,210,20,4.0,0.0,276.0,0,1.0,227.0
12,5,169,39,2.0,0.0,224.0,0,1.0,41.0
12,5,630,68,3.0,0.0,704.0,0,1.0,8.0
12,5,840,65,3.0,6.0,381.0,0,1.0,13.0
12,5,1070,72,3.0,7.0,984.0,0,1.0,35.0
12,6,568,17,4.0,0.0,140.0,0,1.0,4.0
12,6,822,18,4.0,7.0,457.0,0,1.0,24.0
12,6,1064,44,2.0,10.0,631.0,0,1.0,23.0
12,6,1368,62,3.0,6.0,1141.0,1,1.0,83.0
12,7,761,17,4.0,8.0,166.0,0,1.0,2.0
12,7,1032,43,3.0,7.0,1508.0,0,1.0,12.0
12,1,715,68,4.0,8.0,113.0,0,1.0,41.0
12,2,594,37,4.0,0.0,164.0,0,1.0,20.0
12,1,1095,72,4.0,10.0,86.0,0,1.0,7.0
12,2,789,20,4.0,0.0,253.0,0,1.0,88.0
12,2,1287,56,3.0,7.0,410.0,0,1.0,8.0
12,3,612,59,3.0,10.0,753.0,0,1.0,25.0
12,3,781,62,5.0,0.0,183.0,0,1.0,83.0
12,4,468,32,3.0,8.0,893.0,0,1.0,63.0
12,3,1410,66,2.0,0.0,917.0,0,1.0,18.0
12,4,702,46,4.0,9.0,416.0,0,1.0,41.0
12,4,955,67,3.0,7.0,606.0,0,1.0,25.0
12,5,433,29,4.0,5.0,288.0,0,1.0,16.0
12,5,660,55,5.0,0.0,281.0,1,1.0,32.0
12,5,921,78,3.0,0.0,498.0,1,1.0,31.0
12,5,1339,21,4.0,0.0,295.0,0,1.0,5.0
12,6,999,38,1.0,3.0,471.0,0,1.0,22.0
12,6,1268,35,2.0,0.0,43.0,1,1.0,10.0
12,7,462,29,4.0,4.0,103.0,0,1.0,11.0
12,7,741,33,2.0,0.0,58.0,0,1.0,9.0
12,7,1138,68,2.0,0.0,800.0,0,1.0,1.0
12,1,509,30,3.0,5.0,534.0,0,1.0,9.0
12,1,1294,55,4.0,9.0,478.0,0,1.0,406.0
12,2,482,61,4.0,6.0,118.0,0,1.0,24.0
12,2,18,30,3.0,8.0,1328.0,1,1.0,11.0
12,2,948,19,4.0,10.0,153.0,0,1.0,6.0
12,3,1167,27,4.0,7.0,268.0,0,1.0,39.0
12,4,563,22,2.0,9.0,311.0,0,1.0,10.0
12,4,854,26,4.0,9.0,363.0,0,1.0,46.0
12,4,1360,54,4.0,8.0,485.0,0,1.0,159.0
12,5,534,70,2.0,6.0,547.0,1,1.0,8.0
12,6,833,35,4.0,7.0,77.0,0,1.0,37.0
12,6,1152,58,2.0,10.0,1151.0,1,1.0,51.0
12,7,190,47,3.0,0.0,535.0,0,1.0,448.0
12,1,639,33,5.0,4.0,124.0,0,1.0,20.0
2,2,858,61,3.0,5.0,808.0,0,1.0,48.0
3,7,1168,44,1.0,4.0,100.0,1,1.0,33.0
3,5,845,51,3.0,8.0,479.0,0,1.0,12.0
6,2,648,18,2.0,10.0,279.0,0,1.0,11.0
6,2,787,4,2.0,7.0,218.0,0,1.0,32.0
6,2,1336,12,3.0,0.0,257.0,0,1.0,19.0
6,3,610,14,2.0,7.0,252.0,0,1.0,17.0
6,4,562,18,3.0,0.0,120.0,0,1.0,33.0
6,5,1081,15,2.0,10.0,139.0,0,1.0,75.0
6,2,664,10,4.0,0.0,117.0,0,1.0,16.0
6,4,1081,8,2.0,9.0,286.0,0,1.0,23.0
6,5,891,16,3.0,9.0,478.0,0,1.0,32.0
6,2,863,16,2.0,10.0,102.0,0,1.0,13.0
6,4,682,13,2.0,8.0,147.0,0,1.0,28.0
7,1,563,10,2.0,10.0,1642.0,1,1.0,12.0
11,6,390,74,3.0,0.0,441.0,1,1.0,27.0
11,1,1297,39,3.0,9.0,105.0,1,1.0,17.0
11,1,759,69,2.0,10.0,112.0,1,1.0,48.0
11,1,1034,3,4.0,0.0,143.0,0,1.0,13.0
11,6,975,68,2.0,0.0,88.0,1,1.0,25.0
11,1,454,19,3.0,0.0,162.0,0,1.0,11.0
11,7,1294,17,4.0,0.0,130.0,0,1.0,41.0
11,7,1018,63,3.0,10.0,175.0,0,1.0,16.0
11,5,628,79,2.0,0.0,169.0,1,1.0,12.0
11,5,623,38,3.0,10.0,304.0,1,1.0,19.0
11,7,691,34,4.0,6.0,74.0,0,1.0,17.0
11,6,659,71,3.0,0.0,187.0,1,1.0,47.0
11,5,1020,63,3.0,7.0,205.0,0,1.0,7.0
11,4,1132,5,4.0,0.0,139.0,0,1.0,45.0
11,4,810,51,3.0,9.0,402.0,0,1.0,109.0
11,4,579,78,4.0,0.0,93.0,0,1.0,53.0
11,7,928,77,3.0,4.0,206.0,0,1.0,110.0
11,5,1083,77,3.0,0.0,105.0,1,1.0,9.0
11,3,693,17,2.0,0.0,252.0,0,1.0,121.0
11,1,165,34,3.0,5.0,221.0,1,1.0,19.0
11,2,859,86,3.0,0.0,232.0,0,1.0,139.0
11,1,1302,61,3.0,7.0,347.0,1,1.0,46.0
11,7,403,56,2.0,10.0,435.0,1,1.0,8.0
11,1,1078,85,4.0,7.0,167.0,0,1.0,60.0
11,1,814,56,3.0,8.0,100.0,0,1.0,31.0
11,1,559,76,3.0,10.0,122.0,0,1.0,55.0
11,7,1101,48,3.0,9.0,302.0,0,1.0,80.0
11,4,944,69,3.0,0.0,45.0,1,1.0,3.0
11,7,910,3,4.0,0.0,150.0,0,1.0,60.0
11,6,999,66,4.0,5.0,163.0,0,1.0,39.0
11,6,822,72,2.0,8.0,575.0,0,1.0,73.0
11,4,255,58,2.0,7.0,68.0,1,1.0,15.0
11,6,681,50,4.0,10.0,184.0,0,1.0,30.0
11,5,1221,36,4.0,10.0,47.0,0,1.0,29.0
11,5,1010,18,4.0,0.0,122.0,0,1.0,29.0
11,5,621,37,3.0,7.0,140.0,0,1.0,29.0
11,4,705,23,3.0,9.0,189.0,0,1.0,53.0
11,3,991,46,4.0,8.0,320.0,0,1.0,30.0
11,2,922,55,2.0,5.0,293.0,1,1.0,30.0
11,3,756,31,4.0,7.0,176.0,0,1.0,26.0
11,3,428,28,4.0,8.0,75.0,0,1.0,19.0
11,2,1206,38,3.0,8.0,226.0,0,1.0,14.0
11,2,724,24,2.0,4.0,201.0,0,1.0,26.0
11,2,14,19,3.0,0.0,55.0,0,1.0,7.0
11,1,1039,44,3.0,9.0,267.0,0,1.0,30.0
11,1,781,54,2.0,0.0,175.0,0,1.0,34.0
11,7,1276,19,3.0,9.0,126.0,0,1.0,28.0
11,7,700,40,3.0,2.0,252.0,0,1.0,29.0
11,6,1424,31,3.0,2.0,183.0,0,1.0,11.0
10,2,763,67,3.0,8.0,246.0,1,1.0,14.0
11,2,300,18,4.0,5.0,119.0,0,2.0,26.0
11,2,689,81,2.0,5.0,462.0,1,2.0,29.0
11,2,937,82,3.0,0.0,489.0,1,2.0,41.0
11,2,1243,71,3.0,10.0,121.0,0,2.0,5.0
11,3,472,89,3.0,10.0,132.0,0,2.0,9.0
11,5,589,53,4.0,5.0,78.0,0,2.0,12.0
11,5,941,75,2.0,0.0,218.0,0,2.0,6.0
11,6,734,53,4.0,10.0,96.0,0,2.0,45.0
11,6,1162,39,4.0,8.0,171.0,0,2.0,58.0
11,7,347,51,4.0,5.0,116.0,0,2.0,8.0
11,7,745,68,3.0,3.0,331.0,1,2.0,13.0
11,7,1056,32,3.0,5.0,241.0,0,2.0,51.0
11,1,956,63,3.0,10.0,328.0,1,2.0,48.0
11,2,20,32,4.0,0.0,219.0,0,2.0,44.0
11,2,769,94,2.0,4.0,1414.0,1,2.0,48.0
11,2,937,51,4.0,10.0,312.0,0,2.0,107.0
11,3,668,65,2.0,10.0,1568.0,1,2.0,65.0
11,3,891,26,3.0,0.0,217.0,0,2.0,43.0
11,4,168,69,3.0,7.0,307.0,0,2.0,9.0
11,4,868,30,3.0,10.0,183.0,0,2.0,52.0
11,4,1405,26,3.0,4.0,244.0,0,2.0,47.0
12,5,588,77,3.0,0.0,583.0,1,2.0,9.0
12,5,1048,55,3.0,5.0,481.0,0,2.0,28.0
12,6,394,65,3.0,10.0,213.0,0,2.0,15.0
12,6,664,81,3.0,4.0,309.0,0,2.0,33.0
12,6,1093,71,3.0,3.0,291.0,0,2.0,75.0
12,7,25,59,3.0,10.0,467.0,0,2.0,21.0
12,7,557,88,2.0,10.0,501.0,0,2.0,10.0
12,1,145,44,2.0,4.0,1068.0,0,2.0,28.0
12,1,683,67,3.0,4.0,467.0,1,2.0,25.0
8,6,577,7,4.0,6.0,339.0,0,1.0,22.0
8,2,749,13,4.0,8.0,274.0,0,1.0,22.0
8,6,655,11,5.0,9.0,447.0,1,1.0,9.0
8,5,472,19,3.0,10.0,294.0,0,1.0,52.0
8,7,1422,9,5.0,9.0,373.0,1,1.0,41.0
8,1,819,16,3.0,6.0,143.0,0,1.0,100.0
8,6,1304,20,3.0,6.0,104.0,0,1.0,56.0
8,6,785,4,3.0,7.0,99.0,0,1.0,28.0
8,1,242,6,5.0,10.0,162.0,1,1.0,0.0
8,7,973,7,3.0,7.0,192.0,0,1.0,65.0
8,5,617,20,3.0,0.0,147.0,0,1.0,42.0
8,1,793,19,3.0,6.0,205.0,0,1.0,0.0
8,7,862,15,4.0,7.0,206.0,0,1.0,66.0
8,7,567,12,4.0,8.0,234.0,0,1.0,21.0
8,1,610,12,3.0,7.0,140.0,0,1.0,50.0
8,1,258,4,4.0,7.0,435.0,0,1.0,0.0
8,2,262,19,3.0,7.0,175.0,0,1.0,76.0
8,4,641,11,3.0,5.0,162.0,0,1.0,35.0
8,1,1011,11,3.0,6.0,189.0,0,1.0,65.0
8,5,174,16,3.0,6.0,186.0,0,1.0,23.0
8,7,1186,2,3.0,5.0,520.0,0,1.0,3.0
12,2,12,26,0.0,0.0,107.0,0,1.0,29.0
4,4,889,23,3.0,10.0,39.0,0,1.0,12.0
2,6,865,45,3.0,0.0,269.0,1,2.0,52.0
1,5,626,75,3.0,0.0,171.0,1,2.0,18.0
1,6,1004,37,4.0,0.0,125.0,0,2.0,93.0
1,3,389,57,3.0,0.0,299.0,0,2.0,42.0
1,2,362,23,4.0,0.0,37.0,0,2.0,5.0
2,3,1410,14,3.0,0.0,130.0,0,2.0,50.0
1,4,764,63,4.0,0.0,166.0,0,2.0,76.0
1,6,1091,82,3.0,5.0,199.0,0,2.0,34.0
2,7,947,41,3.0,3.0,88.0,0,2.0,5.0
1,7,843,38,3.0,0.0,239.0,0,2.0,75.0
1,7,143,76,2.0,8.0,194.0,0,2.0,21.0
1,3,957,49,3.0,8.0,237.0,1,2.0,65.0
1,1,91,81,3.0,0.0,95.0,0,2.0,3.0
2,5,931,61,3.0,3.0,139.0,0,2.0,26.0
2,5,575,77,4.0,0.0,54.0,0,2.0,17.0
1,2,1139,56,3.0,0.0,141.0,1,2.0,7.0
2,1,1213,56,3.0,5.0,100.0,0,2.0,6.0
2,7,1358,41,3.0,7.0,121.0,0,2.0,24.0
2,3,835,63,3.0,0.0,119.0,0,2.0,59.0
2,3,586,61,3.0,7.0,173.0,1,2.0,8.0
2,6,1140,66,3.0,8.0,116.0,0,2.0,37.0
1,2,648,94,4.0,0.0,293.0,0,2.0,30.0
1,5,844,63,3.0,5.0,240.0,0,2.0,54.0
2,4,199,69,4.0,0.0,76.0,0,2.0,20.0
2,7,659,27,3.0,1.0,338.0,0,2.0,32.0
2,1,276,82,3.0,0.0,86.0,0,2.0,2.0
2,5,102,68,3.0,10.0,136.0,0,2.0,12.0
1,2,1001,8,4.0,0.0,96.0,0,2.0,35.0
1,2,120,86,2.0,7.0,180.0,0,2.0,21.0
2,2,507,70,3.0,8.0,246.0,0,2.0,11.0
2,4,767,94,3.0,0.0,121.0,0,2.0,13.0
1,2,699,28,3.0,8.0,61.0,0,2.0,32.0
1,3,728,89,3.0,8.0,250.0,1,2.0,26.0
1,6,554,20,4.0,5.0,453.0,0,2.0,6.0
1,2,1253,34,3.0,0.0,232.0,0,2.0,58.0
2,5,1244,66,3.0,5.0,63.0,0,2.0,31.0
1,3,1259,25,3.0,0.0,98.0,0,2.0,30.0
1,6,491,57,4.0,3.0,100.0,0,2.0,53.0
2,1,927,63,3.0,8.0,275.0,1,2.0,14.0
2,3,1066,94,3.0,0.0,209.0,1,2.0,27.0
2,5,908,86,3.0,0.0,250.0,1,2.0,21.0
2,7,1145,61,3.0,2.0,142.0,1,2.0,30.0
2,1,900,78,2.0,0.0,215.0,1,2.0,9.0
2,6,644,80,3.0,6.0,354.0,0,2.0,222.0
2,5,144,30,4.0,0.0,52.0,0,2.0,16.0
2,4,1024,79,3.0,0.0,112.0,0,2.0,6.0
2,7,242,82,3.0,0.0,103.0,1,2.0,5.0
2,3,648,41,3.0,0.0,91.0,0,2.0,31.0
2,6,766,58,3.0,8.0,436.0,1,2.0,16.0
2,3,288,41,3.0,6.0,96.0,0,2.0,15.0
2,2,824,66,3.0,3.0,51.0,0,2.0,22.0
2,1,634,85,2.0,0.0,1259.0,0,2.0,33.0
2,6,307,89,2.0,0.0,90.0,1,2.0,12.0
2,7,789,34,3.0,10.0,121.0,0,2.0,10.0
2,5,1197,93,3.0,0.0,90.0,0,2.0,29.0
2,4,1061,21,4.0,0.0,422.0,0,2.0,128.0
2,4,850,27,3.0,4.0,375.0,0,2.0,154.0
2,4,589,68,2.0,0.0,210.0,0,2.0,30.0
2,4,1077,63,3.0,7.0,378.0,0,2.0,74.0
1,4,562,92,3.0,0.0,543.0,1,2.0,50.0
1,2,1187,83,3.0,10.0,203.0,0,2.0,31.0
1,2,759,67,3.0,6.0,234.0,0,2.0,21.0
1,1,1025,45,3.0,8.0,130.0,0,2.0,5.0
1,7,557,11,4.0,0.0,78.0,0,2.0,65.0
1,5,986,87,3.0,0.0,436.0,0,2.0,44.0
1,5,756,50,3.0,6.0,508.0,0,2.0,40.0
1,3,670,18,3.0,7.0,104.0,0,2.0,79.0
1,1,690,63,3.0,0.0,281.0,0,2.0,46.0
1,7,1012,72,3.0,0.0,212.0,0,2.0,12.0
1,7,744,22,3.0,7.0,146.0,0,2.0,14.0
1,7,635,85,3.0,0.0,120.0,1,2.0,25.0
1,6,804,64,3.0,0.0,395.0,0,2.0,102.0
1,4,1122,75,4.0,10.0,120.0,0,2.0,18.0
1,4,827,62,3.0,10.0,222.0,0,2.0,71.0
1,3,973,56,3.0,3.0,57.0,1,2.0,4.0
1,2,840,83,3.0,0.0,156.0,0,2.0,14.0
8,2,1422,55,3.0,0.0,246.0,0,1.0,68.0
8,2,1258,3,5.0,0.0,100.0,0,1.0,22.0
8,2,587,31,3.0,3.0,133.0,0,1.0,119.0
8,3,758,16,3.0,0.0,384.0,0,1.0,27.0
8,3,1148,27,3.0,10.0,77.0,0,1.0,40.0
8,4,484,36,2.0,10.0,432.0,0,1.0,0.0
8,4,1302,38,4.0,0.0,157.0,0,1.0,75.0
8,4,808,58,2.0,7.0,158.0,0,1.0,72.0
8,5,1090,32,3.0,0.0,52.0,0,1.0,2.0
8,5,497,58,3.0,0.0,100.0,0,1.0,21.0
8,5,754,80,3.0,5.0,204.0,0,1.0,25.0
8,6,1017,16,3.0,10.0,356.0,0,1.0,7.0
8,6,183,29,3.0,7.0,104.0,0,1.0,9.0
8,7,138,52,4.0,5.0,282.0,0,1.0,2.0
8,1,795,52,3.0,0.0,162.0,0,1.0,132.0
8,1,805,9,4.0,3.0,89.0,0,1.0,29.0
8,2,839,44,3.0,4.0,266.0,0,1.0,79.0
8,2,107,33,3.0,8.0,193.0,0,1.0,0.0
8,2,521,20,3.0,7.0,239.0,0,1.0,4.0
8,3,637,38,3.0,8.0,190.0,0,1.0,1.0
8,3,1168,28,3.0,3.0,69.0,0,1.0,5.0
8,3,1174,21,3.0,0.0,272.0,0,1.0,2.0
8,4,860,22,4.0,10.0,301.0,0,1.0,91.0
8,5,726,64,3.0,6.0,363.0,0,1.0,4.0
8,6,1035,11,4.0,6.0,111.0,0,1.0,36.0
8,6,587,25,3.0,6.0,288.0,0,1.0,0.0
8,7,223,82,3.0,5.0,315.0,0,1.0,1.0
8,7,724,34,3.0,8.0,176.0,0,1.0,2.0
8,7,773,9,4.0,6.0,162.0,0,1.0,7.0
8,1,341,27,4.0,8.0,216.0,0,1.0,25.0
8,2,1346,7,4.0,0.0,248.0,0,1.0,99.0
8,2,1156,16,4.0,6.0,498.0,0,1.0,55.0
8,2,1121,24,3.0,0.0,188.0,0,1.0,79.0
8,4,1250,60,4.0,8.0,49.0,0,1.0,16.0
8,4,695,16,3.0,4.0,156.0,0,1.0,19.0
8,5,1054,44,3.0,0.0,190.0,0,1.0,29.0
8,6,755,51,4.0,9.0,225.0,0,1.0,50.0
8,7,1038,45,4.0,6.0,130.0,0,1.0,10.0
8,7,1280,58,3.0,0.0,172.0,0,1.0,0.0
8,1,1423,11,4.0,0.0,23.0,0,1.0,8.0
8,2,179,49,3.0,4.0,159.0,0,1.0,0.0
8,2,482,46,3.0,7.0,157.0,0,1.0,12.0
8,3,155,21,3.0,10.0,125.0,0,1.0,5.0
8,3,1238,46,4.0,0.0,232.0,0,1.0,64.0
8,4,170,21,4.0,9.0,122.0,0,1.0,6.0
8,5,1331,14,4.0,1.0,139.0,0,1.0,25.0
8,6,1151,74,3.0,10.0,152.0,0,1.0,9.0
8,6,691,9,4.0,0.0,59.0,0,1.0,15.0
8,7,354,75,3.0,4.0,145.0,0,1.0,24.0
8,7,742,43,3.0,10.0,276.0,0,1.0,15.0
8,1,1167,79,3.0,0.0,228.0,0,1.0,2.0
8,2,1163,21,3.0,0.0,185.0,0,1.0,2.0
8,3,1075,32,3.0,8.0,285.0,0,1.0,99.0
8,3,696,41,3.0,10.0,159.0,0,1.0,74.0
8,4,1142,72,4.0,10.0,283.0,0,1.0,179.0
8,4,630,61,5.0,4.0,88.0,0,1.0,26.0
8,5,534,14,4.0,5.0,153.0,0,1.0,12.0
8,6,699,12,3.0,7.0,258.0,0,1.0,58.0
8,7,1176,54,3.0,6.0,179.0,0,1.0,17.0
8,1,1321,10,4.0,0.0,114.0,0,1.0,80.0
8,3,1104,13,3.0,10.0,263.0,0,1.0,10.0
8,4,1357,29,4.0,7.0,199.0,0,1.0,17.0
8,5,1203,38,4.0,8.0,118.0,0,1.0,102.0
8,6,1115,26,3.0,2.0,245.0,0,1.0,2.0
8,7,535,60,4.0,8.0,48.0,0,1.0,11.0
8,1,951,17,4.0,5.0,132.0,0,1.0,15.0
6,3,1360,49,2.0,6.0,177.0,0,2.0,0.0
6,3,337,34,1.0,8.0,67.0,0,2.0,22.0
6,6,352,50,2.0,0.0,2972.0,1,2.0,1.0
6,6,733,67,2.0,6.0,153.0,0,2.0,12.0
6,7,1154,74,4.0,0.0,116.0,0,2.0,1.0
6,1,638,50,4.0,5.0,43.0,0,2.0,8.0
6,1,671,60,2.0,6.0,76.0,0,2.0,27.0
6,2,621,71,3.0,10.0,100.0,0,2.0,6.0
6,2,934,19,3.0,4.0,69.0,0,2.0,27.0
6,2,1289,58,4.0,0.0,131.0,0,2.0,46.0
6,2,543,65,3.0,0.0,158.0,0,2.0,11.0
6,3,644,18,3.0,0.0,66.0,0,2.0,4.0
6,3,966,34,4.0,7.0,143.0,0,2.0,25.0
6,3,1295,11,3.0,3.0,93.0,0,2.0,9.0
6,3,571,51,4.0,8.0,74.0,0,2.0,13.0
6,4,641,6,3.0,9.0,182.0,0,2.0,25.0
6,2,499,33,3.0,7.0,81.0,0,2.0,17.0
6,4,1181,32,4.0,9.0,43.0,0,2.0,11.0
6,3,230,51,3.0,5.0,261.0,0,2.0,7.0
6,5,1008,20,4.0,6.0,167.0,0,2.0,42.0
6,6,440,90,2.0,6.0,498.0,0,2.0,1.0
6,6,1250,24,4.0,8.0,74.0,0,2.0,8.0
6,6,1113,29,3.0,4.0,153.0,0,2.0,4.0
6,7,755,33,3.0,7.0,128.0,0,2.0,9.0
6,7,1243,39,4.0,10.0,72.0,0,2.0,5.0
6,7,1422,32,4.0,8.0,40.0,0,2.0,22.0
6,1,263,19,3.0,8.0,133.0,0,2.0,1.0
6,1,818,66,2.0,10.0,99.0,0,2.0,7.0
6,1,1194,66,4.0,0.0,81.0,0,2.0,2.0
6,1,1188,9,4.0,8.0,117.0,0,2.0,7.0
6,2,737,34,3.0,9.0,68.0,0,2.0,8.0
6,2,1109,28,3.0,9.0,236.0,0,2.0,26.0
6,2,1225,25,4.0,8.0,142.0,0,2.0,69.0
6,3,677,56,4.0,5.0,77.0,0,2.0,13.0
6,3,1003,80,3.0,5.0,88.0,0,2.0,8.0
6,3,1163,10,3.0,9.0,96.0,0,2.0,0.0
6,4,747,49,3.0,10.0,73.0,0,2.0,20.0
6,4,859,37,5.0,6.0,71.0,0,2.0,11.0
6,4,1091,19,4.0,7.0,143.0,0,2.0,12.0
6,5,462,21,3.0,7.0,33.0,0,2.0,13.0
6,5,1283,64,4.0,10.0,54.0,0,2.0,3.0
6,6,915,37,3.0,8.0,171.0,0,2.0,6.0
6,6,1301,36,4.0,7.0,83.0,0,2.0,8.0
6,7,500,54,4.0,10.0,150.0,0,2.0,5.0
6,7,962,5,4.0,8.0,96.0,0,2.0,8.0
6,1,833,18,4.0,7.0,101.0,0,2.0,6.0
6,1,1132,77,4.0,5.0,110.0,0,2.0,8.0
6,1,301,43,4.0,5.0,24.0,0,2.0,14.0
6,2,732,59,4.0,10.0,55.0,0,2.0,6.0
6,2,305,10,4.0,6.0,45.0,0,2.0,4.0
6,2,947,24,4.0,7.0,160.0,0,2.0,13.0
6,3,951,21,4.0,8.0,53.0,0,2.0,8.0
10,4,65,62,2.0,6.0,45.0,0,2.0,12.0
10,6,670,67,3.0,7.0,255.0,0,2.0,110.0
10,6,840,63,3.0,10.0,138.0,0,2.0,90.0
10,3,800,70,4.0,9.0,170.0,0,2.0,156.0
10,6,925,51,3.0,0.0,95.0,0,2.0,85.0
2,2,638,46,3.0,4.0,577.0,0,1.0,8.0
2,2,1210,71,3.0,7.0,828.0,0,1.0,28.0
2,3,220,34,4.0,4.0,462.0,0,1.0,11.0
2,3,643,29,2.0,1.0,1297.0,0,1.0,5.0
2,3,964,50,4.0,7.0,138.0,0,1.0,21.0
2,4,450,42,3.0,10.0,648.0,0,1.0,33.0
2,4,893,23,4.0,7.0,944.0,0,1.0,6.0
2,5,107,58,5.0,10.0,817.0,0,1.0,13.0
2,5,610,29,4.0,8.0,192.0,0,1.0,4.0
2,5,1069,36,4.0,8.0,541.0,0,1.0,5.0
2,6,557,74,3.0,0.0,308.0,0,1.0,7.0
2,6,785,52,3.0,4.0,651.0,0,1.0,7.0
2,6,1102,80,2.0,4.0,132.0,0,1.0,28.0
2,7,725,19,3.0,10.0,654.0,0,1.0,44.0
2,1,511,39,4.0,10.0,265.0,0,1.0,8.0
2,1,912,51,3.0,2.0,178.0,0,1.0,3.0
2,1,1272,81,3.0,8.0,663.0,0,1.0,10.0
2,2,529,70,2.0,0.0,126.0,0,1.0,6.0
2,2,767,35,4.0,8.0,151.0,0,1.0,11.0
2,2,988,54,3.0,0.0,186.0,0,1.0,27.0
2,3,870,63,3.0,0.0,456.0,0,1.0,47.0
2,3,1126,44,2.0,0.0,2832.0,0,1.0,110.0
2,4,184,60,3.0,8.0,833.0,0,1.0,14.0
2,4,1220,57,3.0,8.0,990.0,0,1.0,10.0
2,5,132,32,4.0,6.0,670.0,0,1.0,8.0
2,6,688,49,3.0,2.0,444.0,0,1.0,6.0
2,7,1143,22,5.0,0.0,378.0,0,1.0,12.0
2,1,43,31,3.0,10.0,385.0,0,1.0,136.0
2,1,642,34,4.0,0.0,364.0,0,1.0,14.0
2,2,308,67,2.0,0.0,523.0,0,1.0,8.0
2,2,765,20,5.0,7.0,175.0,0,1.0,47.0
2,2,1020,62,4.0,10.0,1263.0,0,1.0,21.0
2,2,1344,51,3.0,8.0,795.0,0,1.0,19.0
3,3,830,38,3.0,8.0,107.0,0,1.0,1.0
3,3,1054,37,5.0,0.0,963.0,0,1.0,4.0
3,5,264,29,3.0,8.0,522.0,0,1.0,7.0
3,5,799,62,2.0,2.0,292.0,0,1.0,39.0
3,6,541,29,3.0,2.0,607.0,0,1.0,14.0
3,6,918,41,2.0,0.0,1027.0,0,1.0,167.0
3,6,1254,41,4.0,0.0,848.0,0,1.0,27.0
3,7,822,49,4.0,8.0,215.0,0,1.0,49.0
3,7,1085,53,2.0,0.0,1842.0,0,1.0,92.0
3,7,1393,29,5.0,9.0,293.0,0,1.0,196.0
3,3,0,29,4.0,7.0,338.0,0,1.0,19.0
3,3,624,48,3.0,2.0,723.0,0,1.0,34.0
3,3,1187,31,4.0,0.0,143.0,0,1.0,13.0
3,4,369,23,4.0,9.0,597.0,0,1.0,192.0
3,6,594,45,4.0,0.0,342.0,0,1.0,13.0
3,6,832,49,5.0,0.0,49.0,0,1.0,6.0
3,6,1121,84,3.0,0.0,331.0,0,1.0,8.0
3,7,62,18,3.0,0.0,288.0,0,1.0,13.0
3,7,1051,53,4.0,9.0,210.0,0,1.0,10.0
3,7,1368,42,3.0,10.0,452.0,0,1.0,15.0
3,1,659,37,3.0,0.0,346.0,0,1.0,11.0
3,1,958,69,4.0,7.0,127.0,0,1.0,10.0
2,2,1051,0,5.0,0.0,226.0,0,1.0,29.0
2,2,1170,11,3.0,9.0,436.0,0,1.0,46.0
2,5,1166,13,4.0,5.0,66.0,0,1.0,51.0
2,6,619,5,4.0,0.0,158.0,0,1.0,19.0
2,1,1404,3,4.0,0.0,233.0,0,1.0,28.0
3,2,830,5,4.0,0.0,79.0,0,1.0,39.0
3,3,20,1,4.0,0.0,87.0,0,1.0,42.0
10,2,192,49,3.0,7.0,213.0,0,1.0,8.0
10,2,568,59,2.0,9.0,757.0,0,1.0,12.0
10,2,500,51,4.0,10.0,591.0,0,1.0,10.0
10,2,744,94,3.0,0.0,121.0,0,1.0,25.0
10,3,1062,19,3.0,8.0,1613.0,0,1.0,18.0
10,3,1420,49,1.0,0.0,165.0,0,1.0,20.0
10,3,766,49,4.0,8.0,161.0,0,1.0,15.0
10,3,1390,48,5.0,10.0,111.0,0,1.0,15.0
10,4,857,20,3.0,5.0,68.0,0,1.0,8.0
10,4,1050,21,3.0,6.0,264.0,1,1.0,15.0
10,4,1129,53,4.0,4.0,368.0,0,1.0,56.0
10,5,202,21,4.0,6.0,143.0,0,1.0,28.0
10,5,610,74,3.0,3.0,130.0,0,1.0,28.0
10,6,475,62,2.0,10.0,1326.0,0,1.0,14.0
10,6,631,75,3.0,5.0,802.0,0,1.0,24.0
10,6,879,40,4.0,4.0,763.0,0,1.0,47.0
10,7,1247,18,3.0,6.0,131.0,0,1.0,8.0
10,7,507,23,3.0,6.0,714.0,0,1.0,29.0
10,7,836,17,4.0,7.0,74.0,0,1.0,4.0
10,7,1013,68,4.0,5.0,157.0,0,1.0,12.0
10,1,1251,22,4.0,7.0,149.0,0,1.0,4.0
10,2,1192,21,4.0,9.0,168.0,0,1.0,23.0
10,2,20,17,3.0,8.0,40.0,0,1.0,16.0
10,2,1070,62,3.0,5.0,225.0,0,1.0,10.0
10,2,1380,13,3.0,0.0,191.0,0,1.0,15.0
11,3,1380,34,3.0,5.0,191.0,0,1.0,16.0
11,3,500,51,4.0,10.0,238.0,0,1.0,10.0
11,3,20,40,2.0,10.0,234.0,1,1.0,40.0
11,3,185,91,3.0,0.0,138.0,0,1.0,15.0
11,4,722,36,4.0,5.0,62.0,0,1.0,8.0
11,4,933,88,2.0,10.0,142.0,0,1.0,12.0
11,4,785,80,5.0,0.0,150.0,0,1.0,26.0
11,4,1185,72,2.0,0.0,180.0,1,1.0,15.0
11,5,684,67,1.0,8.0,131.0,0,1.0,6.0
11,5,644,19,4.0,8.0,337.0,0,1.0,19.0
11,5,1050,77,3.0,8.0,158.0,0,1.0,31.0
11,6,1182,79,1.0,10.0,380.0,1,1.0,24.0
11,7,722,36,2.0,5.0,717.0,0,1.0,18.0
11,7,136,59,2.0,10.0,1338.0,0,1.0,14.0
11,7,577,13,5.0,7.0,644.0,0,1.0,62.0
11,1,1062,32,4.0,5.0,188.0,0,1.0,25.0
11,1,663,35,4.0,8.0,356.0,0,1.0,12.0
11,2,1024,75,3.0,0.0,95.0,0,1.0,5.0
11,2,1145,47,3.0,7.0,230.0,0,1.0,10.0
11,2,305,27,3.0,8.0,1455.0,0,1.0,20.0
11,2,905,23,2.0,10.0,257.0,1,1.0,20.0
11,2,933,65,3.0,10.0,372.0,0,1.0,55.0
11,3,1045,71,4.0,8.0,25.0,0,1.0,0.0
11,3,125,32,3.0,9.0,280.0,1,1.0,10.0
11,3,725,53,2.0,10.0,677.0,1,1.0,20.0
11,3,665,31,2.0,10.0,485.0,0,1.0,15.0
11,4,675,62,4.0,0.0,240.0,0,1.0,10.0
11,5,664,35,2.0,10.0,171.0,0,1.0,36.0
11,5,243,82,2.0,7.0,619.0,0,1.0,17.0
11,5,930,88,3.0,9.0,254.0,0,1.0,25.0
11,5,903,77,5.0,0.0,272.0,0,1.0,22.0
11,6,1194,71,2.0,0.0,176.0,0,1.0,6.0
11,6,710,61,2.0,10.0,360.0,0,1.0,20.0
11,6,1380,12,4.0,0.0,205.0,0,1.0,15.0
11,6,482,50,3.0,10.0,628.0,0,1.0,18.0
11,6,786,48,3.0,9.0,129.0,0,1.0,40.0
11,6,1172,33,3.0,7.0,103.0,0,1.0,2.0
11,7,713,67,3.0,0.0,457.0,0,1.0,312.0
11,7,1311,94,2.0,8.0,128.0,0,1.0,19.0
11,7,630,78,5.0,0.0,347.0,0,1.0,27.0
11,7,519,23,4.0,10.0,206.0,1,1.0,19.0
11,1,20,16,3.0,10.0,101.0,0,1.0,25.0
11,1,654,16,3.0,10.0,569.0,0,1.0,16.0
11,2,1053,68,3.0,9.0,148.0,0,1.0,22.0
11,3,475,62,3.0,9.0,25.0,0,1.0,14.0
11,4,631,57,3.0,10.0,574.0,0,1.0,34.0
11,5,1247,18,3.0,7.0,143.0,0,1.0,1.0
8,4,1074,29,4.0,4.0,132.0,0,1.0,10.0
8,5,687,50,3.0,10.0,305.0,0,1.0,13.0
8,7,625,83,3.0,0.0,276.0,1,1.0,9.0
8,1,354,86,3.0,4.0,66.0,0,1.0,8.0
8,1,1140,58,3.0,0.0,210.0,0,1.0,11.0
8,2,705,40,4.0,0.0,90.0,0,1.0,11.0
8,2,1406,33,3.0,8.0,299.0,0,1.0,18.0
8,3,906,31,4.0,7.0,110.0,0,1.0,101.0
8,4,641,25,3.0,0.0,122.0,1,1.0,72.0
8,5,865,52,4.0,0.0,270.0,1,1.0,9.0
8,6,1115,31,3.0,1.0,235.0,0,1.0,54.0
8,7,700,78,4.0,0.0,94.0,0,1.0,38.0
8,1,445,49,4.0,7.0,76.0,0,1.0,3.0
8,3,1043,38,3.0,10.0,237.0,0,1.0,13.0
8,4,669,30,3.0,7.0,431.0,1,1.0,27.0
8,4,1353,48,3.0,0.0,83.0,0,1.0,5.0
8,7,859,46,4.0,0.0,59.0,0,1.0,12.0
8,1,1314,21,3.0,8.0,92.0,0,1.0,4.0
8,3,421,63,3.0,0.0,389.0,0,1.0,2.0
8,3,1095,56,2.0,7.0,210.0,0,1.0,1.0
8,5,975,58,4.0,0.0,43.0,0,1.0,6.0
8,6,563,58,4.0,0.0,42.0,0,1.0,6.0
8,6,1250,17,3.0,7.0,168.0,0,1.0,14.0
8,7,1025,17,4.0,0.0,46.0,0,1.0,22.0
8,1,793,72,3.0,10.0,121.0,1,1.0,3.0
8,5,1083,23,4.0,5.0,63.0,0,1.0,14.0
8,6,570,53,4.0,5.0,122.0,0,1.0,2.0
8,6,1107,46,3.0,8.0,165.0,0,1.0,34.0
8,2,518,67,3.0,0.0,96.0,0,1.0,88.0
8,2,1183,29,4.0,7.0,51.0,0,1.0,3.0
8,5,863,49,4.0,8.0,131.0,0,1.0,22.0
8,7,1125,4,4.0,0.0,104.0,0,1.0,30.0
8,1,805,60,4.0,0.0,61.0,0,1.0,3.0
8,2,1028,30,4.0,7.0,64.0,0,1.0,4.0
8,4,722,34,3.0,8.0,112.0,0,1.0,3.0
8,7,336,34,3.0,0.0,43.0,0,1.0,6.0
8,1,512,37,4.0,0.0,55.0,0,1.0,9.0
8,4,516,37,4.0,6.0,36.0,0,1.0,23.0
8,5,1223,19,3.0,4.0,138.0,0,1.0,7.0
8,6,948,40,3.0,7.0,127.0,0,1.0,8.0
8,7,958,24,4.0,0.0,99.0,0,1.0,6.0
8,1,493,0,4.0,0.0,51.0,0,1.0,3.0
8,1,1178,48,3.0,0.0,291.0,0,1.0,26.0
8,2,480,31,4.0,9.0,79.0,0,1.0,0.0
8,2,1187,41,2.0,6.0,1334.0,1,1.0,21.0
8,3,632,61,5.0,0.0,48.0,0,1.0,9.0
8,4,862,70,3.0,0.0,129.0,1,1.0,6.0
8,5,1083,23,4.0,5.0,63.0,0,1.0,14.0
8,2,6,45,3.0,0.0,170.0,0,1.0,2.0
8,3,145,31,4.0,0.0,115.0,0,1.0,5.0
8,4,473,28,4.0,6.0,63.0,0,1.0,4.0
8,5,445,38,3.0,4.0,60.0,0,1.0,4.0
8,6,511,30,4.0,0.0,46.0,0,1.0,3.0
8,7,593,67,3.0,8.0,153.0,0,1.0,4.0
8,1,643,6,3.0,0.0,151.0,0,1.0,5.0
8,2,789,72,3.0,6.0,213.0,0,1.0,6.0
8,3,643,2,4.0,0.0,18.0,0,1.0,2.0
8,4,553,28,4.0,0.0,70.0,0,1.0,2.0
8,6,710,12,4.0,2.0,71.0,0,1.0,3.0
8,2,981,79,3.0,7.0,1328.0,0,1.0,14.0
8,3,1056,30,3.0,8.0,122.0,0,1.0,9.0
8,5,1154,72,4.0,0.0,168.0,0,1.0,12.0
8,6,1180,48,4.0,0.0,75.0,0,1.0,8.0
8,2,1378,14,3.0,0.0,65.0,0,1.0,2.0
8,3,1121,4,4.0,0.0,110.0,0,1.0,12.0
8,4,895,4,4.0,0.0,42.0,0,1.0,4.0
8,5,620,1,4.0,0.0,98.0,0,1.0,1.0
8,5,1295,13,4.0,0.0,136.0,0,1.0,32.0
8,6,1094,20,4.0,0.0,108.0,0,1.0,15.0
8,7,898,41,4.0,0.0,86.0,0,1.0,8.0
8,1,787,54,4.0,0.0,87.0,0,1.0,8.0
8,2,708,72,3.0,0.0,2776.0,0,1.0,11.0
8,3,764,9,4.0,0.0,238.0,0,1.0,18.0
8,3,1090,11,4.0,4.0,164.0,0,1.0,120.0
8,4,951,45,3.0,7.0,156.0,0,1.0,2.0
8,5,965,74,2.0,7.0,107.0,0,1.0,17.0
8,6,735,8,4.0,3.0,87.0,0,1.0,13.0
8,7,1229,22,4.0,0.0,66.0,0,1.0,26.0
8,1,861,3,4.0,0.0,84.0,0,1.0,16.0
8,2,365,51,4.0,8.0,68.0,0,1.0,29.0
8,2,949,25,3.0,0.0,134.0,0,1.0,10.0
8,3,191,45,2.0,0.0,269.0,0,1.0,3.0
8,3,922,56,4.0,0.0,156.0,0,1.0,8.0
8,4,555,50,4.0,8.0,40.0,0,1.0,20.0
8,4,1016,60,3.0,6.0,177.0,1,1.0,2.0
8,5,538,31,2.0,0.0,245.0,0,1.0,4.0
8,5,1006,24,4.0,0.0,160.0,0,1.0,32.0
8,6,681,9,4.0,10.0,97.0,0,1.0,2.0
8,6,1310,5,4.0,2.0,77.0,0,1.0,9.0
8,7,143,47,3.0,0.0,117.0,0,1.0,4.0
8,1,692,30,4.0,0.0,163.0,0,1.0,27.0
8,1,1274,71,2.0,0.0,977.0,1,1.0,0.0
8,2,707,4,4.0,0.0,136.0,0,1.0,46.0
8,2,1194,15,3.0,0.0,102.0,0,1.0,27.0
8,3,711,4,4.0,0.0,117.0,0,1.0,14.0
8,3,1150,49,2.0,10.0,836.0,1,1.0,19.0
8,4,782,8,4.0,0.0,127.0,0,1.0,20.0
8,4,1269,33,2.0,0.0,109.0,1,1.0,5.0
8,5,787,35,3.0,0.0,151.0,0,1.0,76.0
8,5,1281,39,3.0,0.0,68.0,0,1.0,3.0
8,6,683,61,3.0,0.0,555.0,0,1.0,124.0
8,6,1192,15,3.0,0.0,139.0,0,1.0,5.0
8,7,865,40,3.0,4.0,258.0,1,1.0,25.0
8,1,573,69,5.0,0.0,28.0,0,1.0,12.0
8,1,1034,47,4.0,3.0,178.0,0,1.0,74.0
8,2,552,55,4.0,4.0,47.0,0,1.0,3.0
8,2,949,31,2.0,5.0,30.0,0,1.0,8.0
8,3,484,13,4.0,0.0,98.0,0,1.0,9.0
8,3,873,24,4.0,0.0,63.0,0,1.0,15.0
8,4,226,79,4.0,0.0,255.0,0,1.0,5.0
8,4,1019,15,4.0,3.0,131.0,0,1.0,4.0
8,5,1060,3,4.0,0.0,110.0,0,1.0,18.0
8,6,659,54,4.0,3.0,108.0,0,1.0,14.0
8,6,1265,15,4.0,6.0,74.0,0,1.0,2.0
8,7,738,34,4.0,5.0,119.0,0,1.0,12.0
8,7,1264,7,4.0,0.0,93.0,0,1.0,21.0
8,1,719,30,4.0,8.0,127.0,0,1.0,21.0
8,1,1252,51,1.0,0.0,234.0,0,1.0,2.0
6,4,238,64,5.0,0.0,128.0,0,1.0,82.0
6,3,600,40,5.0,0.0,190.0,0,1.0,13.0
6,4,1408,38,4.0,0.0,339.0,0,1.0,35.0
6,3,1025,50,5.0,0.0,97.0,0,1.0,5.0
6,4,1306,29,5.0,10.0,279.0,0,1.0,2.0
6,4,1327,4,3.0,0.0,127.0,0,1.0,54.0
6,3,1324,42,4.0,0.0,125.0,0,1.0,60.0
6,4,1402,6,3.0,0.0,101.0,0,1.0,35.0
6,4,356,61,4.0,0.0,127.0,0,1.0,91.0
6,3,574,31,4.0,3.0,121.0,0,1.0,3.0
6,3,716,1,3.0,0.0,68.0,0,1.0,23.0
6,3,1109,11,4.0,0.0,209.0,0,1.0,41.0
6,4,1399,49,3.0,10.0,154.0,0,1.0,24.0
6,6,1218,69,5.0,10.0,366.0,0,1.0,112.0
6,4,512,24,4.0,0.0,90.0,0,1.0,64.0
6,5,562,79,3.0,8.0,105.0,0,1.0,26.0
6,4,685,73,4.0,3.0,99.0,0,1.0,28.0
6,1,390,48,3.0,10.0,64.0,0,1.0,45.0
6,3,954,35,4.0,0.0,105.0,0,1.0,40.0
6,5,1300,25,4.0,0.0,219.0,0,1.0,131.0
6,6,11,40,3.0,7.0,210.0,0,1.0,133.0
6,7,879,58,4.0,9.0,137.0,0,1.0,40.0
6,3,1194,23,3.0,8.0,51.0,0,1.0,38.0
6,5,1231,57,4.0,2.0,185.0,0,1.0,61.0
7,6,987,43,4.0,7.0,107.0,0,1.0,33.0
7,7,1248,70,3.0,6.0,312.0,0,1.0,28.0
7,7,1118,39,3.0,5.0,205.0,0,1.0,26.0
7,1,71,48,3.0,9.0,360.0,0,1.0,70.0
7,1,837,23,3.0,10.0,150.0,0,1.0,67.0
6,4,1071,29,4.0,8.0,83.0,0,1.0,60.0
6,4,790,54,3.0,0.0,183.0,1,1.0,12.0
6,3,1336,29,3.0,7.0,69.0,0,1.0,12.0
6,5,591,75,3.0,0.0,246.0,1,1.0,12.0
6,3,1241,26,0.0,8.0,150.0,0,1.0,36.0
8,5,1103,28,0.0,0.0,225.0,0,1.0,9.0
8,7,1170,29,0.0,0.0,201.0,0,1.0,15.0
8,4,838,69,0.0,0.0,105.0,0,1.0,22.0
5,2,770,94,3.0,0.0,404.0,1,1.0,23.0
5,2,384,83,2.0,0.0,545.0,1,1.0,11.0
6,7,884,51,2.0,0.0,431.0,1,1.0,11.0
5,4,529,80,2.0,6.0,393.0,1,1.0,0.0
5,1,459,81,2.0,8.0,517.0,1,1.0,1.0
5,2,1220,6,5.0,0.0,164.0,0,1.0,59.0
5,3,964,49,3.0,9.0,340.0,0,1.0,1.0
5,4,558,63,3.0,8.0,551.0,1,1.0,1.0
5,1,623,50,2.0,0.0,1934.0,0,1.0,4.0
6,6,1151,87,2.0,0.0,342.0,1,1.0,4.0
5,2,929,40,3.0,10.0,214.0,0,1.0,84.0
5,2,855,72,3.0,8.0,681.0,1,1.0,0.0
5,2,353,14,3.0,4.0,360.0,0,1.0,4.0
5,3,1227,23,3.0,0.0,248.0,0,1.0,23.0
5,4,29,4,4.0,10.0,174.0,0,1.0,27.0
6,6,1403,86,3.0,2.0,430.0,0,1.0,112.0
5,6,819,9,3.0,5.0,511.0,0,1.0,23.0
5,3,1039,54,3.0,0.0,252.0,0,1.0,17.0
5,3,1301,14,2.0,0.0,201.0,0,1.0,11.0
5,2,957,46,3.0,10.0,273.0,0,1.0,41.0
5,6,452,51,3.0,6.0,370.0,0,1.0,36.0
5,1,621,27,3.0,0.0,110.0,0,1.0,46.0
5,6,984,58,3.0,8.0,406.0,0,1.0,26.0
5,5,784,34,5.0,0.0,170.0,0,1.0,38.0
5,1,928,40,5.0,0.0,194.0,0,1.0,29.0
5,5,1283,51,3.0,8.0,376.0,0,1.0,25.0
5,7,1344,82,2.0,0.0,347.0,0,1.0,10.0
6,1,976,87,2.0,5.0,232.0,0,1.0,6.0
5,4,1397,21,3.0,10.0,395.0,0,1.0,50.0
5,5,636,80,4.0,0.0,192.0,0,1.0,75.0
5,3,832,31,4.0,8.0,55.0,0,1.0,10.0
5,1,871,75,3.0,3.0,186.0,0,1.0,60.0
5,1,854,55,3.0,10.0,263.0,0,1.0,1.0
5,3,1437,6,5.0,4.0,198.0,0,1.0,33.0
5,2,1320,27,3.0,8.0,362.0,0,1.0,20.0
6,4,963,58,3.0,10.0,332.0,0,1.0,32.0
5,1,777,18,5.0,0.0,153.0,0,1.0,44.0
5,2,725,22,4.0,4.0,107.0,0,1.0,4.0
5,3,817,20,4.0,4.0,82.0,0,1.0,21.0
5,2,1070,62,3.0,10.0,339.0,0,1.0,92.0
5,3,516,34,5.0,8.0,134.0,0,1.0,20.0
6,1,1212,22,4.0,7.0,136.0,0,1.0,15.0
5,3,1052,21,5.0,8.0,105.0,0,1.0,4.0
5,1,1272,81,4.0,6.0,128.0,0,1.0,17.0
5,1,211,18,3.0,10.0,117.0,0,1.0,6.0
5,4,98,26,4.0,10.0,171.0,0,1.0,6.0
6,6,646,25,4.0,10.0,54.0,0,1.0,14.0
5,3,645,74,3.0,8.0,310.0,0,1.0,20.0
5,3,486,89,2.0,0.0,347.0,0,1.0,3.0
5,3,642,61,3.0,6.0,181.0,0,1.0,48.0
5,1,632,41,3.0,7.0,218.0,0,1.0,16.0
5,2,1204,62,3.0,6.0,141.0,0,1.0,29.0
5,3,1161,40,3.0,4.0,320.0,0,1.0,69.0
5,3,1130,89,3.0,5.0,385.0,0,1.0,74.0
6,4,602,35,3.0,10.0,143.0,0,1.0,20.0
6,5,1296,33,3.0,7.0,364.0,0,1.0,43.0
5,2,596,23,3.0,10.0,445.0,1,1.0,15.0
5,2,1339,21,4.0,8.0,269.0,0,1.0,48.0
5,2,706,35,2.0,5.0,198.0,0,1.0,5.0
5,4,984,16,4.0,1.0,142.0,0,1.0,10.0
6,4,668,81,3.0,6.0,504.0,0,1.0,9.0
6,5,1244,11,4.0,4.0,191.0,0,1.0,7.0
6,1,880,43,3.0,9.0,119.0,0,1.0,4.0
6,6,1347,53,3.0,10.0,387.0,0,1.0,110.0
5,3,1239,56,2.0,7.0,272.0,0,1.0,1.0
6,4,673,3,4.0,0.0,182.0,0,1.0,68.0
5,6,746,72,2.0,5.0,369.0,0,1.0,42.0
6,5,1077,62,3.0,10.0,376.0,0,1.0,79.0
5,2,1018,12,4.0,4.0,128.0,0,1.0,32.0
5,7,590,19,4.0,8.0,120.0,0,1.0,26.0
5,4,707,56,3.0,8.0,181.0,0,1.0,3.0
5,3,550,25,3.0,6.0,345.0,0,1.0,20.0
5,4,1351,33,3.0,5.0,342.0,0,1.0,68.0
5,3,950,12,4.0,7.0,230.0,0,1.0,64.0
5,2,474,36,3.0,6.0,119.0,0,1.0,14.0
5,7,865,61,3.0,8.0,398.0,0,1.0,36.0
5,3,526,29,4.0,9.0,174.0,0,1.0,30.0
5,6,1351,1,3.0,3.0,154.0,0,1.0,59.0
1,2,1002,63,2.0,6.0,404.0,1,1.0,20.0
1,3,614,80,2.0,0.0,128.0,1,1.0,7.0
1,3,965,48,3.0,7.0,1423.0,1,1.0,275.0
1,4,686,63,3.0,8.0,641.0,1,1.0,184.0
1,4,1164,69,3.0,4.0,285.0,0,1.0,146.0
1,5,906,10,4.0,7.0,91.0,0,1.0,17.0
1,6,759,32,3.0,2.0,336.0,0,1.0,184.0
1,7,213,69,3.0,8.0,322.0,0,1.0,38.0
1,7,986,3,4.0,0.0,99.0,0,1.0,46.0
1,1,232,41,4.0,0.0,191.0,0,1.0,13.0
1,1,1058,80,2.0,0.0,1283.0,0,1.0,10.0
1,2,218,30,3.0,0.0,208.0,0,1.0,168.0
1,2,1007,16,2.0,0.0,163.0,1,1.0,31.0
1,3,872,60,2.0,0.0,202.0,0,1.0,65.0
1,4,30,30,4.0,0.0,140.0,0,1.0,42.0
1,4,999,78,4.0,0.0,65.0,0,1.0,6.0
1,5,1049,79,3.0,3.0,445.0,1,1.0,12.0
1,6,479,79,3.0,0.0,418.0,0,1.0,13.0
1,6,1257,32,3.0,0.0,201.0,0,1.0,27.0
1,7,763,64,2.0,8.0,230.0,1,1.0,15.0
1,7,1343,1,3.0,0.0,165.0,0,1.0,8.0
1,1,761,40,3.0,7.0,311.0,1,1.0,82.0
1,1,1397,40,3.0,5.0,145.0,0,1.0,37.0
1,2,804,16,3.0,4.0,214.0,0,1.0,28.0
2,3,60,78,3.0,0.0,178.0,0,1.0,55.0
2,4,667,87,3.0,0.0,295.0,1,1.0,12.0
2,4,1164,25,4.0,0.0,74.0,0,1.0,50.0
2,5,699,54,4.0,0.0,49.0,0,1.0,19.0
2,6,761,71,3.0,0.0,211.0,0,1.0,27.0
2,6,1183,47,3.0,8.0,251.0,0,1.0,67.0
2,7,671,30,4.0,0.0,36.0,0,1.0,8.0
2,7,1281,30,2.0,0.0,247.0,0,1.0,30.0
2,1,789,63,2.0,0.0,255.0,1,1.0,2.0
2,1,1407,32,3.0,0.0,101.0,0,1.0,2.0
2,2,850,60,2.0,0.0,122.0,1,1.0,4.0
2,3,55,66,4.0,6.0,56.0,0,1.0,27.0
2,3,849,46,2.0,0.0,405.0,0,1.0,36.0
2,3,1306,28,2.0,8.0,265.0,0,1.0,82.0
2,4,699,37,3.0,2.0,476.0,0,1.0,81.0
2,4,1170,38,4.0,10.0,98.0,0,1.0,16.0
2,5,714,58,2.0,0.0,297.0,0,1.0,20.0
2,5,1217,68,4.0,8.0,148.0,0,1.0,14.0
2,6,682,45,3.0,0.0,165.0,0,1.0,17.0
2,6,1187,4,3.0,0.0,109.0,0,1.0,28.0
2,7,688,28,4.0,6.0,138.0,0,1.0,16.0
2,7,1232,33,3.0,0.0,283.0,0,1.0,42.0
2,1,722,62,3.0,7.0,503.0,0,1.0,8.0
2,1,1279,29,4.0,8.0,203.0,0,1.0,140.0
1,2,653,49,3.0,6.0,191.0,0,1.0,9.0
1,2,1334,21,4.0,8.0,161.0,0,1.0,65.0
1,3,967,33,4.0,8.0,28.0,0,1.0,13.0
1,4,577,61,3.0,5.0,128.0,0,1.0,50.0
1,4,1249,50,2.0,9.0,489.0,0,1.0,69.0
1,5,726,36,3.0,1.0,96.0,0,1.0,13.0
1,5,1387,81,3.0,4.0,220.0,0,1.0,17.0
1,6,906,72,3.0,0.0,513.0,0,1.0,109.0
1,7,396,71,3.0,3.0,142.0,0,1.0,72.0
1,7,1185,94,3.0,0.0,219.0,1,1.0,42.0
1,2,416,58,3.0,0.0,580.0,0,1.0,28.0
1,2,987,22,2.0,6.0,338.0,0,1.0,28.0
1,3,415,57,3.0,0.0,241.0,0,1.0,72.0
1,3,1162,49,3.0,4.0,204.0,0,1.0,11.0
1,4,702,85,3.0,8.0,753.0,0,1.0,26.0
1,5,34,29,4.0,10.0,81.0,0,1.0,16.0
1,5,1076,63,3.0,9.0,261.0,0,1.0,2.0
1,6,658,52,4.0,10.0,173.0,0,1.0,28.0
1,6,1283,27,3.0,4.0,157.0,0,1.0,43.0
1,7,878,52,4.0,1.0,82.0,0,1.0,12.0
1,1,167,36,3.0,4.0,205.0,0,1.0,13.0
1,1,1020,94,2.0,0.0,216.0,1,1.0,14.0
1,2,882,7,4.0,4.0,193.0,0,1.0,30.0
1,2,1352,80,3.0,8.0,165.0,0,1.0,42.0
2,3,963,59,3.0,0.0,266.0,0,1.0,11.0
2,4,492,32,3.0,4.0,415.0,0,1.0,4.0
2,4,1301,44,3.0,8.0,74.0,0,1.0,33.0
2,5,727,32,2.0,0.0,148.0,0,1.0,18.0
2,5,1433,49,3.0,10.0,345.0,0,1.0,41.0
2,6,804,37,4.0,8.0,54.0,0,1.0,34.0
2,7,62,54,3.0,5.0,306.0,0,1.0,78.0
2,7,1056,83,3.0,9.0,184.0,0,1.0,10.0
2,1,973,57,3.0,9.0,329.0,0,1.0,2.0
2,2,547,70,3.0,5.0,249.0,0,1.0,27.0
2,2,1335,61,3.0,5.0,97.0,0,1.0,12.0
2,3,889,88,3.0,0.0,322.0,0,1.0,26.0
2,4,607,65,3.0,7.0,168.0,0,1.0,29.0
2,4,1160,78,3.0,0.0,179.0,0,1.0,24.0
2,5,817,35,3.0,4.0,195.0,0,1.0,25.0
2,5,1425,48,2.0,2.0,34.0,0,1.0,14.0
2,6,1039,68,2.0,0.0,98.0,1,1.0,2.0
2,7,659,30,3.0,8.0,168.0,0,1.0,28.0
2,1,99,20,3.0,0.0,100.0,0,1.0,17.0
2,1,914,42,3.0,0.0,132.0,0,1.0,77.0
1,2,196,88,3.0,8.0,162.0,1,1.0,20.0
1,2,808,22,4.0,4.0,83.0,0,1.0,22.0
1,3,1037,31,3.0,8.0,227.0,0,1.0,169.0
1,4,1331,36,3.0,5.0,198.0,0,1.0,99.0
1,5,1085,72,3.0,0.0,290.0,0,1.0,16.0
1,6,636,37,4.0,3.0,90.0,0,1.0,22.0
1,6,1080,51,4.0,8.0,206.0,0,1.0,117.0
1,7,933,45,2.0,8.0,450.0,0,1.0,15.0
1,1,608,26,4.0,0.0,18.0,0,1.0,14.0
1,1,1220,32,3.0,0.0,914.0,1,1.0,26.0
1,2,902,91,2.0,0.0,130.0,1,1.0,33.0
1,3,484,62,3.0,0.0,634.0,0,1.0,13.0
1,3,1089,56,4.0,0.0,359.0,0,1.0,206.0
1,4,895,72,4.0,2.0,69.0,0,1.0,29.0
1,5,743,85,2.0,0.0,160.0,1,1.0,2.0
1,5,1367,67,2.0,0.0,202.0,0,1.0,39.0
1,6,1012,85,4.0,2.0,63.0,0,1.0,48.0
1,7,822,29,3.0,7.0,202.0,0,1.0,24.0
1,1,916,66,4.0,0.0,75.0,0,1.0,26.0
1,2,789,47,4.0,8.0,283.0,0,1.0,118.0
2,3,932,64,3.0,4.0,284.0,0,1.0,34.0
2,4,844,94,3.0,0.0,345.0,1,1.0,48.0
2,5,183,68,3.0,6.0,286.0,0,1.0,14.0
2,5,902,64,3.0,4.0,263.0,0,1.0,8.0
2,6,45,27,3.0,5.0,179.0,0,1.0,10.0
2,6,1025,53,3.0,4.0,221.0,0,1.0,11.0
2,7,644,30,3.0,0.0,91.0,0,1.0,13.0
2,1,1187,28,3.0,10.0,371.0,0,1.0,8.0
2,2,858,44,4.0,3.0,181.0,0,1.0,44.0
2,3,627,56,3.0,6.0,92.0,1,1.0,16.0
2,3,1047,92,2.0,0.0,362.0,0,1.0,19.0
2,4,684,22,4.0,5.0,146.0,0,1.0,121.0
2,5,70,83,2.0,0.0,299.0,0,1.0,173.0
2,5,1013,26,2.0,8.0,224.0,0,1.0,3.0
2,6,692,71,3.0,4.0,106.0,1,1.0,38.0
2,6,1344,40,3.0,8.0,445.0,0,1.0,10.0
2,7,1018,88,2.0,10.0,220.0,0,1.0,2.0
2,1,763,61,4.0,9.0,82.0,0,1.0,23.0
2,2,439,71,3.0,9.0,94.0,0,2.0,2.0
2,2,692,77,3.0,7.0,93.0,0,2.0,3.0
2,2,929,34,4.0,5.0,301.0,0,2.0,15.0
2,3,660,49,3.0,0.0,286.0,0,2.0,0.0
2,3,880,35,4.0,3.0,99.0,0,2.0,3.0
2,3,1208,38,4.0,0.0,144.0,0,2.0,16.0
2,4,468,58,4.0,9.0,267.0,0,2.0,13.0
2,4,1317,42,4.0,5.0,34.0,0,2.0,16.0
2,5,581,89,3.0,8.0,151.0,0,2.0,7.0
2,5,1063,57,3.0,3.0,232.0,0,2.0,12.0
2,6,405,74,2.0,0.0,290.0,0,2.0,2.0
2,6,719,64,3.0,0.0,321.0,0,2.0,2.0
2,7,202,33,4.0,7.0,43.0,0,2.0,4.0
2,7,867,77,3.0,5.0,327.0,1,2.0,3.0
2,7,1167,19,4.0,3.0,254.0,0,2.0,3.0
2,1,249,60,4.0,0.0,222.0,0,2.0,12.0
2,1,979,39,3.0,9.0,215.0,0,2.0,1.0
2,1,1323,19,4.0,5.0,92.0,0,2.0,1.0
2,2,536,83,5.0,0.0,55.0,0,2.0,1.0
2,2,1001,87,3.0,0.0,289.0,0,2.0,6.0
2,3,185,42,3.0,5.0,418.0,0,2.0,1.0
2,3,684,71,3.0,0.0,56.0,0,2.0,9.0
2,3,979,80,3.0,0.0,199.0,0,2.0,4.0
2,3,1249,46,3.0,0.0,56.0,0,2.0,6.0
2,4,389,62,3.0,8.0,434.0,1,2.0,13.0
2,4,721,40,3.0,0.0,131.0,0,2.0,2.0
2,4,998,70,5.0,0.0,68.0,0,2.0,4.0
2,5,63,20,4.0,8.0,147.0,0,2.0,5.0
2,5,733,67,3.0,8.0,255.0,0,2.0,5.0
2,5,879,16,5.0,3.0,29.0,0,2.0,19.0
2,5,1179,26,4.0,9.0,329.0,0,2.0,3.0
2,6,564,2,4.0,0.0,33.0,0,2.0,4.0
2,6,856,39,3.0,0.0,282.0,0,2.0,1.0
2,6,1058,81,3.0,2.0,132.0,0,2.0,3.0
2,7,613,28,3.0,5.0,114.0,0,2.0,0.0
2,7,855,64,3.0,0.0,102.0,0,2.0,12.0
2,7,1120,29,3.0,2.0,125.0,0,2.0,4.0
2,7,1308,19,4.0,10.0,123.0,0,2.0,32.0
2,1,568,60,3.0,0.0,428.0,1,2.0,5.0
2,1,963,63,3.0,6.0,39.0,0,2.0,2.0
2,2,253,26,3.0,10.0,56.0,0,2.0,0.0
2,2,687,94,3.0,4.0,334.0,1,2.0,16.0
2,2,931,52,3.0,10.0,269.0,0,2.0,4.0
2,2,1241,62,3.0,0.0,189.0,0,2.0,5.0
3,3,574,64,3.0,8.0,439.0,0,2.0,8.0
3,3,785,84,3.0,8.0,535.0,1,2.0,45.0
3,4,585,50,4.0,0.0,55.0,0,2.0,10.0
3,4,964,59,4.0,7.0,123.0,0,2.0,5.0
3,5,57,62,5.0,0.0,115.0,0,2.0,4.0
3,5,559,61,3.0,0.0,171.0,0,2.0,10.0
3,5,910,64,3.0,9.0,122.0,0,2.0,2.0
3,5,1340,23,3.0,1.0,192.0,0,2.0,4.0
3,6,593,94,3.0,0.0,390.0,1,2.0,0.0
3,6,844,94,3.0,9.0,326.0,0,2.0,0.0
3,6,1043,20,3.0,8.0,265.0,0,2.0,2.0
3,7,371,64,4.0,4.0,71.0,0,2.0,13.0
3,7,905,18,3.0,3.0,139.0,0,2.0,1.0
3,7,1257,32,4.0,7.0,233.0,0,2.0,2.0
3,1,612,72,3.0,0.0,146.0,0,2.0,14.0
3,1,900,78,2.0,0.0,324.0,1,2.0,5.0
3,2,147,44,3.0,8.0,200.0,0,2.0,5.0
3,2,675,75,3.0,9.0,233.0,0,2.0,3.0
3,2,992,27,4.0,7.0,118.0,0,2.0,1.0
2,2,12,43,4.0,8.0,155.0,0,1.0,2.0
2,2,534,30,4.0,6.0,365.0,0,1.0,24.0
2,2,1016,30,3.0,8.0,592.0,0,1.0,37.0
2,2,1285,43,3.0,0.0,687.0,0,1.0,9.0
2,3,509,35,3.0,8.0,731.0,0,1.0,1.0
2,3,791,46,3.0,8.0,552.0,0,1.0,3.0
2,3,1083,21,2.0,0.0,192.0,0,1.0,8.0
2,3,1412,27,3.0,0.0,5434.0,0,1.0,68.0
2,4,594,42,3.0,6.0,327.0,0,1.0,21.0
2,4,1168,9,4.0,5.0,406.0,0,1.0,6.0
2,5,445,14,3.0,0.0,301.0,0,1.0,2.0
2,5,1013,29,3.0,3.0,270.0,0,1.0,66.0
2,5,1257,64,5.0,0.0,48.0,0,1.0,17.0
2,6,668,66,3.0,0.0,457.0,0,1.0,14.0
2,6,950,60,3.0,5.0,435.0,0,1.0,3.0
2,6,1226,21,3.0,8.0,303.0,0,1.0,11.0
2,7,510,29,4.0,10.0,118.0,0,1.0,7.0
2,7,1190,13,4.0,3.0,117.0,0,1.0,3.0
2,1,230,59,4.0,10.0,491.0,0,1.0,5.0
2,1,701,52,4.0,7.0,432.0,0,1.0,5.0
2,1,1041,0,4.0,0.0,268.0,0,1.0,3.0
2,2,12,20,4.0,10.0,1201.0,0,1.0,2.0
2,2,559,34,4.0,4.0,53.0,0,1.0,3.0
2,2,864,48,3.0,10.0,168.0,0,1.0,22.0
2,2,1108,30,4.0,10.0,414.0,0,1.0,1.0
2,2,1426,42,4.0,10.0,139.0,0,1.0,7.0
2,3,904,19,3.0,1.0,796.0,0,1.0,1.0
2,3,1175,4,4.0,6.0,275.0,0,1.0,1.0
2,4,204,34,3.0,8.0,239.0,0,1.0,2.0
2,4,671,13,3.0,0.0,235.0,0,1.0,3.0
2,4,1041,52,3.0,9.0,128.0,0,1.0,14.0
2,4,1330,14,3.0,6.0,202.0,0,1.0,9.0
2,5,535,63,3.0,7.0,386.0,0,1.0,3.0
2,5,846,21,3.0,10.0,227.0,0,1.0,53.0
2,5,1132,31,4.0,10.0,140.0,0,1.0,3.0
2,6,88,29,3.0,8.0,421.0,0,1.0,6.0
2,6,628,53,3.0,10.0,476.0,0,1.0,7.0
2,6,681,26,4.0,8.0,216.0,0,1.0,5.0
2,6,993,56,3.0,7.0,606.0,0,1.0,4.0
2,6,1333,38,3.0,10.0,453.0,0,1.0,10.0
2,7,798,16,3.0,9.0,175.0,0,1.0,2.0
2,7,1200,42,3.0,10.0,165.0,0,1.0,2.0
2,1,289,35,3.0,0.0,208.0,0,1.0,0.0
2,1,1049,44,3.0,5.0,300.0,0,1.0,4.0
2,2,566,61,4.0,5.0,157.0,0,1.0,21.0
2,2,1226,2,3.0,0.0,433.0,0,1.0,0.0
3,3,470,63,3.0,8.0,225.0,0,1.0,3.0
3,3,684,48,3.0,10.0,329.0,0,1.0,3.0
3,3,952,67,3.0,0.0,145.0,0,1.0,7.0
3,3,1173,53,4.0,5.0,3844.0,0,1.0,39.0
3,4,363,84,3.0,0.0,356.0,0,1.0,3.0
3,5,498,7,4.0,0.0,31.0,0,1.0,2.0
3,5,699,54,4.0,6.0,256.0,0,1.0,21.0
3,5,900,19,4.0,0.0,181.0,0,1.0,3.0
3,5,1151,38,4.0,5.0,154.0,0,1.0,1.0
3,6,97,71,3.0,5.0,124.0,0,1.0,2.0
3,6,627,58,4.0,8.0,91.0,0,1.0,24.0
3,6,862,39,3.0,8.0,539.0,0,1.0,5.0
3,6,1117,0,3.0,5.0,139.0,0,1.0,9.0
3,7,396,50,3.0,4.0,44.0,0,1.0,2.0
3,7,781,40,2.0,0.0,221.0,0,1.0,3.0
3,7,1115,56,3.0,7.0,539.0,0,1.0,32.0
3,1,626,29,3.0,8.0,133.0,0,1.0,2.0
3,1,927,41,4.0,7.0,293.0,0,1.0,4.0
3,1,1347,2,4.0,6.0,181.0,0,1.0,2.0
3,2,551,1,4.0,8.0,196.0,0,1.0,14.0
3,2,718,26,5.0,6.0,98.0,0,1.0,32.0
3,2,997,1,4.0,4.0,72.0,0,1.0,9.0
3,2,1325,64,4.0,0.0,85.0,0,1.0,2.0
3,3,529,38,2.0,10.0,370.0,0,1.0,29.0
3,3,736,19,3.0,7.0,297.0,0,1.0,12.0
3,3,1135,28,3.0,0.0,98.0,0,1.0,31.0
3,4,620,56,3.0,0.0,410.0,0,1.0,7.0
3,4,849,28,4.0,8.0,253.0,0,1.0,2.0
3,4,1273,9,3.0,0.0,316.0,0,1.0,18.0
3,5,511,62,3.0,8.0,285.0,0,1.0,7.0
3,5,1009,30,4.0,7.0,218.0,0,1.0,4.0
3,5,1370,43,4.0,2.0,62.0,0,1.0,1.0
3,6,588,55,3.0,10.0,208.0,0,1.0,6.0
3,6,855,0,4.0,0.0,148.0,0,1.0,10.0
3,6,1136,63,4.0,7.0,176.0,0,1.0,24.0
3,6,1427,22,4.0,8.0,299.0,0,1.0,4.0
3,7,618,25,3.0,10.0,186.0,0,1.0,10.0
3,7,1282,65,2.0,0.0,847.0,0,1.0,3.0
3,1,536,12,4.0,0.0,162.0,0,1.0,2.0
3,1,1030,71,2.0,10.0,115.0,0,1.0,6.0
3,1,1257,67,2.0,8.0,299.0,0,1.0,38.0
6,2,575,29,3.0,0.0,1231.0,0,1.0,8.0
6,2,826,63,4.0,4.0,174.0,0,1.0,7.0
6,3,991,26,3.0,10.0,724.0,0,1.0,78.0
6,4,89,46,3.0,0.0,481.0,0,1.0,14.0
6,4,849,62,2.0,3.0,640.0,1,1.0,1.0
6,4,1281,29,2.0,10.0,626.0,0,1.0,11.0
6,5,858,61,2.0,8.0,1671.0,1,1.0,16.0
6,5,1202,31,3.0,0.0,331.0,0,1.0,5.0
6,6,567,23,2.0,10.0,407.0,0,1.0,20.0
6,6,1348,39,3.0,10.0,1082.0,1,1.0,28.0
6,1,68,56,2.0,10.0,690.0,0,1.0,1.0
6,1,867,21,2.0,0.0,128.0,0,1.0,1.0
6,2,603,37,3.0,0.0,2988.0,0,1.0,6.0
6,2,813,58,3.0,8.0,862.0,0,1.0,18.0
6,2,1104,35,2.0,0.0,1064.0,0,1.0,17.0
6,3,79,38,2.0,8.0,499.0,1,1.0,6.0
6,3,946,32,3.0,5.0,299.0,0,1.0,4.0
6,3,867,38,3.0,2.0,335.0,1,1.0,2.0
6,4,107,36,3.0,8.0,224.0,0,1.0,7.0
6,4,635,59,4.0,3.0,189.0,0,1.0,1.0
6,4,979,48,3.0,9.0,1174.0,1,1.0,2.0
6,5,1122,80,2.0,0.0,1087.0,1,1.0,1.0
6,6,363,45,3.0,8.0,665.0,0,1.0,1.0
6,6,1101,65,2.0,7.0,1437.0,0,1.0,2.0
6,7,216,66,2.0,10.0,992.0,0,1.0,3.0
6,7,761,25,2.0,10.0,584.0,1,1.0,11.0
6,7,1302,26,2.0,9.0,273.0,1,1.0,1.0
6,1,478,74,3.0,0.0,984.0,0,1.0,33.0
6,1,653,37,2.0,10.0,657.0,1,1.0,5.0
6,2,589,69,3.0,4.0,1318.0,0,1.0,1.0
6,2,691,16,4.0,7.0,153.0,0,1.0,7.0
6,2,1276,9,3.0,9.0,213.0,0,1.0,64.0
6,3,797,11,4.0,0.0,198.0,0,1.0,12.0
6,4,746,18,4.0,2.0,284.0,0,1.0,1.0
6,5,822,18,3.0,0.0,528.0,0,1.0,2.0
6,6,210,18,3.0,5.0,135.0,0,1.0,8.0
6,7,670,19,3.0,7.0,137.0,0,1.0,6.0
6,1,597,4,3.0,0.0,138.0,0,1.0,17.0
6,2,1068,19,3.0,8.0,155.0,0,1.0,1.0
6,3,632,12,5.0,4.0,211.0,0,1.0,33.0
6,3,1237,20,2.0,10.0,307.0,0,1.0,2.0
6,4,924,8,3.0,0.0,198.0,0,1.0,21.0
6,5,320,4,3.0,0.0,81.0,0,1.0,16.0
6,5,1174,5,3.0,0.0,214.0,0,1.0,5.0
6,6,827,15,4.0,0.0,208.0,0,1.0,38.0
6,7,472,5,4.0,0.0,226.0,0,1.0,9.0
6,7,1273,20,3.0,9.0,927.0,0,1.0,2.0
6,1,1240,3,3.0,4.0,160.0,0,1.0,21.0
6,2,779,17,4.0,0.0,228.0,0,1.0,1.0
6,2,1221,2,3.0,0.0,454.0,0,1.0,16.0
6,2,603,35,3.0,0.0,1016.0,0,1.0,27.0
6,4,142,34,2.0,8.0,2274.0,0,1.0,26.0
6,5,1045,40,2.0,0.0,212.0,0,1.0,1.0
6,6,413,43,2.0,0.0,383.0,0,1.0,4.0
6,7,104,42,4.0,3.0,16.0,0,1.0,1.0
6,6,915,34,2.0,0.0,1815.0,0,1.0,16.0
6,1,766,20,2.0,0.0,1370.0,0,1.0,4.0
6,2,742,25,5.0,3.0,329.0,0,1.0,5.0
6,3,1008,25,3.0,0.0,337.0,0,1.0,35.0
6,6,960,29,3.0,0.0,1079.0,0,1.0,5.0
6,7,622,32,3.0,10.0,396.0,0,1.0,16.0
6,2,630,19,3.0,10.0,572.0,0,1.0,13.0
6,1,573,45,3.0,0.0,778.0,1,1.0,743.0
6,3,1391,52,2.0,0.0,2659.0,0,1.0,1.0
6,6,436,46,3.0,0.0,681.0,0,1.0,34.0
6,2,716,23,4.0,5.0,115.0,0,1.0,24.0
6,3,442,39,3.0,0.0,592.0,0,1.0,22.0
6,3,1315,27,2.0,8.0,478.0,1,1.0,6.0
6,4,1100,33,3.0,0.0,496.0,0,1.0,29.0
6,5,190,30,3.0,10.0,930.0,0,1.0,36.0
6,5,1164,23,3.0,10.0,1298.0,1,1.0,28.0
6,6,648,35,3.0,0.0,354.0,0,1.0,32.0
6,7,38,58,3.0,9.0,684.0,0,1.0,7.0
6,7,1238,26,3.0,0.0,447.0,0,1.0,41.0
6,1,1092,46,3.0,0.0,541.0,0,1.0,21.0
6,2,724,50,3.0,2.0,1794.0,0,1.0,10.0
6,3,702,57,3.0,0.0,321.0,0,1.0,4.0
6,3,1395,61,1.0,0.0,701.0,1,1.0,2.0
6,4,967,32,3.0,8.0,553.0,1,1.0,11.0
5,3,661,94,3.0,10.0,245.0,1,1.0,3.0
5,6,812,23,3.0,9.0,131.0,0,1.0,4.0
5,5,429,57,3.0,4.0,350.0,1,1.0,9.0
6,1,1151,49,3.0,10.0,246.0,1,1.0,8.0
6,6,211,74,3.0,4.0,192.0,0,1.0,13.0
5,3,493,66,3.0,5.0,268.0,0,1.0,11.0
5,4,471,61,4.0,9.0,194.0,0,1.0,21.0
5,4,1391,63,2.0,0.0,1219.0,0,1.0,17.0
5,5,765,30,2.0,0.0,1332.0,0,1.0,23.0
6,4,946,48,3.0,8.0,268.0,0,1.0,30.0
6,5,835,72,4.0,7.0,225.0,0,1.0,30.0
5,1,1191,59,3.0,8.0,194.0,0,1.0,25.0
5,1,615,25,3.0,9.0,323.0,0,1.0,16.0
5,5,1414,30,4.0,7.0,256.0,0,1.0,110.0
5,4,600,51,3.0,10.0,284.0,0,1.0,104.0
5,3,1134,18,3.0,2.0,221.0,0,1.0,57.0
5,3,1242,22,3.0,6.0,231.0,0,1.0,92.0
6,6,1402,20,4.0,8.0,309.0,0,1.0,69.0
5,5,579,56,3.0,10.0,349.0,0,1.0,3.0
5,1,1357,15,4.0,7.0,156.0,0,1.0,44.0
5,4,1025,82,3.0,0.0,1030.0,0,1.0,41.0
5,6,1074,72,3.0,7.0,1801.0,0,1.0,117.0
6,6,1178,45,3.0,5.0,281.0,0,1.0,167.0
5,4,836,6,4.0,5.0,289.0,0,1.0,35.0
5,4,1314,57,2.0,9.0,606.0,0,1.0,35.0
5,3,1034,11,4.0,7.0,140.0,0,1.0,32.0
12,2,518,67,4.0,9.0,104.0,0,1.0,17.0
12,2,715,39,4.0,2.0,73.0,0,1.0,33.0
12,2,883,48,4.0,5.0,44.0,0,1.0,35.0
12,2,1068,64,4.0,8.0,206.0,0,1.0,13.0
12,4,523,30,4.0,0.0,83.0,0,1.0,47.0
12,4,996,58,3.0,0.0,158.0,0,1.0,30.0
12,4,1172,41,3.0,7.0,309.0,0,1.0,35.0
12,5,166,48,4.0,7.0,65.0,0,1.0,6.0
12,5,830,12,4.0,3.0,77.0,0,1.0,23.0
12,5,1058,58,3.0,6.0,466.0,1,1.0,64.0
12,5,1249,37,3.0,8.0,268.0,0,1.0,59.0
12,6,241,55,5.0,0.0,195.0,0,1.0,6.0
12,6,684,18,4.0,3.0,110.0,0,1.0,1.0
12,6,714,58,5.0,0.0,249.0,0,1.0,13.0
12,6,1223,30,3.0,10.0,183.0,0,1.0,26.0
12,7,705,54,4.0,2.0,14.0,0,1.0,6.0
12,7,952,64,3.0,3.0,2792.0,1,1.0,8.0
12,7,1181,31,4.0,5.0,190.0,0,1.0,18.0
12,1,247,26,1.0,0.0,263.0,0,1.0,39.0
12,1,684,65,4.0,7.0,304.0,0,1.0,6.0
12,1,904,16,3.0,7.0,122.0,0,1.0,40.0
12,1,1218,12,3.0,0.0,250.0,0,1.0,19.0
12,2,594,56,3.0,7.0,152.0,0,1.0,37.0
12,2,946,63,3.0,1.0,70.0,1,1.0,17.0
12,2,1130,22,4.0,0.0,25.0,0,1.0,9.0
12,2,1385,38,4.0,0.0,75.0,0,1.0,15.0
12,3,570,32,3.0,0.0,97.0,0,1.0,5.0
12,3,774,37,3.0,7.0,278.0,1,1.0,15.0
12,3,971,35,4.0,5.0,162.0,0,1.0,5.0
12,3,1186,35,4.0,8.0,194.0,0,1.0,50.0
12,4,679,67,4.0,5.0,71.0,0,1.0,18.0
12,4,914,82,2.0,0.0,656.0,1,1.0,1.0
12,4,1178,31,4.0,1.0,55.0,0,1.0,10.0
12,5,220,36,5.0,0.0,72.0,0,1.0,66.0
12,5,894,71,3.0,6.0,462.0,1,1.0,10.0
12,5,1144,60,4.0,3.0,165.0,0,1.0,6.0
12,6,17,21,4.0,0.0,161.0,0,1.0,2.0
12,6,633,57,4.0,0.0,87.0,0,1.0,28.0
12,6,848,28,3.0,10.0,204.0,0,1.0,56.0
12,6,1162,63,4.0,3.0,190.0,0,1.0,8.0
12,7,184,40,2.0,0.0,431.0,0,1.0,5.0
12,7,954,28,4.0,10.0,289.0,0,1.0,25.0
12,7,1300,42,4.0,0.0,52.0,0,1.0,8.0
12,1,509,55,4.0,9.0,308.0,0,1.0,27.0
12,1,786,25,3.0,9.0,124.0,0,1.0,106.0
12,1,1061,21,3.0,7.0,250.0,0,1.0,36.0
12,1,1329,42,3.0,5.0,1387.0,1,1.0,2.0
12,2,751,89,3.0,0.0,707.0,1,1.0,1.0
12,2,1158,1,4.0,0.0,175.0,0,1.0,2.0
12,3,3,20,4.0,2.0,100.0,0,1.0,2.0
12,3,837,16,4.0,5.0,108.0,0,1.0,51.0
9,5,1311,30,4.0,10.0,159.0,0,1.0,79.0
8,4,1266,55,3.0,6.0,343.0,0,1.0,148.0
8,4,702,41,3.0,10.0,306.0,0,1.0,31.0
8,3,260,40,4.0,9.0,111.0,0,1.0,56.0
8,3,1176,18,3.0,0.0,202.0,0,1.0,122.0
8,3,652,18,3.0,7.0,182.0,0,1.0,45.0
8,2,1215,15,4.0,5.0,115.0,0,1.0,23.0
8,4,28,0,3.0,0.0,119.0,0,1.0,103.0
9,5,1123,35,3.0,7.0,336.0,0,1.0,162.0
9,5,472,8,3.0,0.0,54.0,0,1.0,11.0
9,6,218,24,3.0,0.0,161.0,0,1.0,22.0
9,6,584,84,4.0,0.0,253.0,0,1.0,21.0
9,6,1239,3,4.0,0.0,250.0,0,1.0,86.0
9,7,652,76,4.0,5.0,241.0,0,1.0,42.0
9,1,878,61,4.0,7.0,107.0,0,1.0,21.0
9,1,867,22,4.0,7.0,221.0,0,1.0,34.0
9,1,726,34,4.0,0.0,49.0,0,1.0,17.0
9,2,612,42,4.0,0.0,36.0,0,1.0,0.0
9,2,1211,47,3.0,6.0,170.0,0,1.0,1.0
9,3,518,26,3.0,6.0,115.0,0,1.0,5.0
9,3,1118,2,4.0,0.0,237.0,0,1.0,2.0
9,3,1114,63,2.0,8.0,628.0,1,1.0,23.0
9,4,128,44,3.0,5.0,146.0,0,1.0,0.0
9,4,1173,46,3.0,6.0,232.0,0,1.0,68.0
9,4,1171,5,4.0,3.0,85.0,0,1.0,12.0
9,5,1330,1,4.0,0.0,227.0,0,1.0,15.0
9,5,666,68,3.0,4.0,180.0,0,1.0,2.0
9,6,9,23,2.0,10.0,147.0,0,1.0,1.0
9,6,777,55,3.0,0.0,353.0,0,1.0,81.0
9,6,1392,22,3.0,8.0,248.0,0,1.0,18.0
9,7,11,77,3.0,8.0,226.0,0,1.0,21.0
9,7,816,54,2.0,8.0,221.0,0,1.0,21.0
9,7,1188,19,4.0,6.0,427.0,0,1.0,46.0
9,1,298,56,3.0,10.0,438.0,0,1.0,26.0
9,1,1022,27,4.0,0.0,143.0,0,1.0,14.0
9,1,1435,31,3.0,8.0,153.0,0,1.0,23.0
9,2,465,47,3.0,0.0,164.0,0,1.0,62.0
9,2,1049,50,2.0,9.0,381.0,0,1.0,10.0
9,3,7,89,3.0,0.0,514.0,0,1.0,39.0
9,3,38,13,3.0,8.0,477.0,0,1.0,12.0
9,3,684,60,2.0,8.0,349.0,0,1.0,122.0
9,3,1322,29,2.0,0.0,430.0,0,1.0,32.0
9,4,1089,51,4.0,9.0,152.0,0,1.0,45.0
9,4,1039,59,3.0,10.0,134.0,0,1.0,29.0
9,5,780,28,4.0,4.0,213.0,0,1.0,35.0
9,5,1198,15,3.0,0.0,257.0,0,1.0,9.0
9,5,693,14,4.0,7.0,68.0,0,1.0,30.0
9,6,1126,37,2.0,8.0,115.0,0,1.0,57.0
9,6,734,19,4.0,0.0,104.0,0,1.0,2.0
6,4,631,74,7.0,10.0,405.0,1,1.0,19.0
6,4,1316,47,7.0,3.0,558.0,0,1.0,5.0
6,1,977,36,7.0,9.0,155.0,0,1.0,5.0
6,6,790,24,7.0,10.0,530.0,1,1.0,7.0
6,7,700,42,7.0,7.0,215.0,0,1.0,6.0
6,2,1010,82,7.0,5.0,239.0,0,1.0,7.0
6,3,146,29,7.0,8.0,248.0,0,1.0,1.0
6,5,962,66,7.0,9.0,270.0,0,1.0,9.0
7,6,5,51,7.0,10.0,283.0,0,1.0,19.0
6,3,161,55,7.0,10.0,233.0,0,1.0,6.0
6,3,1212,40,7.0,8.0,418.0,0,1.0,11.0
6,4,713,46,7.0,7.0,1207.0,0,1.0,0.0
6,6,275,36,7.0,7.0,142.0,0,1.0,21.0
6,7,980,41,7.0,10.0,320.0,0,1.0,7.0
6,5,871,30,7.0,4.0,206.0,0,1.0,5.0
6,4,814,74,7.0,9.0,411.0,1,1.0,49.0
6,2,742,48,7.0,10.0,96.0,0,1.0,9.0
6,5,1342,23,7.0,7.0,47.0,1,1.0,15.0
7,6,863,23,7.0,6.0,183.0,0,1.0,18.0
6,4,1283,12,7.0,5.0,361.0,0,1.0,13.0
6,1,1072,8,7.0,10.0,1734.0,1,1.0,4.0
6,5,886,15,7.0,5.0,86.0,0,1.0,12.0
6,6,1259,15,7.0,7.0,284.0,0,1.0,5.0
6,2,1242,15,7.0,7.0,333.0,0,1.0,4.0
6,4,548,3,7.0,0.0,612.0,1,1.0,6.0
7,6,51,4,7.0,0.0,136.0,0,1.0,4.0
7,7,747,10,7.0,8.0,354.0,0,1.0,23.0
6,1,748,6,7.0,4.0,200.0,0,1.0,12.0
6,3,655,15,7.0,0.0,57.0,0,1.0,12.0
6,4,1263,17,7.0,2.0,234.0,0,1.0,33.0
6,2,334,16,7.0,8.0,263.0,0,1.0,5.0
7,2,512,51,7.0,10.0,152.0,0,1.0,86.0
7,2,979,17,7.0,6.0,309.0,0,1.0,127.0
7,3,410,25,7.0,10.0,135.0,0,1.0,55.0
7,3,708,82,7.0,6.0,233.0,0,1.0,141.0
7,3,966,12,7.0,7.0,189.0,0,1.0,172.0
7,3,1231,28,7.0,5.0,279.0,0,1.0,90.0
7,4,169,23,7.0,7.0,265.0,0,1.0,41.0
7,4,651,61,7.0,8.0,138.0,0,1.0,74.0
7,4,1210,10,7.0,6.0,65.0,0,1.0,31.0
7,5,750,39,7.0,5.0,257.0,0,1.0,60.0
7,6,701,49,7.0,6.0,304.0,0,1.0,130.0
7,6,994,22,7.0,10.0,135.0,0,1.0,43.0
7,7,659,46,7.0,5.0,243.0,0,1.0,138.0
7,1,53,73,7.0,8.0,357.0,0,1.0,148.0
7,7,1246,50,7.0,7.0,474.0,0,1.0,42.0
7,3,307,8,7.0,7.0,74.0,0,1.0,18.0
7,3,751,20,7.0,5.0,371.0,0,1.0,92.0
7,3,1039,31,7.0,6.0,116.0,0,1.0,62.0
7,2,1412,28,7.0,10.0,493.0,0,1.0,23.0
7,4,922,81,7.0,2.0,32.0,0,1.0,10.0
7,5,89,52,7.0,8.0,109.0,0,1.0,78.0
7,6,924,83,7.0,5.0,266.0,0,1.0,6.0
7,7,890,14,7.0,10.0,138.0,0,1.0,44.0
7,1,282,90,7.0,6.0,162.0,0,1.0,62.0
7,1,702,70,7.0,5.0,140.0,0,1.0,38.0
7,1,1155,50,7.0,8.0,157.0,0,1.0,65.0
7,2,198,8,7.0,5.0,113.0,0,1.0,59.0
7,2,996,40,7.0,5.0,67.0,0,1.0,55.0
7,3,778,77,7.0,2.0,173.0,0,1.0,12.0
7,3,1052,54,7.0,6.0,143.0,0,1.0,3.0
7,4,642,17,7.0,10.0,203.0,0,1.0,17.0
7,4,944,74,7.0,8.0,199.0,0,1.0,3.0
7,4,1152,41,7.0,3.0,101.0,0,1.0,9.0
7,5,505,52,7.0,7.0,312.0,0,1.0,64.0
7,5,893,59,7.0,7.0,108.0,0,1.0,0.0
7,5,1172,65,7.0,9.0,55.0,0,1.0,32.0
7,6,738,31,7.0,8.0,30.0,0,1.0,9.0
7,7,580,54,7.0,8.0,164.0,0,1.0,30.0
7,7,859,54,7.0,4.0,96.0,0,1.0,12.0
7,6,1385,54,7.0,8.0,250.0,0,1.0,165.0
7,1,905,49,7.0,9.0,72.0,0,1.0,23.0
7,1,1203,41,7.0,5.0,69.0,0,1.0,54.0
7,7,1413,47,7.0,5.0,176.0,0,1.0,66.0
7,2,617,42,7.0,5.0,207.0,0,1.0,28.0
7,2,1269,38,7.0,8.0,148.0,0,1.0,19.0
7,3,643,20,7.0,10.0,112.0,0,1.0,38.0
7,3,857,64,7.0,5.0,205.0,0,1.0,30.0
7,3,1076,70,7.0,4.0,181.0,0,1.0,4.0
7,4,711,45,7.0,8.0,118.0,0,1.0,47.0
7,4,1223,15,7.0,8.0,105.0,0,1.0,77.0
7,5,598,81,7.0,10.0,282.0,0,1.0,46.0
7,5,975,29,7.0,5.0,44.0,0,1.0,13.0
7,5,1189,26,7.0,7.0,56.0,0,1.0,8.0
7,6,543,31,7.0,8.0,82.0,0,1.0,50.0
7,6,1021,46,7.0,8.0,354.0,0,1.0,26.0
7,6,1272,12,7.0,5.0,78.0,0,1.0,50.0
7,7,179,35,7.0,8.0,71.0,0,1.0,51.0
7,7,800,58,7.0,1.0,130.0,0,1.0,62.0
7,7,989,13,7.0,9.0,202.0,0,1.0,55.0
7,6,1299,46,7.0,9.0,187.0,0,1.0,57.0
7,1,896,70,7.0,8.0,168.0,0,1.0,27.0
7,1,1229,11,7.0,8.0,156.0,0,1.0,135.0
3,2,1097,22,3.0,10.0,307.0,0,1.0,1.0
3,4,1251,24,3.0,7.0,234.0,0,1.0,19.0
3,5,848,66,4.0,8.0,224.0,0,1.0,55.0
3,4,595,39,3.0,7.0,215.0,0,1.0,1.0
3,6,1339,20,4.0,8.0,153.0,0,1.0,3.0
4,6,1289,78,3.0,5.0,243.0,0,1.0,14.0
4,1,578,65,3.0,5.0,380.0,1,1.0,3.0
3,2,1042,74,3.0,8.0,325.0,1,1.0,7.0
3,2,890,1,4.0,9.0,72.0,0,1.0,35.0
3,2,1275,0,3.0,9.0,73.0,0,1.0,28.0
3,5,1176,17,3.0,7.0,119.0,0,1.0,21.0
4,6,867,45,4.0,5.0,137.0,0,1.0,35.0
4,3,849,53,4.0,8.0,369.0,0,1.0,24.0
4,2,191,2,3.0,2.0,166.0,0,1.0,16.0
4,2,278,6,3.0,0.0,404.0,1,1.0,6.0
4,2,310,18,4.0,3.0,215.0,0,1.0,49.0
4,2,376,1,2.0,0.0,268.0,1,1.0,12.0
4,2,405,1,4.0,0.0,247.0,0,1.0,13.0
4,2,486,0,4.0,0.0,103.0,0,1.0,12.0
4,2,490,5,4.0,0.0,52.0,0,1.0,8.0
4,2,492,4,3.0,0.0,95.0,0,1.0,11.0
4,2,498,8,3.0,5.0,115.0,0,1.0,8.0
4,2,510,6,3.0,8.0,389.0,1,1.0,16.0
4,2,916,0,4.0,0.0,368.0,0,1.0,57.0
4,2,1282,3,4.0,0.0,212.0,0,1.0,144.0
4,4,174,14,3.0,5.0,456.0,0,1.0,194.0
4,4,812,11,3.0,4.0,356.0,0,1.0,143.0
4,5,520,5,4.0,0.0,35.0,0,1.0,16.0
4,5,1341,4,4.0,5.0,179.0,0,1.0,93.0
4,6,722,0,2.0,0.0,344.0,0,1.0,46.0
4,2,570,9,2.0,0.0,378.0,0,1.0,24.0
4,3,589,10,3.0,5.0,93.0,0,1.0,20.0
4,3,958,5,3.0,5.0,283.0,0,1.0,6.0
4,3,1285,14,4.0,5.0,332.0,0,1.0,254.0
4,4,660,6,4.0,0.0,188.0,0,1.0,126.0
4,4,1304,9,4.0,0.0,735.0,0,1.0,584.0
4,6,1079,2,4.0,0.0,371.0,0,1.0,301.0
4,7,894,16,3.0,5.0,378.0,0,1.0,160.0
4,1,1358,0,2.0,0.0,150.0,0,1.0,30.0
4,2,1197,0,2.0,0.0,61.0,0,1.0,43.0
4,3,388,0,4.0,0.0,258.0,0,1.0,43.0
4,5,987,17,2.0,6.0,525.0,0,1.0,12.0
4,3,1089,14,3.0,9.0,288.0,0,1.0,176.0
4,4,1003,10,3.0,0.0,328.0,0,1.0,270.0
4,5,596,13,3.0,7.0,265.0,0,1.0,139.0
4,5,1280,10,4.0,7.0,391.0,0,1.0,274.0
12,6,900,30,2.0,8.0,870.0,1,1.0,43.0
12,7,423,49,3.0,10.0,2362.0,1,1.0,18.0
2,6,1077,21,4.0,0.0,38.0,0,1.0,14.0
1,5,40,30,3.0,7.0,133.0,0,1.0,21.0
2,5,399,32,3.0,10.0,105.0,0,1.0,5.0
2,5,1042,46,3.0,4.0,388.0,0,1.0,7.0
2,7,628,73,3.0,0.0,86.0,0,1.0,6.0
2,4,1018,34,4.0,6.0,58.0,0,1.0,13.0
2,7,987,26,4.0,6.0,115.0,0,1.0,2.0
2,5,953,62,3.0,0.0,335.0,0,1.0,31.0
2,3,1405,69,3.0,0.0,1185.0,0,1.0,25.0
1,6,1164,49,4.0,8.0,98.0,0,1.0,54.0
1,6,700,46,4.0,0.0,127.0,0,1.0,18.0
1,4,529,43,4.0,8.0,164.0,0,1.0,28.0
1,2,63,53,2.0,6.0,835.0,0,1.0,1.0
1,4,1108,42,3.0,5.0,115.0,1,1.0,44.0
1,4,834,75,3.0,0.0,178.0,0,1.0,5.0
2,6,763,79,3.0,8.0,380.0,1,1.0,12.0
2,6,857,34,5.0,0.0,100.0,0,1.0,24.0
1,7,914,70,3.0,2.0,192.0,0,1.0,28.0
2,7,1194,35,3.0,8.0,343.0,0,1.0,26.0
2,2,341,16,4.0,6.0,214.0,0,1.0,5.0
2,3,736,49,2.0,0.0,640.0,1,1.0,9.0
2,3,1153,68,3.0,7.0,250.0,0,1.0,17.0
1,5,565,55,3.0,6.0,221.0,0,1.0,33.0
1,3,1097,35,3.0,8.0,93.0,0,1.0,25.0
1,2,540,66,3.0,3.0,219.0,1,1.0,17.0
1,2,615,85,4.0,10.0,415.0,0,1.0,2.0
2,2,900,83,3.0,4.0,326.0,1,1.0,23.0
1,6,1237,64,3.0,8.0,398.0,1,1.0,53.0
2,4,1297,44,2.0,5.0,194.0,0,1.0,11.0
1,2,1437,45,3.0,5.0,243.0,0,1.0,6.0
1,5,1035,77,2.0,2.0,1203.0,0,1.0,28.0
2,1,827,60,2.0,6.0,319.0,1,1.0,13.0
1,6,750,63,2.0,7.0,492.0,1,1.0,5.0
2,3,412,34,3.0,6.0,193.0,0,1.0,4.0
1,1,944,94,3.0,7.0,417.0,1,1.0,2.0
1,1,565,59,4.0,5.0,178.0,0,1.0,9.0
1,4,1337,20,4.0,10.0,124.0,0,1.0,6.0
1,2,801,69,2.0,8.0,211.0,0,1.0,70.0
2,1,1016,65,2.0,0.0,186.0,1,1.0,1.0
1,2,1034,88,3.0,0.0,185.0,0,1.0,3.0
2,5,698,53,4.0,0.0,70.0,0,1.0,21.0
1,6,989,57,2.0,4.0,155.0,1,1.0,8.0
1,5,786,25,3.0,10.0,211.0,0,1.0,25.0
1,3,463,27,3.0,2.0,81.0,0,1.0,6.0
1,3,1135,37,2.0,5.0,79.0,1,1.0,5.0
2,7,957,55,3.0,0.0,165.0,0,1.0,42.0
1,6,1330,57,3.0,0.0,365.0,0,1.0,18.0
1,7,937,49,3.0,7.0,50.0,0,1.0,7.0
1,5,970,36,3.0,6.0,118.0,0,1.0,3.0
1,6,1286,60,4.0,4.0,524.0,0,1.0,9.0
1,5,733,34,4.0,5.0,142.0,0,1.0,14.0
2,3,1131,29,3.0,0.0,184.0,0,1.0,9.0
2,5,1050,41,3.0,0.0,141.0,0,1.0,42.0
2,1,275,60,3.0,3.0,157.0,0,1.0,3.0
2,1,1068,46,3.0,9.0,334.0,1,1.0,11.0
1,1,83,58,3.0,8.0,336.0,0,1.0,11.0
2,1,1307,29,1.0,7.0,74.0,1,1.0,8.0
1,2,283,85,3.0,5.0,602.0,0,1.0,12.0
1,7,1142,89,2.0,2.0,332.0,1,1.0,13.0
2,4,883,52,3.0,10.0,175.0,0,1.0,12.0
2,5,788,79,4.0,8.0,550.0,1,1.0,46.0
2,6,1397,43,3.0,0.0,214.0,0,1.0,7.0
1,1,785,46,3.0,0.0,400.0,0,1.0,8.0
2,1,1272,51,3.0,10.0,214.0,0,1.0,6.0
2,2,1253,29,4.0,0.0,131.0,0,1.0,27.0
2,2,957,58,3.0,5.0,437.0,0,1.0,18.0
1,3,1357,67,3.0,0.0,130.0,0,1.0,23.0
2,7,735,65,3.0,0.0,392.0,0,1.0,24.0
2,6,260,67,3.0,5.0,67.0,0,1.0,8.0
1,5,1242,61,5.0,0.0,98.0,0,1.0,15.0
2,1,141,47,3.0,9.0,231.0,0,1.0,5.0
2,5,1301,32,4.0,8.0,91.0,0,1.0,9.0
2,1,545,56,3.0,9.0,297.0,0,1.0,3.0
1,2,1203,58,4.0,7.0,248.0,0,1.0,16.0
1,1,663,20,4.0,7.0,145.0,0,1.0,4.0
1,2,1155,24,3.0,0.0,2566.0,0,1.0,28.0
2,3,865,34,4.0,5.0,160.0,0,1.0,23.0
2,1,661,42,3.0,0.0,285.0,0,1.0,4.0
2,3,955,56,3.0,8.0,377.0,0,1.0,2.0
6,5,500,57,0.0,5.0,53.0,0,1.0,11.0
6,5,1080,19,0.0,0.0,74.0,0,1.0,30.0
6,2,625,33,7.0,0.0,180.0,0,1.0,1.0
6,3,836,28,7.0,0.0,1344.0,0,1.0,0.0
6,4,862,23,7.0,8.0,364.0,0,1.0,0.0
6,6,497,30,7.0,9.0,28.0,1,1.0,0.0
6,6,1198,28,7.0,6.0,835.0,0,1.0,17.0
6,1,988,28,7.0,0.0,1137.0,0,1.0,40.0
6,2,879,21,7.0,0.0,151.0,0,1.0,118.0
6,4,459,36,7.0,0.0,6.0,1,1.0,0.0
6,4,1300,23,7.0,2.0,87.0,0,1.0,76.0
6,5,779,43,7.0,0.0,248.0,0,1.0,73.0
6,7,1384,27,7.0,6.0,263.0,0,1.0,69.0
6,3,1091,33,7.0,3.0,97.0,1,1.0,21.0
6,4,765,24,7.0,7.0,741.0,0,1.0,81.0
6,6,1245,26,7.0,5.0,131.0,1,1.0,18.0
6,2,643,43,7.0,3.0,343.0,0,1.0,98.0
6,3,726,26,7.0,10.0,86.0,1,1.0,7.0
6,4,556,33,7.0,0.0,409.0,1,1.0,26.0
6,4,1114,41,7.0,5.0,567.0,1,1.0,157.0
6,5,750,23,7.0,7.0,237.0,0,1.0,99.0
7,6,601,26,7.0,0.0,109.0,0,1.0,55.0
6,3,638,0,3.0,0.0,57.0,0,1.0,31.0
6,3,855,4,3.0,0.0,130.0,0,1.0,46.0
6,4,495,1,3.0,0.0,35.0,0,1.0,5.0
6,4,783,0,3.0,0.0,70.0,0,1.0,60.0
6,5,682,4,3.0,0.0,102.0,0,1.0,17.0
6,5,1069,10,3.0,0.0,82.0,0,1.0,30.0
6,6,1109,1,3.0,0.0,63.0,0,1.0,25.0
6,7,901,9,4.0,0.0,58.0,0,1.0,37.0
6,2,651,10,4.0,0.0,56.0,0,1.0,10.0
6,2,1045,17,3.0,0.0,90.0,0,1.0,15.0
6,3,960,1,3.0,0.0,56.0,0,1.0,4.0
6,4,623,1,3.0,2.0,87.0,0,1.0,3.0
6,4,1012,16,2.0,0.0,175.0,1,1.0,6.0
6,5,769,1,0.0,0.0,75.0,0,1.0,11.0
6,6,629,11,0.0,4.0,190.0,0,1.0,11.0
6,6,971,21,0.0,0.0,230.0,0,1.0,9.0
6,7,858,1,0.0,0.0,41.0,0,1.0,23.0
6,2,678,4,0.0,0.0,36.0,0,1.0,6.0
6,3,758,20,0.0,8.0,145.0,0,1.0,35.0
6,4,618,1,0.0,0.0,81.0,0,1.0,25.0
6,4,903,6,0.0,5.0,38.0,0,1.0,6.0
6,5,779,1,0.0,0.0,60.0,0,1.0,3.0
6,6,518,5,0.0,8.0,32.0,0,1.0,9.0
6,6,839,1,0.0,0.0,54.0,0,1.0,28.0
6,7,910,1,0.0,0.0,62.0,0,1.0,18.0
6,2,617,2,0.0,0.0,77.0,0,1.0,26.0
6,4,832,3,0.0,0.0,47.0,0,1.0,2.0
6,5,717,6,0.0,8.0,24.0,0,1.0,8.0
7,6,777,0,0.0,0.0,93.0,0,1.0,32.0
7,7,834,6,0.0,0.0,91.0,0,1.0,18.0
7,1,908,2,0.0,0.0,56.0,0,1.0,26.0
3,6,914,35,2.0,8.0,237.0,0,1.0,1.0
3,6,1088,22,3.0,0.0,91.0,0,1.0,9.0
4,1,682,29,4.0,6.0,191.0,0,1.0,64.0
4,1,477,40,2.0,8.0,122.0,0,1.0,0.0
4,1,780,30,4.0,5.0,85.0,0,1.0,6.0
3,2,857,14,3.0,10.0,291.0,0,1.0,66.0
3,2,1209,25,3.0,9.0,341.0,0,1.0,99.0
4,1,820,36,4.0,1.0,218.0,0,1.0,6.0
3,5,892,75,4.0,5.0,196.0,0,1.0,22.0
4,1,404,32,3.0,9.0,385.0,0,1.0,46.0
4,1,975,62,3.0,6.0,100.0,0,1.0,12.0
3,5,35,20,3.0,10.0,182.0,0,1.0,93.0
3,2,1123,44,4.0,10.0,147.0,0,1.0,44.0
4,1,506,21,4.0,7.0,73.0,0,1.0,9.0
3,4,684,71,3.0,7.0,352.0,0,1.0,155.0
4,1,904,36,3.0,0.0,163.0,0,1.0,44.0
4,1,575,64,3.0,3.0,251.0,0,1.0,7.0
3,6,1351,67,2.0,0.0,338.0,0,1.0,0.0
3,3,1269,18,4.0,4.0,119.0,0,1.0,20.0
4,1,1053,40,3.0,10.0,194.0,0,1.0,11.0
4,7,1423,73,3.0,0.0,150.0,0,1.0,20.0
4,2,962,28,3.0,6.0,114.0,0,1.0,17.0
3,3,867,54,2.0,0.0,210.0,0,1.0,63.0
4,5,205,56,3.0,0.0,202.0,0,1.0,0.0
4,1,639,62,3.0,7.0,496.0,0,1.0,15.0
3,3,1073,29,3.0,5.0,177.0,0,1.0,10.0
4,7,575,35,3.0,0.0,130.0,0,1.0,73.0
3,5,514,83,3.0,0.0,166.0,0,1.0,31.0
3,6,1375,58,3.0,2.0,85.0,0,1.0,35.0
3,3,924,36,3.0,0.0,212.0,0,1.0,52.0
3,6,1135,68,3.0,5.0,150.0,0,1.0,0.0
4,1,824,41,3.0,3.0,250.0,0,1.0,5.0
3,1,394,61,3.0,0.0,110.0,0,1.0,8.0
4,4,1342,59,3.0,5.0,188.0,0,1.0,44.0
3,7,1164,30,3.0,10.0,459.0,0,1.0,182.0
4,4,1127,43,5.0,6.0,103.0,0,1.0,41.0
4,1,42,38,3.0,0.0,371.0,0,1.0,0.0
3,7,1349,41,3.0,6.0,142.0,0,1.0,12.0
3,2,667,20,3.0,0.0,160.0,0,1.0,64.0
3,2,1026,16,3.0,2.0,221.0,0,1.0,109.0
4,5,172,35,3.0,8.0,148.0,0,1.0,19.0
4,3,1071,21,3.0,7.0,265.0,0,1.0,89.0
4,2,874,23,3.0,3.0,195.0,0,1.0,19.0
3,4,1088,58,3.0,0.0,281.0,0,1.0,116.0
3,2,640,51,3.0,6.0,250.0,0,1.0,39.0
4,6,478,37,4.0,8.0,46.0,0,1.0,15.0
3,5,1182,20,3.0,7.0,228.0,0,1.0,18.0
3,5,687,17,3.0,9.0,298.0,0,1.0,127.0
3,2,1420,56,3.0,9.0,233.0,1,1.0,38.0
3,4,948,33,3.0,7.0,188.0,0,1.0,4.0
2,2,1221,39,3.0,10.0,129.0,0,1.0,6.0
2,3,1083,7,4.0,6.0,28.0,0,1.0,3.0
2,3,1394,29,4.0,5.0,29.0,0,1.0,6.0
2,4,602,60,3.0,5.0,98.0,0,1.0,3.0
2,4,1290,49,3.0,10.0,148.0,0,1.0,8.0
2,3,482,18,3.0,2.0,158.0,0,1.0,7.0
2,3,878,44,3.0,5.0,352.0,0,1.0,7.0
2,4,651,26,4.0,8.0,66.0,0,1.0,7.0
2,4,1381,34,4.0,7.0,29.0,0,1.0,5.0
2,5,884,53,4.0,1.0,64.0,0,1.0,7.0
2,6,658,44,3.0,1.0,170.0,0,1.0,2.0
2,6,915,64,4.0,6.0,180.0,0,1.0,52.0
2,7,894,42,4.0,8.0,226.0,0,1.0,11.0
2,2,855,41,4.0,6.0,128.0,0,1.0,37.0
2,1,872,48,3.0,8.0,212.0,0,1.0,10.0
2,2,1240,22,4.0,0.0,145.0,0,1.0,62.0
3,3,666,19,3.0,4.0,121.0,0,1.0,23.0
3,3,1223,15,3.0,4.0,103.0,0,1.0,25.0
3,4,1317,33,3.0,0.0,127.0,0,1.0,80.0
3,5,706,40,3.0,2.0,112.0,0,1.0,12.0
3,5,762,69,4.0,5.0,115.0,0,1.0,7.0
3,5,1144,15,3.0,6.0,105.0,0,1.0,16.0
3,6,601,16,4.0,6.0,24.0,0,1.0,3.0
3,6,1013,35,2.0,4.0,90.0,0,1.0,19.0
3,7,504,21,3.0,6.0,89.0,0,1.0,3.0
3,7,1205,19,4.0,8.0,93.0,0,1.0,20.0
3,1,719,86,3.0,5.0,171.0,0,1.0,3.0
3,2,767,3,4.0,0.0,36.0,0,1.0,4.0
3,3,698,32,3.0,9.0,150.0,0,1.0,4.0
3,5,512,23,3.0,8.0,146.0,0,1.0,5.0
3,6,1341,35,4.0,6.0,37.0,0,1.0,6.0
3,7,895,5,5.0,0.0,20.0,0,1.0,5.0
3,7,1126,20,4.0,7.0,69.0,0,1.0,7.0
3,1,677,23,4.0,7.0,30.0,0,1.0,4.0
4,2,999,66,2.0,0.0,382.0,1,1.0,93.0
4,2,429,26,3.0,8.0,173.0,0,1.0,16.0
4,3,684,45,3.0,5.0,338.0,0,1.0,53.0
4,1,677,28,3.0,9.0,223.0,0,1.0,49.0
2,2,622,27,4.0,9.0,177.0,0,1.0,8.0
2,3,65,62,3.0,8.0,1057.0,1,1.0,1.0
2,3,1142,62,3.0,5.0,630.0,1,1.0,1.0
2,4,983,20,5.0,0.0,259.0,0,1.0,7.0
2,6,298,57,3.0,8.0,44.0,0,1.0,42.0
2,7,1063,16,4.0,8.0,73.0,0,1.0,7.0
2,1,967,22,2.0,9.0,462.0,0,1.0,12.0
2,2,756,30,3.0,7.0,168.0,0,1.0,4.0
2,3,616,32,3.0,6.0,101.0,0,1.0,16.0
2,5,428,61,3.0,7.0,378.0,0,1.0,19.0
2,5,854,27,2.0,9.0,195.0,0,1.0,7.0
2,6,649,42,4.0,6.0,408.0,0,1.0,10.0
2,1,1000,54,4.0,9.0,171.0,0,1.0,4.0
2,2,847,47,3.0,8.0,573.0,0,1.0,1.0
3,3,338,27,3.0,3.0,573.0,0,1.0,107.0
3,3,1222,26,4.0,10.0,235.0,0,1.0,1.0
3,4,985,24,3.0,10.0,574.0,1,1.0,4.0
3,6,641,18,3.0,6.0,301.0,0,1.0,10.0
3,6,1333,40,3.0,9.0,232.0,0,1.0,46.0
3,2,914,33,3.0,0.0,226.0,0,1.0,17.0
3,3,545,90,2.0,0.0,690.0,1,1.0,4.0
3,3,1169,22,3.0,7.0,353.0,0,1.0,18.0
3,4,884,69,4.0,10.0,375.0,0,1.0,1.0
3,5,675,28,2.0,0.0,255.0,0,1.0,11.0
3,6,1076,41,2.0,9.0,88.0,1,1.0,4.0
3,1,806,17,4.0,0.0,160.0,0,1.0,3.0
2,2,744,22,4.0,3.0,84.0,0,1.0,1.0
2,2,1348,48,4.0,7.0,233.0,0,1.0,36.0
2,3,945,15,4.0,0.0,34.0,0,1.0,2.0
2,4,947,17,4.0,5.0,86.0,0,1.0,2.0
2,5,145,71,3.0,7.0,693.0,1,1.0,3.0
2,5,1060,21,4.0,7.0,84.0,0,1.0,0.0
2,6,657,79,3.0,9.0,69.0,0,1.0,48.0
2,6,1073,20,4.0,9.0,157.0,0,1.0,2.0
2,7,698,25,3.0,3.0,428.0,1,1.0,2.0
2,1,1066,50,3.0,8.0,137.0,0,1.0,2.0
2,2,735,7,4.0,2.0,135.0,0,1.0,6.0
2,3,197,44,3.0,7.0,60.0,0,1.0,1.0
2,3,1047,2,4.0,6.0,72.0,0,1.0,1.0
2,4,610,19,4.0,7.0,410.0,1,1.0,5.0
2,4,1113,68,2.0,6.0,254.0,0,1.0,14.0
2,5,748,43,3.0,10.0,236.0,0,1.0,3.0
2,5,1225,45,4.0,8.0,116.0,0,1.0,45.0
2,7,571,58,3.0,7.0,78.0,0,1.0,1.0
2,7,1402,1,5.0,0.0,21.0,0,1.0,1.0
2,1,893,14,4.0,0.0,23.0,0,1.0,5.0
2,2,1063,49,3.0,7.0,258.0,0,1.0,3.0
3,3,610,29,1.0,2.0,185.0,1,1.0,1.0
3,3,1147,64,3.0,0.0,688.0,0,1.0,1.0
3,4,545,36,4.0,0.0,224.0,0,1.0,17.0
3,4,1212,1,4.0,0.0,81.0,0,1.0,2.0
3,5,736,64,3.0,0.0,212.0,0,1.0,3.0
3,5,1235,4,3.0,0.0,138.0,0,1.0,6.0
3,6,652,60,3.0,9.0,153.0,0,1.0,4.0
3,6,1250,35,3.0,10.0,276.0,0,1.0,9.0
3,7,763,72,2.0,0.0,258.0,0,1.0,1.0
3,1,861,5,3.0,7.0,218.0,0,1.0,10.0
3,2,62,45,3.0,3.0,144.0,0,1.0,10.0
3,2,1344,48,3.0,6.0,117.0,0,1.0,4.0
3,3,923,49,2.0,8.0,295.0,0,1.0,5.0
3,4,516,38,3.0,3.0,38.0,0,1.0,2.0
3,4,1123,44,4.0,6.0,168.0,0,1.0,1.0
3,5,518,54,4.0,8.0,193.0,0,1.0,7.0
3,5,902,7,4.0,8.0,71.0,0,1.0,6.0
3,6,999,41,2.0,0.0,167.0,0,1.0,8.0
3,1,1093,70,4.0,9.0,42.0,0,1.0,4.0
2,2,1021,49,3.0,7.0,123.0,0,1.0,6.0
2,3,887,28,2.0,5.0,228.0,0,1.0,6.0
2,4,733,74,5.0,10.0,167.0,0,1.0,26.0
2,5,702,70,3.0,6.0,255.0,0,1.0,8.0
2,6,607,42,3.0,8.0,74.0,0,1.0,18.0
2,7,480,19,4.0,3.0,40.0,0,1.0,4.0
2,1,574,83,3.0,0.0,401.0,1,1.0,7.0
2,2,825,34,3.0,7.0,166.0,0,1.0,0.0
2,3,1038,64,3.0,6.0,183.0,0,1.0,1.0
2,6,1172,56,3.0,5.0,44.0,0,1.0,22.0
2,7,1274,59,4.0,8.0,44.0,0,1.0,2.0
2,2,116,6,3.0,0.0,103.0,0,1.0,7.0
2,2,1437,47,3.0,0.0,125.0,0,1.0,2.0
3,3,1259,19,3.0,5.0,252.0,0,1.0,1.0
3,4,1268,39,4.0,8.0,238.0,0,1.0,6.0
3,5,1318,15,4.0,5.0,73.0,0,1.0,3.0
3,6,1417,51,3.0,8.0,259.0,0,1.0,2.0
3,1,1212,37,3.0,4.0,356.0,0,1.0,15.0
3,2,555,28,4.0,3.0,88.0,0,1.0,1.0
3,3,610,11,4.0,0.0,44.0,0,1.0,4.0
3,4,292,38,4.0,5.0,97.0,0,1.0,54.0
3,4,1345,52,3.0,7.0,147.0,0,1.0,18.0
3,5,1432,20,4.0,3.0,59.0,0,1.0,0.0
3,7,115,29,4.0,9.0,57.0,0,1.0,1.0
3,1,646,55,2.0,0.0,340.0,1,1.0,2.0
11,2,164,34,0.0,7.0,373.0,0,1.0,51.0
11,2,764,16,0.0,3.0,218.0,0,1.0,0.0
11,2,1117,35,0.0,5.0,276.0,0,1.0,54.0
11,3,735,66,0.0,5.0,421.0,0,1.0,9.0
11,4,95,6,0.0,2.0,94.0,0,1.0,17.0
11,5,80,53,0.0,0.0,465.0,0,1.0,4.0
11,5,1095,56,0.0,2.0,175.0,0,1.0,6.0
11,6,1008,15,0.0,0.0,112.0,0,1.0,7.0
11,7,591,61,0.0,0.0,168.0,0,1.0,8.0
11,7,1106,0,0.0,0.0,269.0,0,1.0,40.0
11,1,648,34,0.0,4.0,108.0,0,1.0,31.0
11,1,899,11,0.0,7.0,376.0,0,1.0,2.0
11,2,480,41,0.0,8.0,264.0,0,1.0,18.0
11,2,1227,43,0.0,8.0,424.0,0,1.0,5.0
11,3,594,13,0.0,0.0,84.0,0,1.0,8.0
11,3,1352,0,0.0,5.0,274.0,0,1.0,2.0
12,5,554,65,0.0,8.0,211.0,0,1.0,21.0
12,5,1234,30,0.0,0.0,184.0,0,1.0,5.0
12,6,541,2,0.0,0.0,137.0,0,1.0,1.0
12,6,1399,1,0.0,0.0,176.0,0,1.0,46.0
12,7,736,26,0.0,5.0,265.0,0,1.0,14.0
12,7,1303,22,0.0,5.0,227.0,0,1.0,9.0
12,1,823,21,0.0,0.0,146.0,0,1.0,9.0
12,2,638,14,0.0,5.0,137.0,0,1.0,28.0
12,2,1152,55,0.0,4.0,420.0,0,1.0,11.0
12,3,607,10,0.0,7.0,355.0,0,1.0,34.0
12,4,647,30,0.0,5.0,76.0,0,1.0,3.0
12,4,1049,17,0.0,5.0,24.0,0,1.0,14.0
12,5,626,8,0.0,5.0,208.0,0,1.0,5.0
12,6,26,36,0.0,7.0,214.0,0,1.0,11.0
12,6,1238,26,0.0,10.0,381.0,0,1.0,7.0
12,1,630,62,0.0,5.0,63.0,0,1.0,4.0
12,2,359,1,0.0,10.0,89.0,0,1.0,5.0
11,2,523,11,0.0,0.0,126.0,0,1.0,9.0
11,3,581,63,0.0,9.0,103.0,0,1.0,5.0
11,3,989,23,0.0,8.0,246.0,0,1.0,7.0
11,4,510,35,0.0,6.0,72.0,0,1.0,4.0
11,4,849,37,0.0,10.0,249.0,0,1.0,43.0
11,5,294,78,0.0,5.0,889.0,0,1.0,7.0
11,5,1266,8,0.0,4.0,64.0,0,1.0,6.0
11,6,1183,4,0.0,0.0,181.0,0,1.0,9.0
11,7,963,17,0.0,4.0,223.0,0,1.0,11.0
11,1,622,52,0.0,6.0,169.0,0,1.0,16.0
11,2,746,61,0.0,8.0,528.0,0,1.0,80.0
11,2,1266,32,0.0,0.0,471.0,0,1.0,24.0
11,3,1081,3,0.0,0.0,300.0,0,1.0,43.0
11,4,583,0,0.0,0.0,131.0,0,1.0,21.0
11,4,854,39,0.0,7.0,476.0,0,1.0,23.0
12,5,413,36,0.0,9.0,270.0,0,1.0,27.0
12,5,1113,24,0.0,6.0,311.0,0,1.0,1.0
12,6,566,30,0.0,4.0,210.0,0,1.0,17.0
12,6,1229,29,0.0,8.0,143.0,0,1.0,28.0
12,7,924,25,0.0,5.0,374.0,0,1.0,4.0
12,1,579,31,0.0,0.0,140.0,0,1.0,24.0
12,1,1343,1,0.0,6.0,245.0,0,1.0,18.0
12,3,384,21,0.0,8.0,189.0,0,1.0,2.0
12,4,1225,50,0.0,0.0,159.0,0,1.0,19.0
12,5,894,5,0.0,5.0,146.0,0,1.0,4.0
12,6,452,23,0.0,7.0,208.0,0,1.0,4.0
12,6,1063,19,0.0,5.0,259.0,0,1.0,3.0
12,7,681,30,0.0,0.0,134.0,0,1.0,11.0
12,1,614,45,0.0,0.0,74.0,0,1.0,4.0
12,1,1042,23,0.0,3.0,187.0,0,1.0,46.0
8,2,41,8,5.0,5.0,69.0,0,1.0,11.0
8,2,585,76,3.0,3.0,245.0,0,1.0,32.0
8,2,968,50,4.0,10.0,237.0,0,1.0,23.0
8,2,510,38,3.0,9.0,279.0,0,1.0,0.0
8,2,765,52,3.0,3.0,255.0,0,1.0,20.0
8,3,668,70,2.0,0.0,202.0,0,1.0,2.0
8,3,1038,22,4.0,4.0,124.0,0,1.0,2.0
8,3,57,56,4.0,0.0,88.0,0,1.0,3.0
8,4,990,25,5.0,0.0,316.0,0,1.0,25.0
8,4,1028,54,4.0,6.0,311.0,1,1.0,15.0
8,4,421,46,4.0,7.0,126.0,0,1.0,8.0
8,4,812,81,3.0,0.0,158.0,0,1.0,13.0
8,4,881,49,3.0,10.0,119.0,0,1.0,19.0
8,5,1186,70,3.0,0.0,261.0,0,1.0,9.0
8,5,1310,50,3.0,0.0,170.0,0,1.0,5.0
8,6,1034,80,4.0,7.0,111.0,0,1.0,26.0
8,6,240,19,3.0,7.0,248.0,0,1.0,0.0
8,6,1010,15,3.0,4.0,89.0,0,1.0,9.0
8,6,1298,0,4.0,0.0,79.0,0,1.0,8.0
8,7,1370,61,3.0,0.0,547.0,0,1.0,35.0
8,7,1066,2,4.0,4.0,24.0,0,1.0,9.0
8,1,810,32,3.0,5.0,69.0,0,1.0,27.0
8,1,190,73,3.0,3.0,330.0,0,1.0,13.0
8,2,639,11,4.0,6.0,87.0,0,1.0,6.0
8,2,1133,61,3.0,3.0,47.0,0,1.0,7.0
8,2,829,44,5.0,0.0,36.0,0,1.0,11.0
8,3,86,45,3.0,8.0,94.0,0,1.0,13.0
8,3,328,60,3.0,9.0,510.0,0,1.0,2.0
8,3,1240,0,3.0,2.0,175.0,0,1.0,30.0
8,3,488,18,4.0,5.0,46.0,0,1.0,2.0
8,4,362,78,4.0,0.0,153.0,0,1.0,7.0
8,4,112,79,5.0,8.0,144.0,0,1.0,8.0
8,5,619,40,4.0,6.0,130.0,0,1.0,11.0
8,5,625,33,3.0,0.0,318.0,0,1.0,20.0
8,6,1143,41,3.0,0.0,159.0,0,1.0,7.0
8,7,525,38,2.0,7.0,346.0,0,1.0,6.0
8,7,804,33,3.0,8.0,422.0,0,1.0,6.0
8,1,1304,79,3.0,4.0,154.0,0,1.0,6.0
8,1,1174,54,4.0,8.0,86.0,0,1.0,6.0
8,1,970,45,3.0,5.0,38.0,0,1.0,6.0
8,2,979,54,3.0,7.0,193.0,0,1.0,1.0
8,2,550,41,4.0,7.0,86.0,0,1.0,1.0
8,2,1129,38,4.0,0.0,135.0,0,1.0,6.0
8,2,645,71,3.0,1.0,443.0,0,1.0,10.0
8,3,1216,71,5.0,6.0,74.0,0,1.0,4.0
8,3,408,52,3.0,10.0,104.0,0,1.0,25.0
8,3,829,68,4.0,0.0,81.0,0,1.0,4.0
8,3,1339,78,2.0,0.0,612.0,0,1.0,11.0
8,4,50,71,5.0,5.0,70.0,0,1.0,10.0
8,4,1341,30,5.0,3.0,72.0,0,1.0,6.0
8,5,1136,54,5.0,0.0,59.0,0,1.0,9.0
8,5,906,6,4.0,2.0,108.0,0,1.0,9.0
8,6,681,66,3.0,10.0,466.0,0,1.0,1.0
8,7,565,62,4.0,10.0,417.0,0,1.0,0.0
8,7,1048,5,4.0,4.0,133.0,0,1.0,9.0
8,7,1059,52,4.0,4.0,67.0,0,1.0,15.0
8,7,720,34,3.0,7.0,237.0,0,1.0,5.0
8,1,1236,24,4.0,2.0,58.0,0,1.0,10.0
8,1,1065,94,4.0,6.0,165.0,0,1.0,5.0
8,1,817,69,5.0,0.0,135.0,0,1.0,39.0
8,1,190,22,5.0,0.0,26.0,0,1.0,0.0
8,2,1087,15,4.0,0.0,113.0,0,1.0,3.0
8,2,1253,66,5.0,5.0,152.0,0,1.0,2.0
8,2,1291,40,3.0,8.0,114.0,0,1.0,4.0
8,2,1174,89,3.0,0.0,124.0,0,1.0,19.0
8,2,673,56,4.0,8.0,102.0,0,1.0,7.0
8,3,1255,60,4.0,0.0,328.0,0,1.0,49.0
8,3,516,45,5.0,4.0,114.0,0,1.0,11.0
8,4,581,70,4.0,10.0,239.0,0,1.0,4.0
8,4,380,20,3.0,8.0,190.0,0,1.0,10.0
8,4,1060,30,2.0,0.0,221.0,0,1.0,5.0
8,5,576,38,4.0,10.0,159.0,0,1.0,9.0
8,5,1037,11,3.0,4.0,138.0,0,1.0,17.0
8,5,932,69,3.0,0.0,119.0,0,1.0,32.0
8,6,649,53,4.0,8.0,59.0,0,1.0,5.0
8,6,1401,0,3.0,0.0,89.0,0,1.0,20.0
8,7,830,69,4.0,4.0,228.0,0,1.0,20.0
8,7,751,55,4.0,3.0,141.0,0,1.0,9.0
8,1,649,71,3.0,7.0,131.0,0,1.0,14.0
8,1,525,53,4.0,5.0,357.0,1,1.0,5.0
11,2,1080,9,7.0,10.0,44.0,0,1.0,7.0
11,4,598,10,7.0,8.0,46.0,0,1.0,3.0
11,6,961,79,7.0,3.0,344.0,0,1.0,9.0
11,2,755,19,7.0,6.0,205.0,1,1.0,24.0
11,2,1431,72,7.0,10.0,297.0,1,1.0,2.0
11,3,975,26,7.0,5.0,335.0,0,1.0,9.0
11,4,943,19,7.0,8.0,82.0,0,1.0,8.0
11,4,1168,68,7.0,9.0,175.0,0,1.0,0.0
11,4,1298,42,7.0,10.0,152.0,0,1.0,6.0
11,1,706,52,7.0,8.0,115.0,0,1.0,14.0
11,3,163,90,7.0,8.0,124.0,0,1.0,8.0
11,2,901,8,7.0,0.0,148.0,0,1.0,34.0
12,7,802,69,7.0,0.0,117.0,0,1.0,35.0
12,7,1136,42,7.0,8.0,40.0,0,1.0,6.0
12,1,1047,17,7.0,3.0,202.0,0,1.0,7.0
11,2,1082,63,7.0,4.0,277.0,0,1.0,9.0
11,4,960,23,7.0,0.0,130.0,0,1.0,26.0
12,5,458,15,7.0,0.0,71.0,0,1.0,5.0
12,5,950,30,7.0,5.0,220.0,1,1.0,8.0
12,6,527,67,7.0,3.0,50.0,0,1.0,9.0
12,1,817,91,7.0,1.0,202.0,0,1.0,0.0
12,7,561,65,7.0,8.0,192.0,0,1.0,26.0
12,2,595,40,7.0,7.0,198.0,1,1.0,23.0
12,3,834,45,7.0,10.0,56.0,0,1.0,5.0
12,3,1272,29,7.0,4.0,59.0,0,1.0,7.0
12,4,825,91,7.0,0.0,86.0,0,1.0,2.0
12,4,1221,17,7.0,8.0,78.0,0,1.0,18.0
12,5,673,52,7.0,7.0,186.0,0,1.0,3.0
12,5,858,17,7.0,0.0,50.0,0,1.0,27.0
12,7,858,59,7.0,6.0,1395.0,0,1.0,46.0
12,7,1081,57,7.0,3.0,1344.0,0,1.0,24.0
12,2,998,18,7.0,4.0,97.0,0,1.0,2.0
12,4,640,65,7.0,0.0,122.0,0,1.0,6.0
12,2,762,66,7.0,5.0,337.0,1,1.0,18.0
12,6,596,58,7.0,2.0,100.0,0,1.0,9.0
12,7,454,70,7.0,8.0,133.0,0,1.0,12.0
12,2,991,17,7.0,10.0,447.0,0,1.0,5.0
12,3,579,11,7.0,9.0,122.0,0,1.0,6.0
12,3,715,73,7.0,2.0,286.0,0,1.0,38.0
12,4,715,78,7.0,0.0,212.0,0,1.0,11.0
12,4,1168,25,7.0,3.0,111.0,0,1.0,2.0
12,3,871,74,7.0,7.0,150.0,0,1.0,16.0
12,6,491,16,7.0,8.0,72.0,0,1.0,0.0
12,1,919,49,7.0,3.0,173.0,0,1.0,15.0
12,7,651,66,7.0,0.0,344.0,1,1.0,2.0
12,5,487,84,7.0,0.0,235.0,0,1.0,2.0
12,5,988,50,7.0,9.0,68.0,0,1.0,2.0
12,6,1392,38,7.0,7.0,86.0,0,1.0,8.0
12,1,770,65,7.0,4.0,252.0,0,1.0,26.0
7,2,446,22,4.0,10.0,28.0,0,1.0,4.0
7,2,990,57,3.0,6.0,106.0,0,1.0,24.0
7,3,300,80,2.0,8.0,409.0,0,1.0,37.0
7,3,829,26,3.0,7.0,281.0,0,1.0,23.0
7,4,530,87,3.0,2.0,260.0,0,1.0,5.0
7,4,1065,56,3.0,10.0,74.0,0,1.0,6.0
7,5,256,37,3.0,8.0,159.0,0,1.0,8.0
7,5,847,12,3.0,8.0,326.0,0,1.0,0.0
7,5,1097,83,3.0,2.0,123.0,1,1.0,15.0
7,6,623,48,3.0,0.0,11.0,0,1.0,5.0
7,7,346,9,3.0,4.0,77.0,0,1.0,7.0
7,7,902,15,3.0,0.0,195.0,0,1.0,13.0
7,1,34,25,3.0,8.0,358.0,0,1.0,6.0
7,1,862,32,3.0,5.0,48.0,0,1.0,5.0
7,1,1435,5,3.0,4.0,122.0,0,1.0,0.0
7,2,619,39,3.0,5.0,272.0,0,1.0,0.0
7,2,1016,4,4.0,4.0,18.0,0,1.0,6.0
7,3,706,73,2.0,5.0,486.0,0,1.0,7.0
7,3,1205,7,3.0,2.0,244.0,0,1.0,0.0
7,4,1083,25,3.0,4.0,112.0,0,1.0,59.0
7,5,401,74,3.0,7.0,271.0,0,1.0,4.0
7,6,721,61,3.0,5.0,630.0,0,1.0,0.0
7,6,1268,64,3.0,5.0,170.0,0,1.0,0.0
7,7,576,57,3.0,0.0,307.0,0,1.0,21.0
7,7,1121,76,5.0,5.0,61.0,0,1.0,9.0
7,1,451,27,3.0,8.0,339.0,0,1.0,10.0
7,1,1077,62,3.0,9.0,179.0,0,1.0,18.0
7,2,423,2,5.0,2.0,44.0,0,1.0,9.0
7,2,951,57,3.0,8.0,330.0,0,1.0,5.0
7,2,1418,44,3.0,7.0,411.0,0,1.0,2.0
7,3,716,20,3.0,6.0,153.0,0,1.0,6.0
7,3,1182,34,3.0,0.0,188.0,0,1.0,26.0
7,4,552,57,3.0,0.0,249.0,0,1.0,2.0
7,4,926,44,3.0,6.0,189.0,0,1.0,8.0
7,5,745,60,3.0,8.0,347.0,0,1.0,13.0
7,5,1048,42,3.0,9.0,332.0,1,1.0,4.0
7,6,646,87,3.0,4.0,232.0,0,1.0,9.0
7,6,1090,39,3.0,8.0,158.0,0,1.0,18.0
7,7,423,41,3.0,7.0,135.0,0,1.0,3.0
7,1,480,16,3.0,0.0,161.0,0,1.0,2.0
7,1,1108,41,4.0,0.0,32.0,0,1.0,4.0
7,2,124,86,2.0,4.0,528.0,1,1.0,0.0
7,2,929,28,3.0,7.0,121.0,0,1.0,4.0
7,2,1427,1,3.0,7.0,110.0,0,1.0,3.0
7,3,717,61,2.0,8.0,272.0,0,1.0,6.0
7,3,1191,21,3.0,0.0,72.0,0,1.0,8.0
7,4,453,21,4.0,5.0,25.0,0,1.0,2.0
7,4,1258,84,3.0,0.0,362.0,1,1.0,0.0
7,5,825,47,3.0,5.0,53.0,0,1.0,2.0
7,5,1434,26,3.0,2.0,121.0,0,1.0,3.0
7,6,710,94,3.0,0.0,354.0,1,1.0,3.0
7,6,1338,22,3.0,10.0,462.0,0,1.0,6.0
7,7,1332,17,3.0,7.0,128.0,0,1.0,0.0
7,1,738,20,3.0,5.0,133.0,0,1.0,3.0
7,1,1184,84,3.0,6.0,944.0,1,1.0,9.0
1,2,887,53,3.0,9.0,538.0,1,1.0,10.0
1,4,627,37,3.0,0.0,307.0,0,1.0,6.0
1,5,965,39,4.0,0.0,489.0,0,1.0,40.0
1,5,545,13,4.0,7.0,240.0,0,1.0,8.0
1,6,646,30,3.0,10.0,254.0,0,1.0,6.0
1,7,589,23,3.0,6.0,157.0,0,1.0,1.0
1,1,1266,35,3.0,4.0,316.0,0,1.0,16.0
1,2,1099,19,3.0,3.0,327.0,0,1.0,48.0
1,3,949,32,4.0,0.0,357.0,0,1.0,0.0
1,3,553,20,3.0,0.0,98.0,0,1.0,1.0
1,4,838,23,3.0,8.0,177.0,0,1.0,0.0
1,4,1177,7,4.0,0.0,409.0,0,1.0,0.0
1,5,1047,52,3.0,7.0,252.0,1,1.0,12.0
1,1,167,52,3.0,8.0,272.0,0,1.0,5.0
1,2,982,46,3.0,0.0,98.0,0,1.0,0.0
1,2,574,15,4.0,0.0,227.0,0,1.0,15.0
2,3,884,56,2.0,0.0,277.0,0,1.0,0.0
2,4,806,30,4.0,0.0,223.0,0,1.0,7.0
2,4,677,26,3.0,10.0,631.0,1,1.0,0.0
2,5,1013,56,3.0,8.0,409.0,1,1.0,3.0
2,6,189,17,4.0,0.0,416.0,0,1.0,9.0
2,6,1186,51,3.0,7.0,346.0,0,1.0,23.0
2,6,770,31,4.0,7.0,175.0,0,1.0,0.0
2,1,700,51,2.0,8.0,370.0,0,1.0,16.0
2,2,564,36,3.0,8.0,82.0,0,1.0,2.0
2,4,1121,3,3.0,8.0,220.0,0,1.0,0.0
2,4,630,9,4.0,5.0,267.0,0,1.0,0.0
2,5,912,31,4.0,5.0,44.0,0,1.0,1.0
2,5,1237,40,3.0,4.0,144.0,0,1.0,8.0
2,5,32,72,3.0,7.0,844.0,0,1.0,6.0
2,6,1342,30,3.0,7.0,520.0,0,1.0,16.0
2,7,900,52,3.0,8.0,416.0,1,1.0,1.0
2,7,1239,63,4.0,8.0,96.0,0,1.0,4.0
2,1,819,19,4.0,8.0,106.0,0,1.0,0.0
2,1,482,37,3.0,8.0,93.0,0,1.0,0.0
1,6,407,20,3.0,5.0,112.0,0,1.0,11.0
1,3,1014,30,3.0,0.0,1615.0,1,1.0,17.0
1,3,1420,18,4.0,0.0,1047.0,0,1.0,155.0
1,5,1240,49,3.0,0.0,770.0,0,1.0,22.0
1,1,1103,22,5.0,0.0,43.0,0,1.0,39.0
1,3,659,43,3.0,0.0,1529.0,0,1.0,30.0
1,5,1056,12,3.0,0.0,1329.0,0,1.0,83.0
1,6,979,17,4.0,0.0,85.0,0,1.0,49.0
1,1,677,46,3.0,0.0,73.0,1,1.0,16.0
1,2,1199,16,3.0,0.0,11.0,1,1.0,11.0
2,3,186,32,4.0,0.0,745.0,0,1.0,48.0
2,3,1347,17,3.0,0.0,1003.0,0,1.0,13.0
2,4,521,25,3.0,0.0,467.0,0,1.0,42.0
2,5,981,13,3.0,0.0,1214.0,0,1.0,45.0
2,2,1002,53,3.0,0.0,41.0,0,1.0,25.0
2,3,830,50,4.0,3.0,1548.0,1,1.0,42.0
2,4,1141,17,4.0,0.0,133.0,0,1.0,43.0
2,6,1247,21,3.0,0.0,891.0,0,1.0,27.0
2,7,1104,39,4.0,0.0,1593.0,0,1.0,71.0
2,1,1050,34,3.0,0.0,1495.0,0,1.0,99.0
12,6,7,71,2.0,2.0,62.0,1,1.0,1.0
12,6,732,67,3.0,9.0,389.0,1,1.0,49.0
11,3,838,51,4.0,5.0,183.0,0,1.0,145.0
12,4,820,22,5.0,1.0,23.0,0,1.0,3.0
12,3,511,34,5.0,5.0,50.0,0,1.0,3.0
12,7,1155,60,4.0,8.0,107.0,0,1.0,43.0
11,2,523,63,4.0,6.0,102.0,0,1.0,6.0
12,5,815,31,4.0,2.0,73.0,0,1.0,17.0
6,4,1045,68,0.0,7.0,212.0,0,1.0,185.0
6,6,1223,46,0.0,3.0,135.0,0,1.0,104.0
6,5,1215,56,0.0,8.0,116.0,0,1.0,52.0
6,7,582,28,0.0,1.0,28.0,0,1.0,13.0
6,5,854,51,0.0,9.0,144.0,0,1.0,39.0
6,7,752,19,0.0,5.0,106.0,0,1.0,67.0
11,2,998,51,2.0,4.0,741.0,1,1.0,14.0
11,3,1083,42,2.0,0.0,198.0,0,1.0,34.0
11,4,449,63,3.0,5.0,273.0,0,1.0,91.0
11,5,964,84,3.0,8.0,190.0,0,1.0,4.0
11,5,1352,64,4.0,6.0,182.0,0,1.0,9.0
11,6,1111,70,4.0,3.0,114.0,0,1.0,3.0
11,7,664,39,3.0,10.0,574.0,0,1.0,10.0
11,7,1361,63,3.0,0.0,708.0,1,1.0,58.0
11,1,729,57,3.0,8.0,132.0,0,1.0,4.0
11,1,316,20,2.0,7.0,317.0,0,1.0,43.0
11,3,480,88,2.0,0.0,440.0,0,1.0,22.0
11,4,33,39,3.0,9.0,221.0,0,1.0,11.0
11,4,610,39,3.0,10.0,153.0,0,1.0,0.0
11,4,808,6,4.0,0.0,149.0,0,1.0,79.0
11,4,1040,74,3.0,10.0,271.0,0,1.0,17.0
11,4,1296,60,2.0,7.0,122.0,0,1.0,37.0
12,5,459,20,3.0,10.0,1663.0,0,1.0,6.0
12,6,1069,53,3.0,3.0,175.0,0,1.0,24.0
12,5,1347,2,4.0,2.0,89.0,0,1.0,25.0
12,7,628,13,3.0,6.0,265.0,0,1.0,35.0
12,1,264,38,3.0,8.0,95.0,0,1.0,62.0
12,2,46,27,3.0,5.0,229.0,0,1.0,19.0
12,3,773,18,2.0,3.0,511.0,1,1.0,75.0
12,3,1002,24,3.0,7.0,292.0,0,1.0,37.0
12,3,1291,19,3.0,8.0,558.0,0,1.0,78.0
12,4,724,46,4.0,5.0,248.0,0,1.0,23.0
12,5,1152,8,4.0,0.0,143.0,0,1.0,4.0
12,6,83,34,3.0,10.0,662.0,1,1.0,20.0
12,6,1111,67,3.0,9.0,239.0,0,1.0,14.0
12,7,611,56,2.0,0.0,445.0,1,1.0,13.0
12,1,457,30,4.0,8.0,196.0,0,1.0,58.0
12,1,790,27,5.0,7.0,86.0,0,1.0,3.0
12,1,971,76,2.0,10.0,427.0,1,1.0,19.0
12,2,493,89,4.0,10.0,96.0,0,1.0,20.0
12,3,477,86,3.0,0.0,528.0,1,1.0,77.0
12,4,67,35,3.0,10.0,730.0,1,1.0,2.0
12,6,799,40,3.0,10.0,218.0,0,1.0,2.0
12,6,464,41,2.0,8.0,251.0,0,1.0,19.0
12,1,461,90,4.0,9.0,306.0,0,1.0,6.0
12,1,1081,38,4.0,5.0,100.0,0,1.0,3.0
2,2,83,48,3.0,0.0,1539.0,1,1.0,54.0
2,2,718,36,2.0,5.0,1801.0,0,1.0,313.0
2,3,164,64,3.0,3.0,249.0,0,1.0,115.0
2,3,711,62,3.0,4.0,656.0,0,1.0,27.0
2,4,712,46,2.0,0.0,133.0,0,1.0,34.0
2,4,1187,65,2.0,0.0,2023.0,1,1.0,72.0
2,5,639,49,2.0,0.0,467.0,1,1.0,14.0
2,5,931,27,3.0,6.0,245.0,0,1.0,25.0
2,5,1310,60,3.0,0.0,418.0,0,1.0,168.0
2,6,565,35,2.0,0.0,282.0,1,1.0,10.0
2,6,843,94,3.0,0.0,265.0,0,1.0,11.0
2,6,1133,57,3.0,5.0,739.0,0,1.0,320.0
2,7,482,26,4.0,0.0,949.0,1,1.0,71.0
2,7,833,30,3.0,0.0,553.0,0,1.0,164.0
2,1,682,79,3.0,0.0,612.0,0,1.0,136.0
2,2,595,32,3.0,8.0,195.0,0,1.0,32.0
2,2,937,36,3.0,5.0,308.0,0,1.0,59.0
2,3,171,40,4.0,7.0,356.0,0,1.0,36.0
2,3,689,57,2.0,3.0,284.0,1,1.0,38.0
2,3,930,61,3.0,10.0,396.0,0,1.0,272.0
2,3,1266,49,3.0,10.0,977.0,0,1.0,227.0
2,4,693,72,3.0,0.0,1474.0,0,1.0,27.0
2,5,163,42,3.0,6.0,307.0,0,1.0,11.0
2,5,743,59,3.0,0.0,314.0,0,1.0,9.0
2,5,1200,23,3.0,0.0,555.0,0,1.0,321.0
2,6,511,50,3.0,6.0,301.0,0,1.0,147.0
2,6,765,65,3.0,0.0,518.0,0,1.0,139.0
2,6,1102,40,4.0,0.0,205.0,0,1.0,24.0
2,7,660,41,3.0,0.0,715.0,0,1.0,8.0
2,7,980,18,3.0,2.0,166.0,0,1.0,43.0
2,7,1370,56,2.0,9.0,185.0,1,1.0,8.0
2,1,981,82,3.0,8.0,498.0,0,1.0,411.0
2,1,1020,21,3.0,0.0,1046.0,0,1.0,172.0
2,2,209,42,3.0,9.0,512.0,0,1.0,18.0
2,2,725,36,2.0,0.0,196.0,0,1.0,41.0
2,2,946,23,2.0,5.0,216.0,1,1.0,12.0
3,3,400,69,3.0,0.0,340.0,0,1.0,70.0
3,3,819,50,3.0,4.0,202.0,0,1.0,32.0
3,3,1174,40,3.0,8.0,197.0,0,1.0,12.0
3,4,399,87,3.0,0.0,343.0,1,1.0,12.0
3,4,766,57,2.0,0.0,1059.0,1,1.0,6.0
3,4,990,87,3.0,9.0,117.0,0,1.0,92.0
3,5,727,61,3.0,3.0,639.0,1,1.0,174.0
3,5,1158,57,3.0,7.0,386.0,0,1.0,32.0
3,6,515,81,3.0,0.0,787.0,1,1.0,57.0
3,6,920,54,2.0,5.0,384.0,1,1.0,87.0
3,6,1094,20,3.0,4.0,734.0,1,1.0,19.0
3,7,288,27,3.0,10.0,728.0,1,1.0,144.0
3,7,923,26,4.0,2.0,550.0,0,1.0,20.0
3,1,622,70,3.0,8.0,758.0,0,1.0,310.0
3,1,924,28,2.0,0.0,150.0,0,1.0,30.0
3,1,1410,69,2.0,2.0,353.0,1,1.0,36.0
3,2,691,67,3.0,10.0,276.0,0,1.0,38.0
3,2,962,60,3.0,2.0,1929.0,1,1.0,321.0
3,2,1389,33,3.0,6.0,182.0,0,1.0,14.0
3,3,694,27,3.0,9.0,577.0,0,1.0,219.0
3,4,47,32,3.0,6.0,1221.0,1,1.0,159.0
3,4,796,42,4.0,3.0,140.0,0,1.0,96.0
3,4,1062,19,4.0,10.0,152.0,0,1.0,64.0
3,5,41,60,3.0,10.0,686.0,1,1.0,64.0
3,5,707,75,2.0,0.0,553.0,1,1.0,37.0
3,5,1073,68,3.0,0.0,1460.0,1,1.0,81.0
3,6,364,37,2.0,0.0,381.0,1,1.0,25.0
3,6,808,63,3.0,0.0,407.0,0,1.0,118.0
3,7,1083,63,3.0,8.0,798.0,0,1.0,70.0
3,1,727,27,3.0,2.0,81.0,0,1.0,22.0
3,1,1259,72,3.0,7.0,573.0,0,1.0,83.0
2,2,1289,13,5.0,4.0,190.0,0,1.0,153.0
2,3,949,8,4.0,6.0,115.0,0,1.0,24.0
2,5,655,53,3.0,0.0,106.0,0,1.0,15.0
2,5,1330,3,2.0,0.0,447.0,0,1.0,23.0
2,6,964,22,3.0,8.0,268.0,0,1.0,19.0
2,7,432,4,4.0,0.0,385.0,1,1.0,6.0
2,7,1192,18,5.0,5.0,81.0,0,1.0,24.0
2,1,828,2,2.0,0.0,437.0,1,1.0,8.0
2,2,627,12,4.0,3.0,75.0,0,1.0,7.0
2,2,1259,3,3.0,0.0,76.0,0,1.0,3.0
2,3,893,8,2.0,0.0,515.0,1,1.0,35.0
2,4,665,14,4.0,5.0,203.0,0,1.0,44.0
2,4,1398,4,2.0,2.0,140.0,0,1.0,26.0
2,5,1322,10,3.0,5.0,171.0,0,1.0,21.0
2,6,961,4,4.0,6.0,22.0,0,1.0,2.0
2,7,535,2,4.0,0.0,195.0,0,1.0,4.0
2,7,1150,1,4.0,0.0,217.0,0,1.0,22.0
2,1,997,8,3.0,4.0,341.0,0,1.0,16.0
2,2,762,15,3.0,0.0,216.0,0,1.0,29.0
2,2,1232,8,4.0,0.0,69.0,0,1.0,14.0
3,3,1031,1,4.0,0.0,67.0,0,1.0,14.0
3,4,743,0,3.0,0.0,184.0,0,1.0,174.0
3,4,911,9,4.0,2.0,470.0,1,1.0,73.0
3,4,1190,4,4.0,2.0,182.0,0,1.0,149.0
3,5,714,38,3.0,4.0,527.0,0,1.0,52.0
3,6,258,3,3.0,0.0,863.0,1,1.0,19.0
3,6,823,1,3.0,0.0,324.0,0,1.0,25.0
3,6,1304,0,4.0,0.0,148.0,0,1.0,55.0
3,7,905,0,3.0,0.0,58.0,0,1.0,17.0
3,1,557,4,4.0,2.0,94.0,0,1.0,42.0
3,1,1345,16,3.0,8.0,134.0,0,1.0,9.0
3,2,660,9,3.0,6.0,146.0,0,1.0,27.0
3,3,328,0,4.0,0.0,52.0,0,1.0,16.0
3,3,1038,6,4.0,4.0,95.0,0,1.0,31.0
3,4,724,3,3.0,4.0,546.0,0,1.0,5.0
3,4,1207,1,4.0,5.0,104.0,0,1.0,14.0
3,5,818,13,3.0,3.0,220.0,0,1.0,33.0
3,5,1201,7,4.0,10.0,84.0,0,1.0,59.0
3,6,791,16,4.0,4.0,331.0,0,1.0,151.0
3,6,1075,16,4.0,5.0,189.0,0,1.0,17.0
3,7,711,2,4.0,0.0,114.0,0,1.0,58.0
3,7,1427,15,4.0,5.0,65.0,0,1.0,19.0
3,1,921,12,4.0,6.0,180.0,0,1.0,51.0
9,2,737,12,4.0,6.0,271.0,0,1.0,21.0
10,3,1105,68,3.0,8.0,370.0,0,1.0,15.0
9,2,625,43,3.0,10.0,515.0,0,1.0,2.0
10,1,1298,59,3.0,7.0,651.0,1,1.0,25.0
10,2,1303,40,4.0,0.0,320.0,0,1.0,2.0
10,1,277,41,3.0,6.0,286.0,0,1.0,17.0
9,4,1179,58,3.0,6.0,300.0,0,1.0,2.0
10,5,170,25,4.0,8.0,172.0,0,1.0,8.0
10,3,602,63,3.0,10.0,513.0,1,1.0,2.0
9,2,1016,56,4.0,10.0,299.0,0,1.0,12.0
10,2,652,51,2.0,9.0,303.0,1,1.0,8.0
9,6,729,68,3.0,0.0,285.0,0,1.0,19.0
10,2,134,83,3.0,2.0,142.0,1,1.0,19.0
10,3,198,44,3.0,9.0,467.0,0,1.0,17.0
9,5,632,69,3.0,10.0,269.0,1,1.0,3.0
10,1,615,7,4.0,4.0,231.0,0,1.0,14.0
10,4,1197,35,4.0,9.0,281.0,0,1.0,6.0
10,1,51,54,4.0,8.0,298.0,0,1.0,54.0
10,6,22,31,2.0,0.0,282.0,0,1.0,6.0
10,6,1171,59,3.0,8.0,304.0,0,1.0,59.0
10,2,678,18,3.0,10.0,295.0,0,1.0,7.0
10,5,1054,82,4.0,3.0,343.0,0,1.0,53.0
10,6,1187,45,4.0,9.0,263.0,0,1.0,3.0
10,2,811,23,4.0,10.0,413.0,0,1.0,50.0
10,7,1193,9,2.0,3.0,360.0,0,1.0,25.0
10,1,999,27,2.0,10.0,271.0,0,1.0,36.0
10,1,932,30,5.0,7.0,316.0,0,1.0,7.0
10,4,1059,42,4.0,4.0,191.0,0,1.0,76.0
10,5,890,61,4.0,10.0,303.0,0,1.0,3.0
10,4,652,17,3.0,7.0,238.0,0,1.0,8.0
10,6,603,34,4.0,8.0,202.0,0,1.0,34.0
9,5,953,19,3.0,8.0,354.0,0,1.0,11.0
10,6,928,33,2.0,10.0,296.0,0,1.0,47.0
10,5,219,37,3.0,10.0,284.0,0,1.0,45.0
10,4,1170,12,4.0,7.0,117.0,0,1.0,6.0
10,7,755,31,3.0,10.0,368.0,0,1.0,23.0
10,1,903,29,3.0,1.0,243.0,0,1.0,18.0
10,5,494,65,3.0,5.0,188.0,0,1.0,64.0
10,2,318,36,4.0,7.0,140.0,0,1.0,3.0
10,2,867,39,3.0,2.0,318.0,0,1.0,36.0
10,3,729,60,3.0,9.0,475.0,1,1.0,5.0
10,7,1257,70,3.0,3.0,748.0,1,1.0,2.0
9,5,1247,44,3.0,10.0,215.0,0,1.0,15.0
4,2,512,32,4.0,7.0,171.0,0,1.0,5.0
4,4,599,73,4.0,0.0,471.0,0,1.0,90.0
4,3,1049,24,3.0,7.0,151.0,0,1.0,15.0
4,2,1356,86,2.0,1.0,109.0,0,1.0,5.0
4,4,1170,39,3.0,7.0,155.0,0,1.0,15.0
4,2,1171,81,2.0,3.0,179.0,0,1.0,10.0
4,2,631,31,3.0,8.0,74.0,0,1.0,34.0
4,7,625,54,3.0,3.0,122.0,0,1.0,12.0
4,4,685,56,3.0,5.0,135.0,0,1.0,16.0
4,4,681,63,3.0,5.0,64.0,0,1.0,9.0
4,5,960,25,3.0,0.0,221.0,0,1.0,5.0
4,5,627,34,3.0,9.0,74.0,0,1.0,9.0
4,5,1301,74,2.0,3.0,78.0,0,1.0,2.0
4,6,1259,45,3.0,8.0,107.0,0,1.0,6.0
4,6,1371,55,3.0,0.0,793.0,0,1.0,24.0
4,6,726,74,3.0,5.0,137.0,0,1.0,8.0
4,6,1309,42,3.0,7.0,108.0,0,1.0,18.0
4,7,37,56,3.0,8.0,170.0,0,1.0,8.0
4,2,1125,42,3.0,5.0,178.0,0,1.0,0.0
4,2,1234,44,2.0,10.0,139.0,0,1.0,0.0
4,2,599,77,3.0,10.0,214.0,0,1.0,10.0
4,3,639,32,3.0,6.0,219.0,0,1.0,29.0
4,3,589,12,3.0,6.0,363.0,0,1.0,14.0
4,3,814,69,3.0,6.0,572.0,0,1.0,53.0
4,3,1281,29,3.0,5.0,114.0,0,1.0,11.0
4,2,9,25,3.0,7.0,136.0,0,1.0,2.0
4,4,312,36,3.0,0.0,148.0,0,1.0,1.0
4,4,1425,17,3.0,3.0,155.0,0,1.0,10.0
4,3,974,31,3.0,3.0,116.0,0,1.0,5.0
4,2,550,86,3.0,0.0,250.0,0,1.0,3.0
4,2,402,26,3.0,3.0,293.0,0,1.0,8.0
4,1,1286,26,3.0,9.0,169.0,0,1.0,8.0
4,1,718,12,3.0,7.0,102.0,0,1.0,25.0
4,1,1118,58,2.0,0.0,147.0,0,1.0,9.0
4,1,1052,46,3.0,7.0,116.0,0,1.0,2.0
4,7,123,39,3.0,3.0,290.0,0,1.0,5.0
4,5,494,36,3.0,0.0,311.0,0,1.0,18.0
4,5,441,71,3.0,3.0,279.0,0,1.0,41.0
4,5,438,44,3.0,9.0,167.0,0,1.0,10.0
4,4,564,54,3.0,5.0,146.0,0,1.0,3.0
4,4,59,25,3.0,6.0,176.0,0,1.0,3.0
4,7,942,51,3.0,10.0,168.0,0,1.0,4.0
4,7,796,21,3.0,5.0,174.0,0,1.0,8.0
4,7,353,73,3.0,0.0,312.0,0,1.0,7.0
5,1,804,44,3.0,0.0,162.0,0,1.0,2.0
5,1,950,27,3.0,1.0,270.0,0,1.0,0.0
5,1,831,37,3.0,5.0,254.0,0,1.0,4.0
5,5,1416,43,3.0,0.0,184.0,0,1.0,4.0
5,4,550,39,3.0,8.0,115.0,0,1.0,7.0
4,6,795,19,3.0,8.0,70.0,0,1.0,1.0
4,7,1053,50,2.0,4.0,158.0,0,1.0,0.0
4,6,1147,2,3.0,0.0,119.0,0,1.0,3.0
4,7,540,25,3.0,2.0,145.0,0,1.0,6.0
4,7,1293,26,3.0,0.0,63.0,0,1.0,9.0
4,6,1079,94,3.0,6.0,190.0,0,1.0,23.0
4,5,847,48,3.0,9.0,199.0,0,1.0,2.0
4,5,337,27,3.0,10.0,98.0,0,1.0,3.0
4,6,1019,16,2.0,2.0,369.0,0,1.0,11.0
4,3,886,86,2.0,0.0,244.0,0,1.0,5.0
4,7,1029,32,3.0,8.0,166.0,0,1.0,3.0
4,7,755,20,3.0,7.0,121.0,0,1.0,1.0
4,7,235,40,2.0,0.0,218.0,0,1.0,5.0
4,2,543,91,3.0,0.0,327.0,0,1.0,3.0
4,4,874,8,3.0,0.0,93.0,0,1.0,5.0
4,4,28,53,3.0,6.0,382.0,0,1.0,3.0
4,4,541,42,3.0,6.0,314.0,0,1.0,12.0
4,4,471,67,3.0,5.0,109.0,0,1.0,5.0
4,4,1269,19,3.0,6.0,91.0,0,1.0,16.0
5,3,908,75,3.0,0.0,97.0,0,1.0,2.0
4,3,393,61,3.0,6.0,82.0,0,1.0,8.0
4,3,381,35,3.0,4.0,134.0,0,1.0,19.0
4,3,520,59,3.0,5.0,20.0,0,1.0,6.0
4,4,389,32,3.0,10.0,184.0,0,1.0,6.0
4,1,839,41,3.0,5.0,96.0,0,1.0,2.0
4,1,1389,31,3.0,0.0,131.0,0,1.0,9.0
4,2,953,20,3.0,5.0,117.0,0,1.0,4.0
5,4,840,84,3.0,4.0,250.0,0,1.0,15.0
4,7,904,19,3.0,5.0,132.0,0,1.0,8.0
5,1,681,48,3.0,9.0,305.0,0,1.0,3.0
5,1,1111,75,3.0,8.0,99.0,0,1.0,3.0
5,1,840,69,2.0,9.0,145.0,0,1.0,14.0
5,5,1413,79,3.0,0.0,117.0,0,1.0,1.0
5,4,730,44,3.0,5.0,410.0,0,1.0,2.0
4,2,825,51,3.0,6.0,205.0,0,1.0,11.0
4,6,1096,39,3.0,2.0,188.0,0,1.0,4.0
5,4,1099,72,2.0,3.0,116.0,0,1.0,10.0
5,5,831,55,3.0,7.0,273.0,0,1.0,12.0
5,2,1030,38,3.0,5.0,125.0,0,1.0,16.0
5,2,1279,25,3.0,7.0,46.0,0,1.0,10.0
5,3,1102,4,3.0,4.0,128.0,0,1.0,18.0
5,3,1196,22,3.0,0.0,54.0,0,1.0,7.0
5,5,56,20,3.0,2.0,104.0,0,1.0,7.0
5,5,1386,39,3.0,5.0,214.0,0,1.0,9.0
5,5,812,79,3.0,0.0,230.0,0,1.0,14.0
5,6,410,25,3.0,8.0,50.0,0,1.0,18.0
5,6,212,43,3.0,7.0,258.0,0,1.0,1.0
5,6,1400,21,3.0,6.0,310.0,0,1.0,5.0
5,7,977,51,3.0,10.0,208.0,0,1.0,36.0
5,7,362,21,3.0,6.0,208.0,0,1.0,4.0
5,7,790,38,3.0,6.0,55.0,0,1.0,8.0
5,1,902,15,3.0,2.0,163.0,0,1.0,8.0
5,1,616,30,3.0,5.0,179.0,0,1.0,9.0
5,1,653,45,3.0,5.0,172.0,0,1.0,37.0
4,1,49,44,3.0,8.0,106.0,0,1.0,2.0
4,1,1156,23,3.0,0.0,169.0,0,1.0,6.0
6,2,149,48,3.0,6.0,275.0,0,1.0,20.0
6,3,1216,41,3.0,5.0,144.0,0,1.0,42.0
6,4,648,56,3.0,0.0,361.0,0,1.0,65.0
6,5,957,57,2.0,0.0,434.0,0,1.0,20.0
6,6,251,32,3.0,9.0,399.0,0,1.0,70.0
6,7,715,18,2.0,10.0,676.0,0,1.0,50.0
6,1,1,31,1.0,5.0,547.0,0,1.0,14.0
6,1,1077,45,3.0,10.0,635.0,1,1.0,20.0
6,2,598,57,3.0,8.0,309.0,0,1.0,19.0
6,2,1186,53,3.0,10.0,547.0,0,1.0,121.0
6,3,722,32,3.0,0.0,485.0,0,1.0,6.0
6,4,364,71,3.0,0.0,666.0,0,1.0,97.0
6,5,849,73,3.0,9.0,647.0,1,1.0,84.0
6,6,386,20,2.0,8.0,267.0,0,1.0,60.0
6,7,690,10,1.0,8.0,589.0,0,1.0,11.0
6,7,1359,31,0.0,6.0,964.0,1,1.0,78.0
6,1,1007,29,3.0,8.0,299.0,0,1.0,32.0
6,2,608,80,2.0,0.0,1698.0,1,1.0,8.0
6,3,594,49,3.0,0.0,304.0,0,1.0,29.0
6,3,1197,34,1.0,9.0,636.0,0,1.0,1.0
6,4,761,54,3.0,0.0,461.0,0,1.0,46.0
6,6,707,45,3.0,0.0,191.0,0,1.0,109.0
6,7,36,63,4.0,10.0,289.0,0,1.0,37.0
6,7,985,51,3.0,6.0,761.0,1,1.0,346.0
6,1,371,41,3.0,0.0,188.0,0,1.0,47.0
6,2,786,71,2.0,2.0,537.0,1,1.0,53.0
6,3,40,37,3.0,6.0,408.0,0,1.0,5.0
6,3,1047,75,1.0,0.0,1349.0,0,1.0,9.0
6,4,555,36,3.0,6.0,91.0,0,1.0,78.0
7,6,1113,15,5.0,0.0,22.0,0,1.0,9.0
7,1,1093,66,3.0,4.0,875.0,1,1.0,57.0
6,2,1331,52,3.0,0.0,595.0,0,1.0,10.0
6,4,243,56,3.0,0.0,2262.0,1,1.0,91.0
6,4,1407,37,4.0,4.0,2153.0,0,1.0,64.0
6,5,1437,41,3.0,0.0,852.0,0,1.0,43.0
6,6,1427,33,4.0,0.0,804.0,0,1.0,14.0
6,7,1021,34,3.0,0.0,130.0,0,1.0,84.0
6,1,688,48,4.0,0.0,194.0,0,1.0,10.0
6,2,251,71,2.0,0.0,594.0,0,1.0,1.0
6,3,1079,46,4.0,0.0,1141.0,0,1.0,34.0
6,6,729,34,4.0,0.0,4266.0,0,1.0,113.0
6,7,252,28,4.0,0.0,533.0,0,1.0,20.0
6,7,1195,38,4.0,0.0,4118.0,0,1.0,22.0
6,2,936,34,2.0,0.0,4477.0,1,1.0,25.0
6,1,789,57,3.0,0.0,2777.0,0,1.0,16.0
6,3,388,48,4.0,6.0,587.0,0,1.0,44.0
6,4,218,45,3.0,0.0,641.0,0,1.0,21.0
6,4,1216,34,3.0,0.0,2423.0,0,1.0,22.0
6,6,1178,35,3.0,9.0,2777.0,1,1.0,126.0
6,7,1089,62,2.0,1.0,3083.0,1,1.0,25.0
6,1,1247,29,3.0,0.0,2288.0,0,1.0,34.0
6,2,935,64,4.0,0.0,933.0,0,1.0,11.0
6,3,1408,66,3.0,0.0,847.0,0,1.0,17.0
6,4,527,33,4.0,0.0,4445.0,0,1.0,24.0
6,4,1327,58,4.0,0.0,1075.0,0,1.0,14.0
6,5,1146,34,2.0,0.0,170.0,1,1.0,20.0
7,7,894,64,3.0,7.0,426.0,0,1.0,19.0
7,1,831,71,3.0,0.0,3461.0,1,1.0,16.0
7,6,600,46,7.0,4.0,90.0,0,1.0,5.0
11,6,1017,21,3.0,3.0,178.0,0,1.0,6.0
12,4,1260,22,3.0,8.0,130.0,0,1.0,74.0
12,5,419,56,4.0,3.0,94.0,0,1.0,13.0
11,2,596,44,4.0,6.0,203.0,0,1.0,105.0
12,6,802,31,5.0,6.0,42.0,0,1.0,16.0
